iat_va,dll,name,hint
0x01358C80,TAPI32.dll,lineAnswer,35
0x01358C84,TAPI32.dll,lineClose,39
0x01358C88,TAPI32.dll,lineGetDevCaps,101
0x01358C8C,TAPI32.dll,lineGetID,109
0x01358C90,TAPI32.dll,lineInitialize,139
0x01358C94,TAPI32.dll,lineMakeCall,142
0x01358C98,TAPI32.dll,lineNegotiateAPIVersion,148
0x01358C9C,TAPI32.dll,lineOpen,150
0x01358CA0,TAPI32.dll,lineShutdown,208
0x01358CA8,NETAPI32.dll,Netbios,273
0x01358CB0,WS2_32.dll,WSAIoctl,73
0x01358CB4,WS2_32.dll,getsockopt,6
0x01358CB8,WS2_32.dll,recv,15
0x01358CBC,WS2_32.dll,recvfrom,16
0x01358CC0,WS2_32.dll,setsockopt,20
0x01358CC8,KERNEL32.dll,AllocConsole,19
0x01358CCC,KERNEL32.dll,CloseHandle,84
0x01358CD0,KERNEL32.dll,CompareStringA,99
0x01358CD4,KERNEL32.dll,CompareStringW,102
0x01358CD8,KERNEL32.dll,CopyFileA,114
0x01358CDC,KERNEL32.dll,CreateDirectoryA,126
0x01358CE0,KERNEL32.dll,CreateDirectoryW,131
0x01358CE4,KERNEL32.dll,CreateEventA,132
0x01358CE8,KERNEL32.dll,CreateFileA,138
0x01358CEC,KERNEL32.dll,CreateFileMappingA,139
0x01358CF0,KERNEL32.dll,CreateFileW,145
0x01358CF4,KERNEL32.dll,CreateMutexA,157
0x01358CF8,KERNEL32.dll,CreateMutexW,160
0x01358CFC,KERNEL32.dll,CreateProcessA,166
0x01358D00,KERNEL32.dll,CreateThread,183
0x01358D04,KERNEL32.dll,CreateToolhelp32Snapshot,192
0x01358D08,KERNEL32.dll,DebugBreak,201
0x01358D0C,KERNEL32.dll,DeleteCriticalSection,211
0x01358D10,KERNEL32.dll,DeleteFileA,213
0x01358D14,KERNEL32.dll,DosDateTimeToFileTime,230
0x01358D18,KERNEL32.dll,EnterCriticalSection,240
0x01358D1C,KERNEL32.dll,EnumSystemLocalesA,271
0x01358D20,KERNEL32.dll,ExitProcess,283
0x01358D24,KERNEL32.dll,FileTimeToDosDateTime,293
0x01358D28,KERNEL32.dll,FindClose,304
0x01358D2C,KERNEL32.dll,FindFirstFileA,308
0x01358D30,KERNEL32.dll,FindNextFileA,325
0x01358D34,KERNEL32.dll,FindResourceA,333
0x01358D38,KERNEL32.dll,FindResourceW,336
0x01358D3C,KERNEL32.dll,FormatMessageA,351
0x01358D40,KERNEL32.dll,FormatMessageW,352
0x01358D44,KERNEL32.dll,FreeConsole,353
0x01358D48,KERNEL32.dll,FreeLibrary,356
0x01358D4C,KERNEL32.dll,GetACP,362
0x01358D50,KERNEL32.dll,GetCPInfo,372
0x01358D54,KERNEL32.dll,GetCommConfig,386
0x01358D58,KERNEL32.dll,GetCommState,390
0x01358D5C,KERNEL32.dll,GetCommandLineA,392
0x01358D60,KERNEL32.dll,GetComputerNameA,398
0x01358D64,KERNEL32.dll,GetConsoleScreenBufferInfo,436
0x01358D68,KERNEL32.dll,GetConsoleTitleA,439
0x01358D6C,KERNEL32.dll,GetCurrentDirectoryA,448
0x01358D70,KERNEL32.dll,GetCurrentProcess,450
0x01358D74,KERNEL32.dll,GetCurrentProcessId,451
0x01358D78,KERNEL32.dll,GetCurrentThread,454
0x01358D7C,KERNEL32.dll,GetCurrentThreadId,455
0x01358D80,KERNEL32.dll,GetDateFormatA,456
0x01358D84,KERNEL32.dll,GetDateFormatW,458
0x01358D88,KERNEL32.dll,GetDiskFreeSpaceExA,463
0x01358D8C,KERNEL32.dll,GetDriveTypeA,468
0x01358D90,KERNEL32.dll,GetEnvironmentStrings,474
0x01358D94,KERNEL32.dll,GetEnvironmentVariableA,477
0x01358D98,KERNEL32.dll,GetEnvironmentVariableW,478
0x01358D9C,KERNEL32.dll,GetExitCodeProcess,481
0x01358DA0,KERNEL32.dll,GetExitCodeThread,482
0x01358DA4,KERNEL32.dll,GetFileInformationByHandle,492
0x01358DA8,KERNEL32.dll,GetFileSize,496
0x01358DAC,KERNEL32.dll,GetFileType,499
0x01358DB0,KERNEL32.dll,GetFullPathNameA,504
0x01358DB4,KERNEL32.dll,GetLastError,514
0x01358DB8,KERNEL32.dll,GetLocalTime,515
0x01358DBC,KERNEL32.dll,GetLocaleInfoA,516
0x01358DC0,KERNEL32.dll,GetModuleFileNameA,531
0x01358DC4,KERNEL32.dll,GetModuleFileNameW,532
0x01358DC8,KERNEL32.dll,GetModuleHandleA,533
0x01358DCC,KERNEL32.dll,GetNumberOfConsoleInputEvents,565
0x01358DD0,KERNEL32.dll,GetOverlappedResult,568
0x01358DD4,KERNEL32.dll,GetPriorityClass,570
0x01358DD8,KERNEL32.dll,GetProcAddress,581
0x01358DDC,KERNEL32.dll,GetProcessHeap,586
0x01358DE0,KERNEL32.dll,GetStartupInfoA,611
0x01358DE4,KERNEL32.dll,GetStdHandle,613
0x01358DE8,KERNEL32.dll,GetStringTypeA,615
0x01358DEC,KERNEL32.dll,GetStringTypeExW,617
0x01358DF0,KERNEL32.dll,GetStringTypeW,618
0x01358DF4,KERNEL32.dll,GetSystemInfo,628
0x01358DF8,KERNEL32.dll,GetSystemTimeAsFileTime,634
0x01358DFC,KERNEL32.dll,GetTempFileNameA,643
0x01358E00,KERNEL32.dll,GetTempPathA,645
0x01358E04,KERNEL32.dll,GetThreadLocale,653
0x01358E08,KERNEL32.dll,GetThreadPriority,655
0x01358E0C,KERNEL32.dll,GetTickCount,661
0x01358E10,KERNEL32.dll,GetTimeFormatA,662
0x01358E14,KERNEL32.dll,GetTimeFormatW,664
0x01358E18,KERNEL32.dll,GetTimeZoneInformation,665
0x01358E1C,KERNEL32.dll,GetVersion,675
0x01358E20,KERNEL32.dll,GetVersionExA,676
0x01358E24,KERNEL32.dll,GetVolumeInformationA,678
0x01358E28,KERNEL32.dll,GlobalAlloc,693
0x01358E2C,KERNEL32.dll,GlobalFree,700
0x01358E30,KERNEL32.dll,GlobalMemoryStatus,705
0x01358E34,KERNEL32.dll,GlobalReAlloc,707
0x01358E38,KERNEL32.dll,GlobalSize,708
0x01358E3C,KERNEL32.dll,HeapAlloc,717
0x01358E40,KERNEL32.dll,HeapCreate,719
0x01358E44,KERNEL32.dll,HeapFree,721
0x01358E48,KERNEL32.dll,HeapSetInformation,725
0x01358E4C,KERNEL32.dll,InitializeCriticalSection,741
0x01358E50,KERNEL32.dll,InterlockedCompareExchange,748
0x01358E54,KERNEL32.dll,InterlockedDecrement,749
0x01358E58,KERNEL32.dll,InterlockedExchange,750
0x01358E5C,KERNEL32.dll,InterlockedIncrement,753
0x01358E60,KERNEL32.dll,IsBadCodePtr,757
0x01358E64,KERNEL32.dll,IsBadReadPtr,760
0x01358E68,KERNEL32.dll,IsProcessorFeaturePresent,773
0x01358E6C,KERNEL32.dll,LCMapStringA,812
0x01358E70,KERNEL32.dll,LCMapStringW,814
0x01358E74,KERNEL32.dll,LeaveCriticalSection,826
0x01358E78,KERNEL32.dll,LoadLibraryA,829
0x01358E7C,KERNEL32.dll,LoadResource,834
0x01358E80,KERNEL32.dll,LocalAlloc,837
0x01358E84,KERNEL32.dll,LocalFree,841
0x01358E88,KERNEL32.dll,LockResource,852
0x01358E8C,KERNEL32.dll,MapViewOfFile,855
0x01358E90,KERNEL32.dll,MapViewOfFileEx,856
0x01358E94,KERNEL32.dll,Module32First,858
0x01358E98,KERNEL32.dll,Module32Next,860
0x01358E9C,KERNEL32.dll,MulDiv,870
0x01358EA0,KERNEL32.dll,MultiByteToWideChar,871
0x01358EA4,KERNEL32.dll,OpenEventA,884
0x01358EA8,KERNEL32.dll,OutputDebugStringA,905
0x01358EAC,KERNEL32.dll,OutputDebugStringW,906
0x01358EB0,KERNEL32.dll,PurgeComm,923
0x01358EB4,KERNEL32.dll,QueryPerformanceCounter,935
0x01358EB8,KERNEL32.dll,QueryPerformanceFrequency,936
0x01358EBC,KERNEL32.dll,RaiseException,945
0x01358EC0,KERNEL32.dll,ReadConsoleInputA,949
0x01358EC4,KERNEL32.dll,ReadFile,960
0x01358EC8,KERNEL32.dll,ReadProcessMemory,963
0x01358ECC,KERNEL32.dll,ReleaseMutex,1018
0x01358ED0,KERNEL32.dll,RemoveDirectoryA,1024
0x01358ED4,KERNEL32.dll,ResumeThread,1044
0x01358ED8,KERNEL32.dll,SetCommConfig,1061
0x01358EDC,KERNEL32.dll,SetCommMask,1062
0x01358EE0,KERNEL32.dll,SetCommState,1063
0x01358EE4,KERNEL32.dll,SetCommTimeouts,1064
0x01358EE8,KERNEL32.dll,SetConsoleCtrlHandler,1071
0x01358EEC,KERNEL32.dll,SetConsoleCursorInfo,1073
0x01358EF0,KERNEL32.dll,SetConsoleMode,1087
0x01358EF4,KERNEL32.dll,SetConsoleScreenBufferSize,1095
0x01358EF8,KERNEL32.dll,SetConsoleTitleA,1097
0x01358EFC,KERNEL32.dll,SetConsoleWindowInfo,1099
0x01358F00,KERNEL32.dll,SetCurrentDirectoryA,1102
0x01358F04,KERNEL32.dll,SetEndOfFile,1110
0x01358F08,KERNEL32.dll,SetErrorMode,1115
0x01358F0C,KERNEL32.dll,SetEvent,1116
0x01358F10,KERNEL32.dll,SetFilePointer,1128
0x01358F14,KERNEL32.dll,SetFileTime,1132
0x01358F18,KERNEL32.dll,SetNamedPipeHandleState,1150
0x01358F1C,KERNEL32.dll,SetPriorityClass,1151
0x01358F20,KERNEL32.dll,SetThreadPriority,1180
0x01358F24,KERNEL32.dll,SetUnhandledExceptionFilter,1192
0x01358F28,KERNEL32.dll,SetupComm,1202
0x01358F2C,KERNEL32.dll,SizeofResource,1205
0x01358F30,KERNEL32.dll,Sleep,1206
0x01358F34,KERNEL32.dll,SuspendThread,1214
0x01358F38,KERNEL32.dll,TerminateProcess,1221
0x01358F3C,KERNEL32.dll,TerminateThread,1222
0x01358F40,KERNEL32.dll,Thread32First,1224
0x01358F44,KERNEL32.dll,Thread32Next,1225
0x01358F48,KERNEL32.dll,UnmapViewOfFile,1244
0x01358F4C,KERNEL32.dll,VirtualAlloc,1263
0x01358F50,KERNEL32.dll,VirtualFree,1266
0x01358F54,KERNEL32.dll,VirtualProtect,1269
0x01358F58,KERNEL32.dll,VirtualQuery,1271
0x01358F5C,KERNEL32.dll,WaitCommEvent,1275
0x01358F60,KERNEL32.dll,WaitForMultipleObjects,1277
0x01358F64,KERNEL32.dll,WaitForSingleObject,1279
0x01358F68,KERNEL32.dll,WideCharToMultiByte,1303
0x01358F6C,KERNEL32.dll,WriteConsoleOutputA,1317
0x01358F70,KERNEL32.dll,WriteFile,1323
0x01358F74,KERNEL32.dll,WriteProcessMemory,1332
0x01358F78,KERNEL32.dll,lstrcmpi,1353
0x01358F7C,KERNEL32.dll,lstrcmpiW,1355
0x01358F80,KERNEL32.dll,lstrcpy,1356
0x01358F84,KERNEL32.dll,lstrcpyn,1359
0x01358F88,KERNEL32.dll,lstrlenA,1363
0x01358F8C,KERNEL32.dll,lstrlenW,1364
0x01358F94,USER32.dll,AdjustWindowRect,4
0x01358F98,USER32.dll,BeginPaint,16
0x01358F9C,USER32.dll,CharLowerA,45
0x01358FA0,USER32.dll,CharLowerW,48
0x01358FA4,USER32.dll,CharUpperA,66
0x01358FA8,USER32.dll,CharUpperW,69
0x01358FAC,USER32.dll,ClientToScreen,80
0x01358FB0,USER32.dll,ClipCursor,81
0x01358FB4,USER32.dll,CreateWindowExW,119
0x01358FB8,USER32.dll,DefWindowProcA,164
0x01358FBC,USER32.dll,DefWindowProcW,165
0x01358FC0,USER32.dll,DeleteMenu,167
0x01358FC4,USER32.dll,DialogBoxIndirectParamA,177
0x01358FC8,USER32.dll,DispatchMessageA,183
0x01358FCC,USER32.dll,DrawMenuBar,210
0x01358FD0,USER32.dll,EnableMenuItem,223
0x01358FD4,USER32.dll,EndDialog,227
0x01358FD8,USER32.dll,EndPaint,229
0x01358FDC,USER32.dll,EnumThreadWindows,248
0x01358FE0,USER32.dll,FindWindowA,256
0x01358FE4,USER32.dll,FindWindowW,259
0x01358FE8,USER32.dll,GetAsyncKeyState,272
0x01358FEC,USER32.dll,GetClientRect,285
0x01358FF0,USER32.dll,GetCursorPos,297
0x01358FF4,USER32.dll,GetDC,298
0x01358FF8,USER32.dll,GetDesktopWindow,300
0x01358FFC,USER32.dll,GetDlgItem,304
0x01359000,USER32.dll,GetDoubleClickTime,308
0x01359004,USER32.dll,GetKeyState,326
0x01359008,USER32.dll,GetKeyboardLayout,327
0x0135900C,USER32.dll,GetMessageA,354
0x01359010,USER32.dll,GetSystemMenu,390
0x01359014,USER32.dll,GetSystemMetrics,391
0x01359018,USER32.dll,GetWindowLongA,414
0x0135901C,USER32.dll,GetWindowRect,421
0x01359020,USER32.dll,IsIconic,474
0x01359024,USER32.dll,IsRectEmpty,477
0x01359028,USER32.dll,IsWindowUnicode,488
0x0135902C,USER32.dll,KillTimer,492
0x01359030,USER32.dll,LoadCursorA,497
0x01359034,USER32.dll,LoadCursorFromFileA,498
0x01359038,USER32.dll,LoadImageA,507
0x0135903C,USER32.dll,MessageBoxA,539
0x01359040,USER32.dll,MessageBoxW,546
0x01359044,USER32.dll,PeekMessageA,575
0x01359048,USER32.dll,PostQuitMessage,580
0x0135904C,USER32.dll,PostThreadMessageA,581
0x01359050,USER32.dll,RegisterClassW,603
0x01359054,USER32.dll,ReleaseCapture,625
0x01359058,USER32.dll,ReleaseDC,626
0x0135905C,USER32.dll,ScreenToClient,634
0x01359060,USER32.dll,SendDlgItemMessageA,639
0x01359064,USER32.dll,SendMessageA,644
0x01359068,USER32.dll,SetCapture,653
0x0135906C,USER32.dll,SetCursor,661
0x01359070,USER32.dll,SetCursorPos,663
0x01359074,USER32.dll,SetFocus,671
0x01359078,USER32.dll,SetForegroundWindow,672
0x0135907C,USER32.dll,SetRect,699
0x01359080,USER32.dll,SetTimer,712
0x01359084,USER32.dll,SetWindowPos,723
0x01359088,USER32.dll,SetWindowTextA,727
0x0135908C,USER32.dll,SetWindowTextW,728
0x01359090,USER32.dll,ShowCursor,743
0x01359094,USER32.dll,ShowWindow,748
0x01359098,USER32.dll,TranslateMessage,777
0x0135909C,USER32.dll,UnregisterClassA,786
0x013590A0,USER32.dll,UpdateWindow,798
0x013590A4,USER32.dll,wsprintfA,831
0x013590A8,USER32.dll,wvsprintfA,833
0x013590B0,GDI32.dll,BitBlt,31
0x013590B4,GDI32.dll,CreateBitmap,53
0x013590B8,GDI32.dll,CreateCompatibleDC,60
0x013590BC,GDI32.dll,CreateDIBSection,65
0x013590C0,GDI32.dll,CreateFontA,72
0x013590C4,GDI32.dll,DeleteDC,239
0x013590C8,GDI32.dll,DeleteObject,242
0x013590CC,GDI32.dll,ExtTextOutA,323
0x013590D0,GDI32.dll,ExtTextOutW,324
0x013590D4,GDI32.dll,GetCharABCWidthsI,448
0x013590D8,GDI32.dll,GetGlyphIndicesW,493
0x013590DC,GDI32.dll,GetObjectA,519
0x013590E0,GDI32.dll,GetPixel,528
0x013590E4,GDI32.dll,GetStockObject,537
0x013590E8,GDI32.dll,GetTextExtentPoint32W,554
0x013590EC,GDI32.dll,GetTextExtentPointI,556
0x013590F0,GDI32.dll,GetTextMetricsA,561
0x013590F4,GDI32.dll,RestoreDC,629
0x013590F8,GDI32.dll,SaveDC,636
0x013590FC,GDI32.dll,SelectObject,643
0x01359100,GDI32.dll,SetBkColor,650
0x01359104,GDI32.dll,SetBkMode,651
0x01359108,GDI32.dll,SetDIBColorTable,659
0x0135910C,GDI32.dll,SetDeviceGammaRamp,662
0x01359110,GDI32.dll,SetTextColor,690
0x01359118,ADVAPI32.dll,AdjustTokenPrivileges,33
0x0135911C,ADVAPI32.dll,GetUserNameA,359
0x01359120,ADVAPI32.dll,LookupPrivilegeValueA,408
0x01359124,ADVAPI32.dll,OpenProcessToken,505
0x01359128,ADVAPI32.dll,OpenThreadToken,510
0x0135912C,ADVAPI32.dll,RegCloseKey,562
0x01359130,ADVAPI32.dll,RegCreateKeyExA,570
0x01359134,ADVAPI32.dll,RegDeleteKeyA,575
0x01359138,ADVAPI32.dll,RegDeleteValueA,585
0x0135913C,ADVAPI32.dll,RegEnumKeyExA,592
0x01359140,ADVAPI32.dll,RegEnumValueA,595
0x01359144,ADVAPI32.dll,RegOpenKeyA,609
0x01359148,ADVAPI32.dll,RegOpenKeyExA,610
0x0135914C,ADVAPI32.dll,RegOpenKeyExW,611
0x01359150,ADVAPI32.dll,RegQueryInfoKeyA,617
0x01359154,ADVAPI32.dll,RegQueryValueExA,623
0x01359158,ADVAPI32.dll,RegQueryValueExW,624
0x0135915C,ADVAPI32.dll,RegSetValueExA,639
0x01359160,ADVAPI32.dll,RegSetValueExW,640
0x01359168,SHELL32.dll,SHGetPathFromIDListA,386
0x0135916C,SHELL32.dll,SHGetSpecialFolderLocation,393
0x01359170,SHELL32.dll,SHGetSpecialFolderPathA,394
0x01359174,SHELL32.dll,SHGetSpecialFolderPathW,395
0x01359178,SHELL32.dll,ShellExecuteA,431
0x01359180,ole32.dll,CoCreateInstance,25
0x01359184,ole32.dll,CoInitialize,71
0x01359188,ole32.dll,CoInitializeEx,72
0x0135918C,ole32.dll,CoUninitialize,118
0x01359190,ole32.dll,OleRun,323
0x01359198,OLEAUT32.dll,CreateErrorInfo,200
0x0135919C,OLEAUT32.dll,GetErrorInfo,198
0x013591A0,OLEAUT32.dll,SetErrorInfo,199
0x013591A4,OLEAUT32.dll,SysAllocString,0
0x013591A8,OLEAUT32.dll,SysFreeString,4
0x013591AC,OLEAUT32.dll,SysStringLen,5
0x013591B0,OLEAUT32.dll,VariantChangeType,10
0x013591B4,OLEAUT32.dll,VariantClear,7
0x013591B8,OLEAUT32.dll,VariantInit,6
0x013591C0,gdiplus.dll,GdipAlloc,33
0x013591C4,gdiplus.dll,GdipBitmapLockBits,38
0x013591C8,gdiplus.dll,GdipBitmapUnlockBits,41
0x013591CC,gdiplus.dll,GdipCloneImage,49
0x013591D0,gdiplus.dll,GdipCreateBitmapFromFile,65
0x013591D4,gdiplus.dll,GdipCreateBitmapFromFileICM,66
0x013591D8,gdiplus.dll,GdipCreateBitmapFromScan0,72
0x013591DC,gdiplus.dll,GdipDeleteGraphics,134
0x013591E0,gdiplus.dll,GdipDisposeImage,142
0x013591E4,gdiplus.dll,GdipDrawImageI,165
0x013591E8,gdiplus.dll,GdipFree,224
0x013591EC,gdiplus.dll,GdipGetImageGraphicsContext,274
0x013591F0,gdiplus.dll,GdipGetImageHeight,275
0x013591F4,gdiplus.dll,GdipGetImagePalette,277
0x013591F8,gdiplus.dll,GdipGetImagePaletteSize,278
0x013591FC,gdiplus.dll,GdipGetImagePixelFormat,279
0x01359200,gdiplus.dll,GdipGetImageWidth,284
0x01359204,gdiplus.dll,GdiplusShutdown,607
0x01359208,gdiplus.dll,GdiplusStartup,608
0x01359210,MSVCR71.dll,??0exception@@QAE@ABV0@@Z,9
0x01359214,MSVCR71.dll,??0exception@@QAE@XZ,10
0x01359218,MSVCR71.dll,??1exception@@UAE@XZ,14
0x0135921C,MSVCR71.dll,??1type_info@@UAE@XZ,15
0x01359220,MSVCR71.dll,?_set_se_translator@@YAP6AXIPAU_EXCEPTION_POINTERS@@@ZP6AXI0@Z@Z,37
0x01359224,MSVCR71.dll,?terminate@@YAXXZ,46
0x01359228,MSVCR71.dll,?vswprintf@@YAHPAGIPBGPAD@Z,48
0x0135922C,MSVCR71.dll,?what@exception@@UBEPBDXZ,50
0x01359230,MSVCR71.dll,_CIacos,52
0x01359234,MSVCR71.dll,_CIasin,53
0x01359238,MSVCR71.dll,_CIcosh,57
0x0135923C,MSVCR71.dll,_CIexp,58
0x01359240,MSVCR71.dll,_CIfmod,59
0x01359244,MSVCR71.dll,_CIpow,62
0x01359248,MSVCR71.dll,_CIsinh,64
0x0135924C,MSVCR71.dll,_CItanh,67
0x01359250,MSVCR71.dll,_CRT_RTC_INIT,68
0x01359254,MSVCR71.dll,_CxxThrowException,69
0x01359258,MSVCR71.dll,_XcptFilter,76
0x0135925C,MSVCR71.dll,__CxxFrameHandler,82
0x01359260,MSVCR71.dll,__dllonexit,108
0x01359264,MSVCR71.dll,__getmainargs,111
0x01359268,MSVCR71.dll,__p__commode,131
0x0135926C,MSVCR71.dll,__p__fmode,136
0x01359270,MSVCR71.dll,__pioinfo,153
0x01359274,MSVCR71.dll,__security_error_handler,156
0x01359278,MSVCR71.dll,__set_app_type,157
0x0135927C,MSVCR71.dll,__setusermatherr,160
0x01359280,MSVCR71.dll,_access,172
0x01359284,MSVCR71.dll,_acmdln,173
0x01359288,MSVCR71.dll,_adjust_fdiv,187
0x0135928C,MSVCR71.dll,_amsg_exit,194
0x01359290,MSVCR71.dll,_atoi64,197
0x01359294,MSVCR71.dll,_beginthread,200
0x01359298,MSVCR71.dll,_beginthreadex,201
0x0135929C,MSVCR71.dll,_c_exit,202
0x013592A0,MSVCR71.dll,_cexit,205
0x013592A4,MSVCR71.dll,_chmod,212
0x013592A8,MSVCR71.dll,_close,215
0x013592AC,MSVCR71.dll,_control87,218
0x013592B0,MSVCR71.dll,_controlfp,219
0x013592B4,MSVCR71.dll,_copysign,220
0x013592B8,MSVCR71.dll,_ecvt,234
0x013592BC,MSVCR71.dll,_errno,239
0x013592C0,MSVCR71.dll,_except_handler3,241
0x013592C4,MSVCR71.dll,_exit,250
0x013592C8,MSVCR71.dll,_fcvt,253
0x013592CC,MSVCR71.dll,_finite,269
0x013592D0,MSVCR71.dll,_fpclass,273
0x013592D4,MSVCR71.dll,_fpreset,275
0x013592D8,MSVCR71.dll,_fstat,279
0x013592DC,MSVCR71.dll,_ftol,284
0x013592E0,MSVCR71.dll,_get_osfhandle,290
0x013592E4,MSVCR71.dll,_getcwd,294
0x013592E8,MSVCR71.dll,_i64toa,317
0x013592EC,MSVCR71.dll,_initterm,319
0x013592F0,MSVCR71.dll,_iob,323
0x013592F4,MSVCR71.dll,_ismbblead,333
0x013592F8,MSVCR71.dll,_isnan,355
0x013592FC,MSVCR71.dll,_itoa,356
0x01359300,MSVCR71.dll,_lseek,373
0x01359304,MSVCR71.dll,_mbscmp,394
0x01359308,MSVCR71.dll,_mbsdup,399
0x0135930C,MSVCR71.dll,_mbslen,403
0x01359310,MSVCR71.dll,_memicmp,434
0x01359314,MSVCR71.dll,_mkdir,435
0x01359318,MSVCR71.dll,_onexit,440
0x0135931C,MSVCR71.dll,_open,441
0x01359320,MSVCR71.dll,_read,460
0x01359324,MSVCR71.dll,_resetstkoflw,461
0x01359328,MSVCR71.dll,_setjmp3,482
0x0135932C,MSVCR71.dll,_snprintf,488
0x01359330,MSVCR71.dll,_splitpath,501
0x01359334,MSVCR71.dll,_stat,502
0x01359338,MSVCR71.dll,_statusfp,505
0x0135933C,MSVCR71.dll,_strcmpi,506
0x01359340,MSVCR71.dll,_strdate,507
0x01359344,MSVCR71.dll,_strlwr,512
0x01359348,MSVCR71.dll,_strnicmp,514
0x0135934C,MSVCR71.dll,_strtime,519
0x01359350,MSVCR71.dll,_strupr,522
0x01359354,MSVCR71.dll,_time64,529
0x01359358,MSVCR71.dll,_ui64toa,535
0x0135935C,MSVCR71.dll,_ultoa,537
0x01359360,MSVCR71.dll,_vsnprintf,549
0x01359364,MSVCR71.dll,_wcsicmp,559
0x01359368,MSVCR71.dll,_wfopen,590
0x0135936C,MSVCR71.dll,_write,610
0x01359370,MSVCR71.dll,_wtoi,633
0x01359374,MSVCR71.dll,_wunlink,636
0x01359378,MSVCR71.dll,abort,642
0x0135937C,MSVCR71.dll,asctime,645
0x01359380,MSVCR71.dll,atof,650
0x01359384,MSVCR71.dll,atoi,651
0x01359388,MSVCR71.dll,atol,652
0x0135938C,MSVCR71.dll,bsearch,653
0x01359390,MSVCR71.dll,calloc,654
0x01359394,MSVCR71.dll,ceil,655
0x01359398,MSVCR71.dll,clock,657
0x0135939C,MSVCR71.dll,exit,663
0x013593A0,MSVCR71.dll,fclose,666
0x013593A4,MSVCR71.dll,feof,667
0x013593A8,MSVCR71.dll,fflush,669
0x013593AC,MSVCR71.dll,fgetpos,671
0x013593B0,MSVCR71.dll,fgets,672
0x013593B4,MSVCR71.dll,fgetwc,673
0x013593B8,MSVCR71.dll,floor,675
0x013593BC,MSVCR71.dll,fopen,677
0x013593C0,MSVCR71.dll,fprintf,678
0x013593C4,MSVCR71.dll,fputc,679
0x013593C8,MSVCR71.dll,fputs,680
0x013593CC,MSVCR71.dll,fputwc,681
0x013593D0,MSVCR71.dll,fread,683
0x013593D4,MSVCR71.dll,free,684
0x013593D8,MSVCR71.dll,freopen,685
0x013593DC,MSVCR71.dll,frexp,686
0x013593E0,MSVCR71.dll,fscanf,687
0x013593E4,MSVCR71.dll,fseek,688
0x013593E8,MSVCR71.dll,fsetpos,689
0x013593EC,MSVCR71.dll,ftell,690
0x013593F0,MSVCR71.dll,fwprintf,691
0x013593F4,MSVCR71.dll,fwrite,692
0x013593F8,MSVCR71.dll,getc,694
0x013593FC,MSVCR71.dll,getenv,696
0x01359400,MSVCR71.dll,gmtime,700
0x01359404,MSVCR71.dll,isalnum,702
0x01359408,MSVCR71.dll,isalpha,703
0x0135940C,MSVCR71.dll,iscntrl,704
0x01359410,MSVCR71.dll,isdigit,705
0x01359414,MSVCR71.dll,islower,708
0x01359418,MSVCR71.dll,isprint,709
0x0135941C,MSVCR71.dll,ispunct,710
0x01359420,MSVCR71.dll,isspace,711
0x01359424,MSVCR71.dll,isupper,712
0x01359428,MSVCR71.dll,iswalnum,713
0x0135942C,MSVCR71.dll,iswalpha,714
0x01359430,MSVCR71.dll,iswascii,715
0x01359434,MSVCR71.dll,iswdigit,718
0x01359438,MSVCR71.dll,iswspace,723
0x0135943C,MSVCR71.dll,isxdigit,726
0x01359440,MSVCR71.dll,ldexp,728
0x01359444,MSVCR71.dll,localtime,731
0x01359448,MSVCR71.dll,longjmp,734
0x0135944C,MSVCR71.dll,malloc,735
0x01359450,MSVCR71.dll,memchr,739
0x01359454,MSVCR71.dll,memcmp,740
0x01359458,MSVCR71.dll,memcpy,741
0x0135945C,MSVCR71.dll,memmove,742
0x01359460,MSVCR71.dll,memset,743
0x01359464,MSVCR71.dll,printf,748
0x01359468,MSVCR71.dll,puts,751
0x0135946C,MSVCR71.dll,qsort,754
0x01359470,MSVCR71.dll,rand,756
0x01359474,MSVCR71.dll,realloc,757
0x01359478,MSVCR71.dll,remove,758
0x0135947C,MSVCR71.dll,rename,759
0x01359480,MSVCR71.dll,rewind,760
0x01359484,MSVCR71.dll,setlocale,763
0x01359488,MSVCR71.dll,setvbuf,764
0x0135948C,MSVCR71.dll,sprintf,768
0x01359490,MSVCR71.dll,srand,770
0x01359494,MSVCR71.dll,sscanf,771
0x01359498,MSVCR71.dll,strcat,772
0x0135949C,MSVCR71.dll,strchr,773
0x013594A0,MSVCR71.dll,strcmp,774
0x013594A4,MSVCR71.dll,strcoll,775
0x013594A8,MSVCR71.dll,strcpy,776
0x013594AC,MSVCR71.dll,strcspn,777
0x013594B0,MSVCR71.dll,strftime,779
0x013594B4,MSVCR71.dll,strlen,780
0x013594B8,MSVCR71.dll,strncat,781
0x013594BC,MSVCR71.dll,strncmp,782
0x013594C0,MSVCR71.dll,strncpy,783
0x013594C4,MSVCR71.dll,strpbrk,784
0x013594C8,MSVCR71.dll,strrchr,785
0x013594CC,MSVCR71.dll,strspn,786
0x013594D0,MSVCR71.dll,strstr,787
0x013594D4,MSVCR71.dll,strtod,788
0x013594D8,MSVCR71.dll,strtok,789
0x013594DC,MSVCR71.dll,strtol,790
0x013594E0,MSVCR71.dll,strtoul,791
0x013594E4,MSVCR71.dll,swprintf,793
0x013594E8,MSVCR71.dll,swscanf,794
0x013594EC,MSVCR71.dll,system,795
0x013594F0,MSVCR71.dll,time,798
0x013594F4,MSVCR71.dll,tmpfile,799
0x013594F8,MSVCR71.dll,tmpnam,800
0x013594FC,MSVCR71.dll,tolower,801
0x01359500,MSVCR71.dll,toupper,802
0x01359504,MSVCR71.dll,towlower,803
0x01359508,MSVCR71.dll,towupper,804
0x0135950C,MSVCR71.dll,ungetc,805
0x01359510,MSVCR71.dll,vsprintf,810
0x01359514,MSVCR71.dll,wcscat,813
0x01359518,MSVCR71.dll,wcschr,814
0x0135951C,MSVCR71.dll,wcscmp,815
0x01359520,MSVCR71.dll,wcscpy,817
0x01359524,MSVCR71.dll,wcslen,820
0x01359528,MSVCR71.dll,wcsncpy,823
0x0135952C,MSVCR71.dll,wcsrchr,825
0x01359530,MSVCR71.dll,wcsstr,827
0x01359534,MSVCR71.dll,wcstok,829
0x0135953C,WINMM.dll,timeBeginPeriod,145
0x01359540,WINMM.dll,timeEndPeriod,146
0x01359544,WINMM.dll,timeGetTime,149
0x01359548,WINMM.dll,waveOutSetVolume,188
0x01359550,IMM32.dll,ImmAssociateContext,24
0x01359554,IMM32.dll,ImmCreateContext,29
0x01359558,IMM32.dll,ImmDestroyContext,32
0x0135955C,IMM32.dll,ImmGetCandidateListCountW,48
0x01359560,IMM32.dll,ImmGetCandidateListW,49
0x01359564,IMM32.dll,ImmGetCompositionStringW,54
0x01359568,IMM32.dll,ImmGetContext,56
0x0135956C,IMM32.dll,ImmGetProperty,75
0x01359570,IMM32.dll,ImmNotifyIME,97
0x01359574,IMM32.dll,ImmReleaseContext,104
0x01359578,IMM32.dll,ImmSetOpenStatus,119
0x01359580,mss32.dll,_AIL_3D_room_type@4,6
0x01359584,mss32.dll,_AIL_3D_sample_offset@4,16
0x01359588,mss32.dll,_AIL_3D_sample_playback_rate@4,17
0x0135958C,mss32.dll,_AIL_3D_sample_status@4,18
0x01359590,mss32.dll,_AIL_WAV_info@8,38
0x01359594,mss32.dll,_AIL_allocate_3D_sample_handle@4,43
0x01359598,mss32.dll,_AIL_allocate_sample_handle@4,45
0x0135959C,mss32.dll,_AIL_close_3D_listener@4,52
0x013595A0,mss32.dll,_AIL_close_3D_provider@4,54
0x013595A4,mss32.dll,_AIL_close_stream@4,59
0x013595A8,mss32.dll,_AIL_decompress_ADPCM@12,66
0x013595AC,mss32.dll,_AIL_enumerate_3D_providers@12,82
0x013595B0,mss32.dll,_AIL_enumerate_filters@12,86
0x013595B4,mss32.dll,_AIL_get_DirectSound_info@12,99
0x013595B8,mss32.dll,_AIL_get_preference@4,101
0x013595BC,mss32.dll,_AIL_init_sample@4,103
0x013595C0,mss32.dll,_AIL_last_error@0,105
0x013595C4,mss32.dll,_AIL_lock_mutex@0,111
0x013595C8,mss32.dll,_AIL_mem_free_lock@4,114
0x013595CC,mss32.dll,_AIL_ms_count@0,121
0x013595D0,mss32.dll,_AIL_open_3D_listener@4,122
0x013595D4,mss32.dll,_AIL_open_3D_provider@4,124
0x013595D8,mss32.dll,_AIL_open_stream@12,129
0x013595DC,mss32.dll,_AIL_pause_stream@8,130
0x013595E0,mss32.dll,_AIL_quick_handles@12,135
0x013595E4,mss32.dll,_AIL_quick_load_and_play@12,137
0x013595E8,mss32.dll,_AIL_quick_set_volume@12,146
0x013595EC,mss32.dll,_AIL_quick_shutdown@0,147
0x013595F0,mss32.dll,_AIL_quick_startup@20,148
0x013595F4,mss32.dll,_AIL_quick_status@4,149
0x013595F8,mss32.dll,_AIL_quick_unload@4,151
0x013595FC,mss32.dll,_AIL_register_3D_EOS_callback@8,169
0x01359600,mss32.dll,_AIL_register_EOS_callback@8,172
0x01359604,mss32.dll,_AIL_register_stream_callback@8,179
0x01359608,mss32.dll,_AIL_register_timer@4,181
0x0135960C,mss32.dll,_AIL_release_3D_sample_handle@4,183
0x01359610,mss32.dll,_AIL_release_sample_handle@4,186
0x01359614,mss32.dll,_AIL_release_timer_handle@4,188
0x01359618,mss32.dll,_AIL_resume_3D_sample@4,190
0x0135961C,mss32.dll,_AIL_resume_sample@4,191
0x01359620,mss32.dll,_AIL_sample_playback_rate@4,199
0x01359624,mss32.dll,_AIL_sample_volume_pan@12,205
0x01359628,mss32.dll,_AIL_serve@0,215
0x0135962C,mss32.dll,_AIL_service_stream@8,216
0x01359630,mss32.dll,_AIL_set_3D_orientation@28,219
0x01359634,mss32.dll,_AIL_set_3D_position@16,220
0x01359638,mss32.dll,_AIL_set_3D_rolloff_factor@8,222
0x0135963C,mss32.dll,_AIL_set_3D_room_type@8,223
0x01359640,mss32.dll,_AIL_set_3D_sample_distances@12,225
0x01359644,mss32.dll,_AIL_set_3D_sample_effects_level@8,226
0x01359648,mss32.dll,_AIL_set_3D_sample_file@8,228
0x0135964C,mss32.dll,_AIL_set_3D_sample_info@8,229
0x01359650,mss32.dll,_AIL_set_3D_sample_loop_count@8,231
0x01359654,mss32.dll,_AIL_set_3D_sample_occlusion@8,233
0x01359658,mss32.dll,_AIL_set_3D_sample_playback_rate@8,235
0x0135965C,mss32.dll,_AIL_set_3D_sample_volume@8,237
0x01359660,mss32.dll,_AIL_set_3D_speaker_type@8,238
0x01359664,mss32.dll,_AIL_set_3D_user_data@12,239
0x01359668,mss32.dll,_AIL_set_digital_master_room_type@8,248
0x0135966C,mss32.dll,_AIL_set_file_callbacks@16,252
0x01359670,mss32.dll,_AIL_set_filter_sample_preference@12,255
0x01359674,mss32.dll,_AIL_set_preference@8,259
0x01359678,mss32.dll,_AIL_set_redist_directory@4,260
0x0135967C,mss32.dll,_AIL_set_sample_file@12,263
0x01359680,mss32.dll,_AIL_set_sample_playback_rate@8,268
0x01359684,mss32.dll,_AIL_set_sample_processor@12,270
0x01359688,mss32.dll,_AIL_set_sample_reverb_levels@12,271
0x0135968C,mss32.dll,_AIL_set_sample_user_data@12,273
0x01359690,mss32.dll,_AIL_set_sample_volume_pan@12,275
0x01359694,mss32.dll,_AIL_set_stream_loop_count@8,282
0x01359698,mss32.dll,_AIL_set_stream_ms_position@8,284
0x0135969C,mss32.dll,_AIL_set_stream_reverb_levels@12,288
0x013596A0,mss32.dll,_AIL_set_stream_volume_pan@12,291
0x013596A4,mss32.dll,_AIL_set_timer_period@8,294
0x013596A8,mss32.dll,_AIL_shutdown@0,296
0x013596AC,mss32.dll,_AIL_start_3D_sample@4,299
0x013596B0,mss32.dll,_AIL_start_sample@4,301
0x013596B4,mss32.dll,_AIL_start_stream@4,303
0x013596B8,mss32.dll,_AIL_start_timer@4,304
0x013596BC,mss32.dll,_AIL_startup@0,305
0x013596C0,mss32.dll,_AIL_stop_3D_sample@4,306
0x013596C4,mss32.dll,_AIL_stop_sample@4,308
0x013596C8,mss32.dll,_AIL_stop_timer@4,310
0x013596CC,mss32.dll,_AIL_stream_loop_count@4,312
0x013596D0,mss32.dll,_AIL_stream_ms_position@12,314
0x013596D4,mss32.dll,_AIL_stream_volume_pan@12,321
0x013596D8,mss32.dll,_AIL_unlock_mutex@0,324
0x013596E0,DINPUT8.dll,DirectInput8Create,0
0x013596E8,WSOCK32.dll,WSACleanup,115
0x013596EC,WSOCK32.dll,WSAGetLastError,110
0x013596F0,WSOCK32.dll,WSAStartup,114
0x013596F4,WSOCK32.dll,__WSAFDIsSet,150
0x013596F8,WSOCK32.dll,accept,0
0x013596FC,WSOCK32.dll,bind,1
0x01359700,WSOCK32.dll,closesocket,2
0x01359704,WSOCK32.dll,connect,3
0x01359708,WSOCK32.dll,gethostbyname,51
0x0135970C,WSOCK32.dll,gethostname,56
0x01359710,WSOCK32.dll,getpeername,4
0x01359714,WSOCK32.dll,getsockname,5
0x01359718,WSOCK32.dll,htonl,7
0x0135971C,WSOCK32.dll,inet_addr,9
0x01359720,WSOCK32.dll,inet_ntoa,10
0x01359724,WSOCK32.dll,ioctlsocket,11
0x01359728,WSOCK32.dll,listen,12
0x0135972C,WSOCK32.dll,ntohs,14
0x01359730,WSOCK32.dll,select,17
0x01359734,WSOCK32.dll,send,18
0x01359738,WSOCK32.dll,sendto,19
0x0135973C,WSOCK32.dll,shutdown,21
0x01359740,WSOCK32.dll,socket,22
0x01359748,COMCTL32.dll,InitCommonControls,15
0x01359750,AVIFIL32.dll,AVIFileCreateStreamA,6
0x01359754,AVIFIL32.dll,AVIFileInit,14
0x01359758,AVIFIL32.dll,AVIFileOpen,15
0x0135975C,AVIFIL32.dll,AVIFileReadData,18
0x01359760,AVIFIL32.dll,AVIFileRelease,19
0x01359764,AVIFIL32.dll,AVIMakeCompressedStream,22
0x01359768,AVIFIL32.dll,AVIStreamWrite,57
