rva	size	similarity	margin	zh_symbol	zh_source
0x0007E9B0	868	0.70	0.70	?applyStaticLODLevel@GameLODManager@@IAEXW4StaticGameLODLevel@@@Z	reference/CnC_Generals_Zero_Hour/GeneralsMD/Code/GameEngine/Source/Common/GameLOD.cpp
0x0009B150	636	0.75	0.75	?playbackFile@RecorderClass@@QAE_NVAsciiString@@@Z	reference/CnC_Generals_Zero_Hour/GeneralsMD/Code/GameEngine/Source/Common/Recorder.cpp
0x0009B6C0	1462	0.72	0.72	?startRecording@RecorderClass@@IAEXW4GameDifficulty@@HHH@Z	reference/CnC_Generals_Zero_Hour/GeneralsMD/Code/GameEngine/Source/Common/Recorder.cpp
0x0009BDF0	391	0.65	0.65	?testVersionPlayback@RecorderClass@@QAE_NVAsciiString@@@Z	reference/CnC_Generals_Zero_Hour/GeneralsMD/Code/GameEngine/Source/Common/Recorder.cpp
0x0009BFE0	335	0.86	0.86	?updateRecord@RecorderClass@@QAEXXZ	reference/CnC_Generals_Zero_Hour/GeneralsMD/Code/GameEngine/Source/Common/Recorder.cpp
0x000AE0A0	921	0.65	0.65	?loadProfile@LadderPreferences@@QAE_NH@Z	reference/CnC_Generals_Zero_Hour/GeneralsMD/Code/GameEngine/Source/Common/UserPreferences.cpp
0x000C1D10	250	0.85	0.03	??A?$map@VUnicodeString@@V1@U?$less@VUnicodeString@@@_STL@@V?$allocator@U?$pair@$$CBVUnicodeString@@V1@@_STL@@@3@@_STL@@QAEAAVUnicodeString@@ABV2@@Z	reference/CnC_Generals_Zero_Hour/GeneralsMD/Code/GameEngine/Source/GameNetwork/LANGameInfo.cpp
0x000C1E50	1154	0.62	0.22	?parseMapCacheDefinition@INI@@SAXPAV1@@Z	reference/CnC_Generals_Zero_Hour/GeneralsMD/Code/GameEngine/Source/Common/INI/INIMapCache.cpp
0x000C47F0	275	0.60	0.16	?canDoSpecialPower@ActionManager@@QAE_NPBVObject@@PBVSpecialPowerTemplate@@W4CommandSourceType@@I_N@Z	reference/CnC_Generals_Zero_Hour/GeneralsMD/Code/GameEngine/Source/Common/RTS/ActionManager.cpp
0x000D22A0	332	0.66	0.29	?setObjectsEnabled@Player@@QAEXVAsciiString@@_N@Z	reference/CnC_Generals_Zero_Hour/GeneralsMD/Code/GameEngine/Source/Common/RTS/Player.cpp
0x000DD440	1043	0.75	0.30	??1Player@@UAE@XZ	reference/CnC_Generals_Zero_Hour/GeneralsMD/Code/GameEngine/Source/Common/RTS/Player.cpp
0x000EF0D0	351	0.80	0.80	?xfer@TeamFactory@@MAEXPAVXfer@@@Z	reference/CnC_Generals_Zero_Hour/GeneralsMD/Code/GameEngine/Source/Common/RTS/Team.cpp
0x000F5592	247	0.81	0.00	?noneInside@Team@@QBE_NPAVPolygonTrigger@@I@Z	reference/CnC_Generals_Zero_Hour/GeneralsMD/Code/GameEngine/Source/Common/RTS/Team.cpp
0x000F9FF0	181	0.75	0.75	??0MapMetaData@@QAE@ABV0@@Z	reference/CnC_Generals_Zero_Hour/GeneralsMD/Code/GameEngine/Source/Common/INI/INIMapCache.cpp
0x000FC010	519	0.79	0.79	?buildTiledLocations@BuildAssistant@@UAEPAUTileBuildInfo@1@PBVThingTemplate@@MPBUCoord3D@@1MHPAVObject@@@Z	reference/CnC_Generals_Zero_Hour/GeneralsMD/Code/GameEngine/Source/Common/System/BuildAssistant.cpp
0x000FC780	612	0.92	0.92	?iterateFootprint@BuildAssistant@@QAEXPBVThingTemplate@@MPBUCoord3D@@MP6AX1PAX@Z2@Z	reference/CnC_Generals_Zero_Hour/GeneralsMD/Code/GameEngine/Source/Common/System/BuildAssistant.cpp
0x001003C0	344	0.66	0.66	?sellObject@BuildAssistant@@UAEXPAVObject@@@Z	reference/CnC_Generals_Zero_Hour/GeneralsMD/Code/GameEngine/Source/Common/System/BuildAssistant.cpp
0x00101820	626	0.67	0.67	?buildObjectNow@BuildAssistant@@UAEPAVObject@@PAV2@PBVThingTemplate@@PBUCoord3D@@MPAVPlayer@@@Z	reference/CnC_Generals_Zero_Hour/GeneralsMD/Code/GameEngine/Source/Common/System/BuildAssistant.cpp
0x001086C0	734	0.76	0.76	?addObject@Radar@@QAEXPAVObject@@@Z	reference/CnC_Generals_Zero_Hour/GeneralsMD/Code/GameEngine/Source/Common/System/Radar.cpp
0x0010B550	205	0.79	0.79	?getUpgradeNames@UpgradeCenter@@QBE?AV?$vector@VAsciiString@@V?$allocator@VAsciiString@@@_STL@@@_STL@@XZ	reference/CnC_Generals_Zero_Hour/GeneralsMD/Code/GameEngine/Source/Common/System/Upgrade.cpp
0x0010CC40	441	0.64	0.64	?xferUpgradeMask@Xfer@@UAEXPAV?$BitFlags@$0IA@@@@Z	reference/CnC_Generals_Zero_Hour/GeneralsMD/Code/GameEngine/Source/Common/System/Xfer.cpp
0x0013FB60	225	1.00	0.57	?friend_getAIModuleInfo@ThingTemplate@@QAEPAVAIUpdateModuleData@@XZ	reference/CnC_Generals_Zero_Hour/GeneralsMD/Code/GameEngine/Source/Common/Thing/ThingTemplate.cpp
0x0013FC80	242	0.94	0.52	?friend_getAIModuleInfo@ThingTemplate@@QAEPAVAIUpdateModuleData@@XZ	reference/CnC_Generals_Zero_Hour/GeneralsMD/Code/GameEngine/Source/Common/Thing/ThingTemplate.cpp
0x00145DF0	364	0.63	0.63	?parseArbitrarySoundsIntoMap@@YAXPAVINI@@PAX1PBX@Z	reference/CnC_Generals_Zero_Hour/GeneralsMD/Code/GameEngine/Source/Common/Thing/ThingTemplate.cpp
0x00155490	509	0.82	0.82	?groupScatter@AIGroup@@QAEXW4CommandSourceType@@@Z	reference/CnC_Generals_Zero_Hour/GeneralsMD/Code/GameEngine/Source/GameLogic/AI/AIGroup.cpp
0x0015C7A0	476	0.79	0.13	?onEnter@AIGuardOuterState@@UAE?AW4StateReturnType@@XZ	reference/CnC_Generals_Zero_Hour/GeneralsMD/Code/GameEngine/Source/GameLogic/AI/AIGuard.cpp
0x0015CB70	284	0.81	0.04	?onEnter@AITNGuardAttackAggressorState@@UAE?AW4StateReturnType@@XZ	reference/CnC_Generals_Zero_Hour/GeneralsMD/Code/GameEngine/Source/GameLogic/AI/AITNGuard.cpp
0x0015E510	290	0.66	0.31	?update@AIGuardIdleState@@UAE?AW4StateReturnType@@XZ	reference/CnC_Generals_Zero_Hour/GeneralsMD/Code/GameEngine/Source/GameLogic/AI/AIGuard.cpp
0x0015F420	527	0.65	0.65	?onEnter@AIGuardRetaliateAttackAggressorState@@UAE?AW4StateReturnType@@XZ	reference/CnC_Generals_Zero_Hour/GeneralsMD/Code/GameEngine/Source/GameLogic/AI/AIGuardRetaliate.cpp
0x00161E20	697	0.76	0.76	?checkQueuedTeams@AIPlayer@@MAEXXZ	reference/CnC_Generals_Zero_Hour/GeneralsMD/Code/GameEngine/Source/GameLogic/AI/AIPlayer.cpp
0x00162190	503	0.68	0.68	?computeCenterAndRadiusOfBase@AIPlayer@@IAEXPAUCoord3D@@PAM@Z	reference/CnC_Generals_Zero_Hour/GeneralsMD/Code/GameEngine/Source/GameLogic/AI/AIPlayer.cpp
0x00163C70	537	0.80	0.35	?getPlayerStructureBounds@AIPlayer@@KAXPAURegion2D@@H_N@Z	reference/CnC_Generals_Zero_Hour/GeneralsMD/Code/GameEngine/Source/GameLogic/AI/AIPlayer.cpp
0x00164130	502	0.71	0.27	?getPlayerSuperweaponValue@AIPlayer@@KAHPAUCoord3D@@HM_N@Z	reference/CnC_Generals_Zero_Hour/GeneralsMD/Code/GameEngine/Source/GameLogic/AI/AIPlayer.cpp
0x001676A0	521	0.91	0.91	?updateBridgeRepair@AIPlayer@@IAEXXZ	reference/CnC_Generals_Zero_Hour/GeneralsMD/Code/GameEngine/Source/GameLogic/AI/AIPlayer.cpp
0x00168320	595	0.71	0.71	?onUnitProduced@AIPlayer@@UAEXPAVObject@@0@Z	reference/CnC_Generals_Zero_Hour/GeneralsMD/Code/GameEngine/Source/GameLogic/AI/AIPlayer.cpp
0x00168A10	163	0.89	0.89	?checkBridges@AISkirmishPlayer@@UAE_NPAVObject@@PAVWaypoint@@@Z	reference/CnC_Generals_Zero_Hour/GeneralsMD/Code/GameEngine/Source/GameLogic/AI/AISkirmishPlayer.cpp
0x00168D40	313	0.84	0.00	?startTraining@AISkirmishPlayer@@MAE_NPAVWorkOrder@@_NVAsciiString@@@Z	reference/CnC_Generals_Zero_Hour/GeneralsMD/Code/GameEngine/Source/GameLogic/AI/AISkirmishPlayer.cpp
0x00169290	639	0.76	0.27	?computeSuperweaponTarget@AISkirmishPlayer@@UAE_NPBVSpecialPowerTemplate@@PAUCoord3D@@HM@Z	reference/CnC_Generals_Zero_Hour/GeneralsMD/Code/GameEngine/Source/GameLogic/AI/AISkirmishPlayer.cpp
0x00174CC0	261	0.90	0.90	?canPursue@@YA_NPAVObject@@PAVWeapon@@0@Z	reference/CnC_Generals_Zero_Hour/GeneralsMD/Code/GameEngine/Source/GameLogic/AI/AIStates.cpp
0x00175E90	384	0.90	0.90	?computePath@AIAttackPursueTargetState@@MAE_NXZ	reference/CnC_Generals_Zero_Hour/GeneralsMD/Code/GameEngine/Source/GameLogic/AI/AIStates.cpp
0x00178EA0	463	0.82	0.53	?onEnter@AIFollowPathState@@UAE?AW4StateReturnType@@XZ	reference/CnC_Generals_Zero_Hour/GeneralsMD/Code/GameEngine/Source/GameLogic/AI/AIStates.cpp
0x0017AEC0	323	0.85	0.23	?onEnter@AIWanderState@@UAE?AW4StateReturnType@@XZ	reference/CnC_Generals_Zero_Hour/GeneralsMD/Code/GameEngine/Source/GameLogic/AI/AIStates.cpp
0x00180810	1387	0.83	0.59	??0AttackStateMachine@@QAE@PAVObject@@PAVAIAttackState@@VAsciiString@@_N33@Z	reference/CnC_Generals_Zero_Hour/GeneralsMD/Code/GameEngine/Source/GameLogic/AI/AIStates.cpp
0x00187860	805	0.75	0.75	?doXfer@AICommandParmsStorage@@QAEXPAVXfer@@@Z	reference/CnC_Generals_Zero_Hour/GeneralsMD/Code/GameEngine/Source/GameLogic/AI/AIStates.cpp
0x00187C50	678	0.73	0.27	?xfer@AIStateMachine@@MAEXPAVXfer@@@Z	reference/CnC_Generals_Zero_Hour/GeneralsMD/Code/GameEngine/Source/GameLogic/AI/AIStates.cpp
0x001885B0	603	0.78	0.78	?update@AIAttackMoveToState@@UAE?AW4StateReturnType@@XZ	reference/CnC_Generals_Zero_Hour/GeneralsMD/Code/GameEngine/Source/GameLogic/AI/AIStates.cpp
0x00189460	408	0.97	0.97	?update@AIEnterState@@UAE?AW4StateReturnType@@XZ	reference/CnC_Generals_Zero_Hour/GeneralsMD/Code/GameEngine/Source/GameLogic/AI/AIStates.cpp
0x0018A240	437	0.95	0.95	?lookForInnerTarget@AITNGuardMachine@@QAE_NXZ	reference/CnC_Generals_Zero_Hour/GeneralsMD/Code/GameEngine/Source/GameLogic/AI/AITNGuard.cpp
0x0018A470	197	0.89	0.05	?onEnter@AITNGuardInnerState@@UAE?AW4StateReturnType@@XZ	reference/CnC_Generals_Zero_Hour/GeneralsMD/Code/GameEngine/Source/GameLogic/AI/AITNGuard.cpp
0x0018AA70	279	0.92	0.12	?onEnter@AITNGuardAttackAggressorState@@UAE?AW4StateReturnType@@XZ	reference/CnC_Generals_Zero_Hour/GeneralsMD/Code/GameEngine/Source/GameLogic/AI/AITNGuard.cpp
0x0018BB10	282	0.85	0.85	?getAllObjects@Squad@@QAEABV?$vector@PAVObject@@V?$allocator@PAVObject@@@_STL@@@_STL@@XZ	reference/CnC_Generals_Zero_Hour/GeneralsMD/Code/GameEngine/Source/GameLogic/AI/Squad.cpp
0x0018BF80	274	0.84	0.17	?xfer@Squad@@MAEXPAVXfer@@@Z	reference/CnC_Generals_Zero_Hour/GeneralsMD/Code/GameEngine/Source/GameLogic/AI/Squad.cpp
0x0018DB60	694	0.74	0.00	??0AIDockMachine@@QAE@PAVObject@@@Z	reference/CnC_Generals_Zero_Hour/GeneralsMD/Code/GameEngine/Source/GameLogic/AI/AIDock.cpp
0x0018E660	1196	0.91	0.61	?update@TurretAIAimTurretState@@UAE?AW4StateReturnType@@XZ	reference/CnC_Generals_Zero_Hour/GeneralsMD/Code/GameEngine/Source/GameLogic/AI/TurretAI.cpp
0x00191110	495	0.65	0.65	?WritePolygonTriggersDataChunk@PolygonTrigger@@SAXAAVDataChunkOutput@@@Z	reference/CnC_Generals_Zero_Hour/GeneralsMD/Code/GameEngine/Source/GameLogic/Map/PolygonTrigger.cpp
0x0019B640	253	0.72	0.72	?removeSide@SidesList@@QAEXH@Z	reference/CnC_Generals_Zero_Hour/GeneralsMD/Code/GameEngine/Source/GameLogic/Map/SidesList.cpp
0x001A2950	510	0.72	0.19	?isCellEntryPoint@Bridge@@QAE_NPBURegion2D@@@Z	reference/CnC_Generals_Zero_Hour/GeneralsMD/Code/GameEngine/Source/GameLogic/Map/TerrainLogic.cpp
0x001A3060	226	0.63	0.63	?getPartitionBucket@W3DTreeBuffer@@IBEHABUCoord3D@@@Z	reference/CnC_Generals_Zero_Hour/GeneralsMD/Code/GameEngineDevice/Source/W3DDevice/GameClient/W3DTreeBuffer.cpp
0x001A3770	253	0.92	0.92	?findClosestEdgePoint@TerrainLogic@@UBE?AUCoord3D@@PBU2@@Z	reference/CnC_Generals_Zero_Hour/GeneralsMD/Code/GameEngine/Source/GameLogic/Map/TerrainLogic.cpp
0x001A3BD0	247	0.97	0.97	?changeWaterHeightOverTime@TerrainLogic@@UAEXPBVWaterHandle@@MMM@Z	reference/CnC_Generals_Zero_Hour/GeneralsMD/Code/GameEngine/Source/GameLogic/Map/TerrainLogic.cpp
0x001A4630	777	0.62	0.33	?unitMoved@W3DTreeBuffer@@QAEXPAVObject@@@Z	reference/CnC_Generals_Zero_Hour/GeneralsMD/Code/GameEngineDevice/Source/W3DDevice/GameClient/W3DTreeBuffer.cpp
0x001A4A00	777	0.62	0.33	?unitMoved@W3DTreeBuffer@@QAEXPAVObject@@@Z	reference/CnC_Generals_Zero_Hour/GeneralsMD/Code/GameEngineDevice/Source/W3DDevice/GameClient/W3DTreeBuffer.cpp
0x001A4DD0	829	0.60	0.37	?unitMoved@W3DTreeBuffer@@QAEXPAVObject@@@Z	reference/CnC_Generals_Zero_Hour/GeneralsMD/Code/GameEngineDevice/Source/W3DDevice/GameClient/W3DTreeBuffer.cpp
0x001A51F0	796	0.63	0.38	?unitMoved@W3DTreeBuffer@@QAEXPAVObject@@@Z	reference/CnC_Generals_Zero_Hour/GeneralsMD/Code/GameEngineDevice/Source/W3DDevice/GameClient/W3DTreeBuffer.cpp
0x001A55E0	801	0.63	0.38	?unitMoved@W3DTreeBuffer@@QAEXPAVObject@@@Z	reference/CnC_Generals_Zero_Hour/GeneralsMD/Code/GameEngineDevice/Source/W3DDevice/GameClient/W3DTreeBuffer.cpp
0x001A7E30	252	0.91	0.91	?objectInteractsWithBridgeLayer@TerrainLogic@@UBE_NPAVObject@@H_N@Z	reference/CnC_Generals_Zero_Hour/GeneralsMD/Code/GameEngine/Source/GameLogic/Map/TerrainLogic.cpp
0x001A9CE0	1412	0.86	0.56	??0Bridge@@QAE@PAVObject@@@Z	reference/CnC_Generals_Zero_Hour/GeneralsMD/Code/GameEngine/Source/GameLogic/Map/TerrainLogic.cpp
0x001AEA80	1102	0.61	0.35	?tryPosition@PartitionManager@@IAE_NPBUCoord3D@@MMPBUFindPositionOptions@@PAU2@@Z	reference/CnC_Generals_Zero_Hour/GeneralsMD/Code/GameEngine/Source/GameLogic/Object/PartitionManager.cpp
0x001B3510	805	0.66	0.66	?shotFired@FiringTracker@@QAEXPBVWeapon@@W4ObjectID@@@Z	reference/CnC_Generals_Zero_Hour/GeneralsMD/Code/GameEngine/Source/GameLogic/Object/FiringTracker.cpp
0x001B8400	1878	0.63	0.13	?rotateObjAroundLocoPivot@Locomotor@@IAE?AW4PhysicsTurningType@@PAVObject@@ABUCoord3D@@MPAM@Z	reference/CnC_Generals_Zero_Hour/GeneralsMD/Code/GameEngine/Source/GameLogic/Object/Locomotor.cpp
0x001BCE20	542	0.68	0.68	?locoUpdate_moveTowardsAngle@Locomotor@@QAEXPAVObject@@M@Z	reference/CnC_Generals_Zero_Hour/GeneralsMD/Code/GameEngine/Source/GameLogic/Object/Locomotor.cpp
0x001CB730	473	0.67	0.00	?xfer@?$BitFlags@$0CN@@@QAEXPAVXfer@@@Z	reference/CnC_Generals_Zero_Hour/GeneralsMD/Code/GameEngine/Source/GameLogic/Object/Object.cpp
0x001D4530	581	0.99	0.99	?setOrRestoreTeam@Object@@IAEXPAVTeam@@_N@Z	reference/CnC_Generals_Zero_Hour/GeneralsMD/Code/GameEngine/Source/GameLogic/Object/Object.cpp
0x001EBEB0	1065	0.70	0.48	?getAbleToUseWeaponAgainstTarget@WeaponSet@@QBE?AW4CanAttackResult@@W4AbleToAttackType@@PBVObject@@1PBUCoord3D@@W4CommandSourceType@@W4WeaponSlotType@@@Z	reference/CnC_Generals_Zero_Hour/GeneralsMD/Code/GameEngine/Source/GameLogic/Object/WeaponSet.cpp
0x001EC8E0	999	0.65	0.41	?getAbleToAttackSpecificObject@WeaponSet@@QBE?AW4CanAttackResult@@W4AbleToAttackType@@PBVObject@@1W4CommandSourceType@@W4WeaponSlotType@@@Z	reference/CnC_Generals_Zero_Hour/GeneralsMD/Code/GameEngine/Source/GameLogic/Object/WeaponSet.cpp
0x001EEDE0	1216	0.61	0.61	?update@AutoHealBehavior@@UAE?AW4UpdateSleepTime@@XZ	reference/CnC_Generals_Zero_Hour/GeneralsMD/Code/GameEngine/Source/GameLogic/Object/Behavior/AutoHealBehavior.cpp
0x0020B340	298	0.81	0.81	?onDie@SpawnBehavior@@UAEXPBVDamageInfo@@@Z	reference/CnC_Generals_Zero_Hour/GeneralsMD/Code/GameEngine/Source/GameLogic/Object/Behavior/SpawnBehavior.cpp
0x0020BAE0	743	0.80	0.80	?computeAggregateStates@SpawnBehavior@@QAEXXZ	reference/CnC_Generals_Zero_Hour/GeneralsMD/Code/GameEngine/Source/GameLogic/Object/Behavior/SpawnBehavior.cpp
0x0020FBC0	483	0.72	0.72	?attemptHealing@ActiveBody@@UAEXPAVDamageInfo@@@Z	reference/CnC_Generals_Zero_Hour/GeneralsMD/Code/GameEngine/Source/GameLogic/Object/Body/ActiveBody.cpp
0x00218A00	381	0.90	0.90	?executeCrateBehavior@UnitCrateCollide@@UAE_NPAVObject@@@Z	reference/CnC_Generals_Zero_Hour/GeneralsMD/Code/GameEngine/Source/GameLogic/Object/Collide/CrateCollide/UnitCrateCollide.cpp
0x002284D0	1039	0.81	0.05	?exitObjectViaDoor@OpenContain@@UAEXPAVObject@@W4ExitDoorType@@@Z	reference/CnC_Generals_Zero_Hour/GeneralsMD/Code/GameEngine/Source/GameLogic/Object/Contain/OpenContain.cpp
0x002289F0	1040	0.83	0.06	?exitObjectInAHurry@OpenContain@@UAEXPAVObject@@@Z	reference/CnC_Generals_Zero_Hour/GeneralsMD/Code/GameEngine/Source/GameLogic/Object/Contain/OpenContain.cpp
0x0022AC00	808	0.74	0.46	?onRemoving@RiderChangeContain@@UAEXPAVObject@@@Z	reference/CnC_Generals_Zero_Hour/GeneralsMD/Code/GameEngine/Source/GameLogic/Object/Contain/RiderChangeContain.cpp
0x0022DBA0	285	0.72	0.00	?isValidContainerFor@TransportContain@@UBE_NPBVObject@@_N@Z	reference/CnC_Generals_Zero_Hour/GeneralsMD/Code/GameEngine/Source/GameLogic/Object/Contain/TransportContain.cpp
0x00238740	232	0.63	0.20	?findMultiplayerColorDefinitionByName@MultiplayerSettings@@QAEPAVMultiplayerColorDefinition@@VAsciiString@@@Z	reference/CnC_Generals_Zero_Hour/GeneralsMD/Code/GameEngine/Source/Common/MultiplayerSettings.cpp
0x00254400	383	0.86	0.86	?onDie@CreateCrateDie@@UAEXPBVDamageInfo@@@Z	reference/CnC_Generals_Zero_Hour/GeneralsMD/Code/GameEngine/Source/GameLogic/Object/Die/CreateCrateDie.cpp
0x00254CF0	486	0.85	0.85	?onDie@CrushDie@@UAEXPBVDamageInfo@@@Z	reference/CnC_Generals_Zero_Hour/GeneralsMD/Code/GameEngine/Source/GameLogic/Object/Die/CrushDie.cpp
0x002563E0	552	0.93	0.38	?update@ObjectDefectionHelper@@UAE?AW4UpdateSleepTime@@XZ	reference/CnC_Generals_Zero_Hour/GeneralsMD/Code/GameEngine/Source/GameLogic/Object/Helper/ObjectDefectionHelper.cpp
0x0026AAC0	195	0.94	0.94	?getPercentReady@SpecialPowerModule@@UBEMXZ	reference/CnC_Generals_Zero_Hour/GeneralsMD/Code/GameEngine/Source/GameLogic/Object/SpecialPower/SpecialPowerModule.cpp
0x0026EED0	289	0.69	0.69	?calculateMaxBlockedSpeed@AIUpdateInterface@@IBEMPAVObject@@@Z	reference/CnC_Generals_Zero_Hour/GeneralsMD/Code/GameEngine/Source/GameLogic/Object/Update/AIUpdate.cpp
0x00274B60	566	0.72	0.72	?computeQuickPath@AIUpdateInterface@@QAE_NPBUCoord3D@@@Z	reference/CnC_Generals_Zero_Hour/GeneralsMD/Code/GameEngine/Source/GameLogic/Object/Update/AIUpdate.cpp
0x00275F30	1929	0.84	0.52	?computeAttackPath@AIUpdateInterface@@AAE_NPAVPathfindServicesInterface@@PBVObject@@PBUCoord3D@@@Z	reference/CnC_Generals_Zero_Hour/GeneralsMD/Code/GameEngine/Source/GameLogic/Object/Update/AIUpdate.cpp
0x002774C0	537	0.71	0.46	?getLocomotorDistanceToGoal@AIUpdateInterface@@QAEMXZ	reference/CnC_Generals_Zero_Hour/GeneralsMD/Code/GameEngine/Source/GameLogic/Object/Update/AIUpdate.cpp
0x0027CF60	972	0.69	0.37	?processCollision@AIUpdateInterface@@UAE_NPAVPhysicsBehavior@@PAVObject@@@Z	reference/CnC_Generals_Zero_Hour/GeneralsMD/Code/GameEngine/Source/GameLogic/Object/Update/AIUpdate.cpp
0x0028CAD0	380	0.79	0.47	?update@DemoTrapUpdate@@UAE?AW4UpdateSleepTime@@XZ	reference/CnC_Generals_Zero_Hour/GeneralsMD/Code/GameEngine/Source/GameLogic/Object/Update/DemoTrapUpdate.cpp
0x00295760	654	0.87	0.87	?update@HeightDieUpdate@@UAE?AW4UpdateSleepTime@@XZ	reference/CnC_Generals_Zero_Hour/GeneralsMD/Code/GameEngine/Source/GameLogic/Object/Update/HeightDieUpdate.cpp
0x002A4880	501	0.82	0.07	?doAttackLogic@SlavedUpdate@@QAEXPBVObject@@@Z	reference/CnC_Generals_Zero_Hour/GeneralsMD/Code/GameEngine/Source/GameLogic/Object/Update/SlavedUpdate.cpp
0x002A4B00	451	0.82	0.01	?doScoutLogic@SlavedUpdate@@QAEXPBUCoord3D@@@Z	reference/CnC_Generals_Zero_Hour/GeneralsMD/Code/GameEngine/Source/GameLogic/Object/Update/SlavedUpdate.cpp
0x002A4F90	679	0.89	0.89	?setRepairState@SlavedUpdate@@QAEXW4RepairStates@@@Z	reference/CnC_Generals_Zero_Hour/GeneralsMD/Code/GameEngine/Source/GameLogic/Object/Update/SlavedUpdate.cpp
0x002A5300	373	0.78	0.78	?doRepairLogic@SlavedUpdate@@QAEXXZ	reference/CnC_Generals_Zero_Hour/GeneralsMD/Code/GameEngine/Source/GameLogic/Object/Update/SlavedUpdate.cpp
0x002A5500	858	0.79	0.52	?update@SlavedUpdate@@UAE?AW4UpdateSleepTime@@XZ	reference/CnC_Generals_Zero_Hour/GeneralsMD/Code/GameEngine/Source/GameLogic/Object/Update/SlavedUpdate.cpp
0x002A6260	150	1.00	0.49	?isPowerCurrentlyInUse@SpecialAbilityUpdate@@UBE_NPBVCommandButton@@@Z	reference/CnC_Generals_Zero_Hour/GeneralsMD/Code/GameEngine/Source/GameLogic/Object/Update/SpecialAbilityUpdate.cpp
0x002A71E0	681	0.74	0.74	?continuePreparation@SpecialAbilityUpdate@@IAE_NXZ	reference/CnC_Generals_Zero_Hour/GeneralsMD/Code/GameEngine/Source/GameLogic/Object/Update/SpecialAbilityUpdate.cpp
0x002AA4B0	734	0.71	0.71	?finishAbility@SpecialAbilityUpdate@@IAEXXZ	reference/CnC_Generals_Zero_Hour/GeneralsMD/Code/GameEngine/Source/GameLogic/Object/Update/SpecialAbilityUpdate.cpp
0x002B0250	964	0.89	0.36	?update@StructureToppleUpdate@@UAE?AW4UpdateSleepTime@@XZ	reference/CnC_Generals_Zero_Hour/GeneralsMD/Code/GameEngine/Source/GameLogic/Object/Update/StructureToppleUpdate.cpp
0x002B9B80	330	0.96	0.24	?aiDoCommand@DozerAIUpdate@@UAEXPBUAICommandParms@@@Z	reference/CnC_Generals_Zero_Hour/GeneralsMD/Code/GameEngine/Source/GameLogic/Object/Update/AIUpdate/DozerAIUpdate.cpp
0x002BD310	525	0.75	0.13	?onEnter@AIGuardOuterState@@UAE?AW4StateReturnType@@XZ	reference/CnC_Generals_Zero_Hour/GeneralsMD/Code/GameEngine/Source/GameLogic/AI/AIGuard.cpp
0x002BD6F0	354	0.73	0.05	?onEnter@AITNGuardAttackAggressorState@@UAE?AW4StateReturnType@@XZ	reference/CnC_Generals_Zero_Hour/GeneralsMD/Code/GameEngine/Source/GameLogic/AI/AITNGuard.cpp
0x002C0FE0	290	0.66	0.31	?update@AIGuardIdleState@@UAE?AW4StateReturnType@@XZ	reference/CnC_Generals_Zero_Hour/GeneralsMD/Code/GameEngine/Source/GameLogic/AI/AIGuard.cpp
0x002C6DD0	470	0.79	0.79	?onEnter@RegroupingState@@UAE?AW4StateReturnType@@XZ	reference/CnC_Generals_Zero_Hour/GeneralsMD/Code/GameEngine/Source/GameLogic/Object/Update/AIUpdate/SupplyTruckAIUpdate.cpp
0x002C7330	177	0.92	0.00	?privateForceAttackObject@TransportAIUpdate@@MAEXPAVObject@@HW4CommandSourceType@@@Z	reference/CnC_Generals_Zero_Hour/GeneralsMD/Code/GameEngine/Source/GameLogic/Object/Update/AIUpdate/TransportAIUpdate.cpp
0x002C7410	177	0.92	0.00	?privateForceAttackObject@TransportAIUpdate@@MAEXPAVObject@@HW4CommandSourceType@@@Z	reference/CnC_Generals_Zero_Hour/GeneralsMD/Code/GameEngine/Source/GameLogic/Object/Update/AIUpdate/TransportAIUpdate.cpp
0x002CEA90	446	0.86	0.86	?doPushOutDocking@RailedTransportDockUpdate@@IAEXXZ	reference/CnC_Generals_Zero_Hour/GeneralsMD/Code/GameEngine/Source/GameLogic/Object/Update/DockUpdate/RailedTransportDockUpdate.cpp
0x002D01E0	534	0.93	0.20	?exitObjectViaDoor@DefaultProductionExitUpdate@@UAEXPAVObject@@W4ExitDoorType@@@Z	reference/CnC_Generals_Zero_Hour/GeneralsMD/Code/GameEngine/Source/GameLogic/Object/Update/ProductionExitUpdate/DefaultProductionExitUpdate.cpp
0x002D2790	565	0.90	0.24	?exitObjectViaDoor@SupplyCenterProductionExitUpdate@@UAEXPAVObject@@W4ExitDoorType@@@Z	reference/CnC_Generals_Zero_Hour/GeneralsMD/Code/GameEngine/Source/GameLogic/Object/Update/ProductionExitUpdate/SupplyCenterProductionExitUpdate.cpp
0x002FFB60	464	0.79	0.35	?doTeamPartialUseCommandButton@ScriptActions@@IAEXMABVAsciiString@@0@Z	reference/CnC_Generals_Zero_Hour/GeneralsMD/Code/GameEngine/Source/GameLogic/ScriptEngine/ScriptActions.cpp
0x003006B0	2445	0.65	0.38	?doCreateReinforcements@ScriptActions@@IAEXABVAsciiString@@0@Z	reference/CnC_Generals_Zero_Hour/GeneralsMD/Code/GameEngine/Source/GameLogic/ScriptEngine/ScriptActions.cpp
0x003014C0	979	0.66	0.66	?doLoadAllTransports@ScriptActions@@IAEXABVAsciiString@@@Z	reference/CnC_Generals_Zero_Hour/GeneralsMD/Code/GameEngine/Source/GameLogic/ScriptEngine/ScriptActions.cpp
0x003240F0	230	0.77	0.77	?evaluateSkirmishPlayerHasPrereqsToBuild@ScriptConditions@@IAE_NPAVParameter@@0@Z	reference/CnC_Generals_Zero_Hour/GeneralsMD/Code/GameEngine/Source/GameLogic/ScriptEngine/ScriptConditions.cpp
0x0032B730	211	0.97	0.97	?evaluateNamedSelected@ScriptConditions@@IAE_NPAVCondition@@PAVParameter@@@Z	reference/CnC_Generals_Zero_Hour/GeneralsMD/Code/GameEngine/Source/GameLogic/ScriptEngine/ScriptConditions.cpp
0x00362F30	229	0.90	0.04	??0MeshGeometryClass@@QAE@ABV0@@Z	reference/CnC_Generals_Zero_Hour/GeneralsMD/Code/Libraries/Source/WWVegas/WW3D2/meshgeometry.cpp
0x0038A9F0	737	0.73	0.73	?placeNetworkBuildingsForPlayer@@YAXHPBVGameSlot@@PAVPlayer@@PBVPlayerTemplate@@@Z	reference/CnC_Generals_Zero_Hour/GeneralsMD/Code/GameEngine/Source/GameLogic/System/GameLogic.cpp
0x0038F4B0	608	0.69	0.69	?reset@GameLogic@@UAEXXZ	reference/CnC_Generals_Zero_Hour/GeneralsMD/Code/GameEngine/Source/GameLogic/System/GameLogic.cpp
0x00390A50	1071	0.62	0.62	?populateRandomSideAndColor@@YAXPAVGameInfo@@@Z	reference/CnC_Generals_Zero_Hour/GeneralsMD/Code/GameEngine/Source/GameLogic/System/GameLogic.cpp
0x003A18D0	270	0.71	0.01	??0MeshClass@@QAE@ABV0@@Z	reference/CnC_Generals_Zero_Hour/GeneralsMD/Code/Libraries/Source/WWVegas/WW3D2/mesh.cpp
0x003A39C0	160	0.69	0.05	?Generate_Culling_Tree@MeshGeometryClass@@IAEXXZ	reference/CnC_Generals_Zero_Hour/GeneralsMD/Code/Libraries/Source/WWVegas/WW3D2/meshgeometry.cpp
0x003C2FC0	394	0.66	0.06	??0DecalGeneratorClass@@IAE@KPAVDecalSystemClass@@@Z	reference/CnC_Generals_Zero_Hour/GeneralsMD/Code/Libraries/Source/WWVegas/WW3D2/decalsys.cpp
0x003C97B0	366	0.65	0.03	??1SpecialPowerStore@@UAE@XZ	reference/CnC_Generals_Zero_Hour/GeneralsMD/Code/GameEngine/Source/Common/RTS/SpecialPower.cpp
0x003CA480	265	0.77	0.00	??1SpecialPowerStore@@UAE@XZ	reference/CnC_Generals_Zero_Hour/GeneralsMD/Code/GameEngine/Source/Common/RTS/SpecialPower.cpp
0x003CED50	290	0.67	0.02	??0LookupTableClass@@QAE@H@Z	reference/CnC_Generals_Zero_Hour/GeneralsMD/Code/Libraries/Source/WWVegas/WWMath/lookuptable.cpp
0x003D60E0	152	0.85	0.85	?computeNormalRadialOffset@@YAXABUCoord3D@@AAU1@0PAVObject@@M@Z	reference/CnC_Generals_Zero_Hour/GeneralsMD/Code/GameEngine/Source/GameLogic/AI/AIPathfind.cpp
0x003D6210	181	0.74	0.74	?checkForPossible@Pathfinder@@IAE_N_NH0ABVLocomotorSet@@HHW4PathfindLayerEnum@@PAUCoord3D@@0@Z	reference/CnC_Generals_Zero_Hour/GeneralsMD/Code/GameEngine/Source/GameLogic/AI/AIPathfind.cpp
0x003DCBA0	373	0.74	0.74	?circleClipsTallBuilding@Pathfinder@@IAE_NPBUCoord3D@@0MW4ObjectID@@PAU2@@Z	reference/CnC_Generals_Zero_Hour/GeneralsMD/Code/GameEngine/Source/GameLogic/AI/AIPathfind.cpp
0x003DD930	987	0.63	0.39	?prependCells@Pathfinder@@IAEXPAVPath@@PBUCoord3D@@PAVPathfindCell@@_N@Z	reference/CnC_Generals_Zero_Hour/GeneralsMD/Code/GameEngine/Source/GameLogic/AI/AIPathfind.cpp
0x003E3D20	466	0.71	0.27	?removeGoal@Pathfinder@@QAEXPAVObject@@@Z	reference/CnC_Generals_Zero_Hour/GeneralsMD/Code/GameEngine/Source/GameLogic/AI/AIPathfind.cpp
0x003E3F70	424	0.75	0.75	?removePos@Pathfinder@@QAEXPAVObject@@@Z	reference/CnC_Generals_Zero_Hour/GeneralsMD/Code/GameEngine/Source/GameLogic/AI/AIPathfind.cpp
0x003E5E40	460	0.63	0.09	?checkDestination@Pathfinder@@IAE_NPBVObject@@HHW4PathfindLayerEnum@@H_N@Z	reference/CnC_Generals_Zero_Hour/GeneralsMD/Code/GameEngine/Source/GameLogic/AI/AIPathfind.cpp
0x003EAC80	1101	0.83	0.24	?adjustToPossibleDestination@Pathfinder@@QAE_NPAVObject@@ABVLocomotorSet@@PAUCoord3D@@@Z	reference/CnC_Generals_Zero_Hour/GeneralsMD/Code/GameEngine/Source/GameLogic/AI/AIPathfind.cpp
0x003EC141	1520	0.63	0.32	?patchPath@Pathfinder@@EAEPAVPath@@PBVObject@@ABVLocomotorSet@@PAV2@_N@Z	reference/CnC_Generals_Zero_Hour/GeneralsMD/Code/GameEngine/Source/GameLogic/AI/AIPathfind.cpp
0x003EC8C0	750	0.77	0.42	?findSafePath@Pathfinder@@EAEPAVPath@@PBVObject@@ABVLocomotorSet@@PBUCoord3D@@22M@Z	reference/CnC_Generals_Zero_Hour/GeneralsMD/Code/GameEngine/Source/GameLogic/AI/AIPathfind.cpp
0x003ECC70	640	0.94	0.94	?segmentIntersectsTallBuilding@Pathfinder@@IAE_NPBVPathNode@@PAV2@W4ObjectID@@PAUCoord3D@@33@Z	reference/CnC_Generals_Zero_Hour/GeneralsMD/Code/GameEngine/Source/GameLogic/AI/AIPathfind.cpp
0x003EDC50	657	0.83	0.83	?getAircraftPath@Pathfinder@@QAEPAVPath@@PBVObject@@PBUCoord3D@@@Z	reference/CnC_Generals_Zero_Hour/GeneralsMD/Code/GameEngine/Source/GameLogic/AI/AIPathfind.cpp
0x003F1690	337	0.70	0.06	?tightenPathCallback@Pathfinder@@KAHPAV1@PAVPathfindCell@@1HHPAX@Z	reference/CnC_Generals_Zero_Hour/GeneralsMD/Code/GameEngine/Source/GameLogic/AI/AIPathfind.cpp
0x003F2160	2045	0.69	0.42	?findGroundPath@Pathfinder@@QAEPAVPath@@PBUCoord3D@@0H_N@Z	reference/CnC_Generals_Zero_Hour/GeneralsMD/Code/GameEngine/Source/GameLogic/AI/AIPathfind.cpp
0x003FBED0	767	0.63	0.09	?allocateCellsForWallLayer@PathfindLayer@@QAEXPBUIRegion2D@@PAW4ObjectID@@H@Z	reference/CnC_Generals_Zero_Hour/GeneralsMD/Code/GameEngine/Source/GameLogic/AI/AIPathfind.cpp
0x0040D540	455	0.82	0.82	?addText@CreditsManager@@QAEXVAsciiString@@@Z	reference/CnC_Generals_Zero_Hour/GeneralsMD/Code/GameEngine/Source/GameClient/Credits.cpp
0x00410F90	276	0.71	0.71	?drawUIText@Drawable@@QAEXXZ	reference/CnC_Generals_Zero_Hour/GeneralsMD/Code/GameEngine/Source/GameClient/Drawable.cpp
0x00415790	496	0.98	0.67	?update@TintEnvelope@@QAEXXZ	reference/CnC_Generals_Zero_Hour/GeneralsMD/Code/GameEngine/Source/GameClient/Drawable.cpp
0x0041A2E0	466	0.68	0.68	?flashAsSelected@Drawable@@QAEXPBURGBColor@@@Z	reference/CnC_Generals_Zero_Hour/GeneralsMD/Code/GameEngine/Source/GameClient/Drawable.cpp
0x00421830	674	0.95	0.95	?draw@Drawable@@QAEXPAVView@@@Z	reference/CnC_Generals_Zero_Hour/GeneralsMD/Code/GameEngine/Source/GameClient/Drawable.cpp
0x00425720	204	0.62	0.03	?preloadAssets@ParticleSystemManager@@UAEXW4TimeOfDay@@@Z	reference/CnC_Generals_Zero_Hour/GeneralsMD/Code/GameEngine/Source/GameClient/System/ParticleSys.cpp
0x0042F5A0	2666	0.84	0.60	?init@GameClient@@UAEXXZ	reference/CnC_Generals_Zero_Hour/GeneralsMD/Code/GameEngine/Source/GameClient/GameClient.cpp
0x00432010	1361	0.70	0.44	?xfer@GameClient@@MAEXPAVXfer@@@Z	reference/CnC_Generals_Zero_Hour/GeneralsMD/Code/GameEngine/Source/GameClient/GameClient.cpp
0x00433340	612	0.76	0.36	??0GameClient@@QAE@XZ	reference/CnC_Generals_Zero_Hour/GeneralsMD/Code/GameEngine/Source/GameClient/GameClient.cpp
0x00436992	537	0.71	0.13	?parseStringFile@GameTextManager@@IAE_NPBD@Z	reference/CnC_Generals_Zero_Hour/GeneralsMD/Code/GameEngine/Source/GameClient/GameText.cpp
0x00443720	296	0.98	0.98	?addWorldAnimation@InGameUI@@QAEXPAVAnim2DTemplate@@PBUCoord3D@@W4WorldAnimationOptions@@MM@Z	reference/CnC_Generals_Zero_Hour/GeneralsMD/Code/GameEngine/Source/GameClient/InGameUI.cpp
0x0044B3F0	716	0.83	0.83	?reset@InGameUI@@UAEXXZ	reference/CnC_Generals_Zero_Hour/GeneralsMD/Code/GameEngine/Source/GameClient/InGameUI.cpp
0x0044F960	427	0.92	0.46	?positionStartSpotControls@@YAXPAVGameWindow@@0PAUCoord3D@@PAVMapMetaData@@QAPAV1@@Z	reference/CnC_Generals_Zero_Hour/GeneralsMD/Code/GameEngine/Source/GameClient/GUI/GUICallbacks/Menus/SkirmishGameOptionsMenu.cpp
0x00452AD0	656	0.85	0.85	?positionAdditionalImages@@YAXPAVMapMetaData@@PAVGameWindow@@_N@Z	reference/CnC_Generals_Zero_Hour/GeneralsMD/Code/GameEngine/Source/GameClient/GUI/GUICallbacks/Menus/SkirmishGameOptionsMenu.cpp
0x00454300	164	0.98	0.37	?resetMap@@YAXXZ	reference/CnC_Generals_Zero_Hour/GeneralsMD/Code/GameEngine/Source/GameClient/MapUtil.cpp
0x00454B00	802	0.68	0.68	?loadMap@@YA_NVAsciiString@@@Z	reference/CnC_Generals_Zero_Hour/GeneralsMD/Code/GameEngine/Source/GameClient/MapUtil.cpp
0x004550C0	1814	0.67	0.39	?writeCacheINI@MapCache@@AAEX_N@Z	reference/CnC_Generals_Zero_Hour/GeneralsMD/Code/GameEngine/Source/GameClient/MapUtil.cpp
0x00458C80	376	0.83	0.83	?createRadiusDecal@RadiusDecalTemplate@@QBEXABUCoord3D@@MPBVPlayer@@AAVRadiusDecal@@@Z	reference/CnC_Generals_Zero_Hour/GeneralsMD/Code/GameEngine/Source/GameClient/RadiusDecal.cpp
0x0045C2F0	229	1.00	1.00	?getScreenCornerWorldPointsAtZ@View@@UAEXPAUCoord3D@@000M@Z	reference/CnC_Generals_Zero_Hour/GeneralsMD/Code/GameEngine/Source/GameClient/View.cpp
0x00462B40	156	0.80	0.16	?findAllAudioEventsOfType@AudioManager@@UAEXW4AudioType@@AAV?$vector@PAUAudioEventInfo@@V?$allocator@PAUAudioEventInfo@@@_STL@@@_STL@@@Z	reference/CnC_Generals_Zero_Hour/GeneralsMD/Code/GameEngine/Source/Common/Audio/GameAudio.cpp
0x0047DEC0	264	0.83	0.04	?gogoGadgetRadioButton@GameWindowManager@@UAEPAVGameWindow@@PAV2@IHHHHPAVWinInstanceData@@PAU_RadioButtonData@@PAVGameFont@@_N@Z	reference/CnC_Generals_Zero_Hour/GeneralsMD/Code/GameEngine/Source/GameClient/GUI/GameWindowManager.cpp
0x0047E010	325	0.82	0.82	?gogoGadgetStaticText@GameWindowManager@@UAEPAVGameWindow@@PAV2@IHHHHPAVWinInstanceData@@PAU_TextData@@PAVGameFont@@_N@Z	reference/CnC_Generals_Zero_Hour/GeneralsMD/Code/GameEngine/Source/GameClient/GUI/GameWindowManager.cpp
0x0047FCF0	738	0.78	0.78	?gogoGadgetTextEntry@GameWindowManager@@UAEPAVGameWindow@@PAV2@IHHHHPAVWinInstanceData@@PAU_EntryData@@PAVGameFont@@_N@Z	reference/CnC_Generals_Zero_Hour/GeneralsMD/Code/GameEngine/Source/GameClient/GUI/GameWindowManager.cpp
0x004850C0	736	0.89	0.89	?parseData@@YA_NPAPAXPAD1@Z	reference/CnC_Generals_Zero_Hour/GeneralsMD/Code/GameEngine/Source/GameClient/GUI/GameWindowManagerScript.cpp
0x0049DA40	464	0.75	0.75	??1ControlBar@@UAE@XZ	reference/CnC_Generals_Zero_Hour/GeneralsMD/Code/GameEngine/Source/GameClient/GUI/ControlBar/ControlBar.cpp
0x004A5950	959	0.60	0.39	?updateContextCommand@ControlBar@@IAEXXZ	reference/CnC_Generals_Zero_Hour/GeneralsMD/Code/GameEngine/Source/GameClient/GUI/ControlBar/ControlBarCommand.cpp
0x004A9010	600	0.70	0.70	?addCommonCommands@ControlBar@@IAEXPAVDrawable@@_N@Z	reference/CnC_Generals_Zero_Hour/GeneralsMD/Code/GameEngine/Source/GameClient/GUI/ControlBar/ControlBarMultiSelect.cpp
0x004A9620	655	0.78	0.32	?updateContextMultiSelect@ControlBar@@IAEXXZ	reference/CnC_Generals_Zero_Hour/GeneralsMD/Code/GameEngine/Source/GameClient/GUI/ControlBar/ControlBarMultiSelect.cpp
0x004B42F0	2153	0.62	0.31	?GadgetComboBoxSystem@@YA?AW4WindowMsgHandledType@@PAVGameWindow@@III@Z	reference/CnC_Generals_Zero_Hour/GeneralsMD/Code/GameEngine/Source/GameClient/GUI/Gadget/GadgetComboBox.cpp
0x004B5530	951	0.84	0.01	?GadgetHorizontalSliderSystem@@YA?AW4WindowMsgHandledType@@PAVGameWindow@@III@Z	reference/CnC_Generals_Zero_Hour/GeneralsMD/Code/GameEngine/Source/GameClient/GUI/Gadget/GadgetHorizontalSlider.cpp
0x004BE340	744	0.82	0.82	?GadgetTextEntrySystem@@YA?AW4WindowMsgHandledType@@PAVGameWindow@@III@Z	reference/CnC_Generals_Zero_Hour/GeneralsMD/Code/GameEngine/Source/GameClient/GUI/Gadget/GadgetTextEntry.cpp
0x004BFBE0	806	0.87	0.19	?GadgetVerticalSliderSystem@@YA?AW4WindowMsgHandledType@@PAVGameWindow@@III@Z	reference/CnC_Generals_Zero_Hour/GeneralsMD/Code/GameEngine/Source/GameClient/GUI/Gadget/GadgetVerticalSlider.cpp
0x004C0560	1459	0.73	0.73	?ControlBarSystem@@YA?AW4WindowMsgHandledType@@PAVGameWindow@@III@Z	reference/CnC_Generals_Zero_Hour/GeneralsMD/Code/GameEngine/Source/GameClient/GUI/GUICallbacks/ControlBarCallback.cpp
0x004C0E10	439	0.81	0.12	?ShowControlBar@@YAX_N@Z	reference/CnC_Generals_Zero_Hour/GeneralsMD/Code/GameEngine/Source/GameClient/GUI/GUICallbacks/ControlBarCallback.cpp
0x004C15D0	678	0.64	0.64	?showBuildTooltipLayout@ControlBar@@QAEXPAVGameWindow@@@Z	reference/CnC_Generals_Zero_Hour/GeneralsMD/Code/GameEngine/Source/GameClient/GUI/GUICallbacks/ControlBarPopupDescription.cpp
0x004C3DE0	962	0.93	0.93	?ShowDiplomacy@@YAX_N@Z	reference/CnC_Generals_Zero_Hour/GeneralsMD/Code/GameEngine/Source/GameClient/GUI/GUICallbacks/Diplomacy.cpp
0x004C4BD0	838	0.90	0.90	?IMECandidateTextAreaDraw@@YAXPAVGameWindow@@PAVWinInstanceData@@@Z	reference/CnC_Generals_Zero_Hour/GeneralsMD/Code/GameEngine/Source/GameClient/GUI/GUICallbacks/IMECandidate.cpp
0x004C8B40	1026	0.89	0.45	?RefreshGameInfoWindow@@YAXPAVGameInfo@@VUnicodeString@@@Z	reference/CnC_Generals_Zero_Hour/GeneralsMD/Code/GameEngine/Source/GameClient/GUI/GUICallbacks/Menus/GameInfoWindow.cpp
0x004CC660	468	0.73	0.73	?updateGameOptions@@YAXXZ	reference/CnC_Generals_Zero_Hour/GeneralsMD/Code/GameEngine/Source/GameClient/GUI/GUICallbacks/Menus/LanGameOptionsMenu.cpp
0x004CD820	437	0.79	0.79	?handlePlayerTemplateSelection@@YAXH@Z	reference/CnC_Generals_Zero_Hour/GeneralsMD/Code/GameEngine/Source/GameClient/GUI/GUICallbacks/Menus/LanGameOptionsMenu.cpp
0x004CE980	510	0.76	0.76	?LanLobbyMenuUpdate@@YAXPAVWindowLayout@@PAX@Z	reference/CnC_Generals_Zero_Hour/GeneralsMD/Code/GameEngine/Source/GameClient/GUI/GUICallbacks/Menus/LanLobbyMenu.cpp
0x004D0820	1588	0.86	0.10	?LanMapSelectMenuSystem@@YA?AW4WindowMsgHandledType@@PAVGameWindow@@III@Z	reference/CnC_Generals_Zero_Hour/GeneralsMD/Code/GameEngine/Source/GameClient/GUI/GUICallbacks/Menus/LanMapSelectMenu.cpp
0x004D1370	868	0.69	0.28	?MapSelectMenuInit@@YAXPAVWindowLayout@@PAX@Z	reference/CnC_Generals_Zero_Hour/GeneralsMD/Code/GameEngine/Source/GameClient/GUI/GUICallbacks/Menus/MapSelectMenu.cpp
0x004D1C40	1628	0.87	0.47	?MapSelectMenuSystem@@YA?AW4WindowMsgHandledType@@PAVGameWindow@@III@Z	reference/CnC_Generals_Zero_Hour/GeneralsMD/Code/GameEngine/Source/GameClient/GUI/GUICallbacks/Menus/MapSelectMenu.cpp
0x004D2700	1330	0.82	0.44	?NetworkDirectConnectInit@@YAXPAVWindowLayout@@PAX@Z	reference/CnC_Generals_Zero_Hour/GeneralsMD/Code/GameEngine/Source/GameClient/GUI/GUICallbacks/Menus/NetworkDirectConnect.cpp
0x004D3650	636	0.81	0.14	?JoinDirectConnectGame@@YAXXZ	reference/CnC_Generals_Zero_Hour/GeneralsMD/Code/GameEngine/Source/GameClient/GUI/GUICallbacks/Menus/NetworkDirectConnect.cpp
0x004DFEF0	1517	0.94	0.53	?SaveLoadMenuSystem@@YA?AW4WindowMsgHandledType@@PAVGameWindow@@III@Z	reference/CnC_Generals_Zero_Hour/GeneralsMD/Code/GameEngine/Source/GameClient/GUI/GUICallbacks/Menus/PopupSaveLoad.cpp
0x004E0A70	1248	0.99	0.56	?ReplayMenuSystem@@YA?AW4WindowMsgHandledType@@PAVGameWindow@@III@Z	reference/CnC_Generals_Zero_Hour/GeneralsMD/Code/GameEngine/Source/GameClient/GUI/GUICallbacks/Menus/ReplayMenu.cpp
0x004E1450	1774	0.70	0.60	?PopulateReplayFileListbox@@YAXPAVGameWindow@@@Z	reference/CnC_Generals_Zero_Hour/GeneralsMD/Code/GameEngine/Source/GameClient/GUI/GUICallbacks/Menus/ReplayMenu.cpp
0x004E5420	1170	0.91	0.52	?ScoreScreenSystem@@YA?AW4WindowMsgHandledType@@PAVGameWindow@@III@Z	reference/CnC_Generals_Zero_Hour/GeneralsMD/Code/GameEngine/Source/GameClient/GUI/GUICallbacks/Menus/ScoreScreen.cpp
0x004F2C00	2751	0.66	0.42	?InitWOLGameGadgets@@YAXXZ	reference/CnC_Generals_Zero_Hour/GeneralsMD/Code/GameEngine/Source/GameClient/GUI/GUICallbacks/Menus/WOLGameSetupMenu.cpp
0x004F3F20	560	0.72	0.72	?handleColorSelection@@YAXH@Z	reference/CnC_Generals_Zero_Hour/GeneralsMD/Code/GameEngine/Source/GameClient/GUI/GUICallbacks/Menus/LanGameOptionsMenu.cpp
0x004F52C0	2101	0.79	0.51	?WOLGameSetupMenuInit@@YAXPAVWindowLayout@@PAX@Z	reference/CnC_Generals_Zero_Hour/GeneralsMD/Code/GameEngine/Source/GameClient/GUI/GUICallbacks/Menus/WOLGameSetupMenu.cpp
0x004FFB80	593	0.79	0.79	?isAgeOkay@@YA_NAAVAsciiString@@0V1@@Z	reference/CnC_Generals_Zero_Hour/GeneralsMD/Code/GameEngine/Source/GameClient/GUI/GUICallbacks/Menus/WOLLoginMenu.cpp
0x00504600	1372	0.95	0.14	?WOLMapSelectMenuSystem@@YA?AW4WindowMsgHandledType@@PAVGameWindow@@III@Z	reference/CnC_Generals_Zero_Hour/GeneralsMD/Code/GameEngine/Source/GameClient/GUI/GUICallbacks/Menus/WOLMapSelectMenu.cpp
0x005082D0	726	0.70	0.70	?PopulatePlayerTemplateComboBox@@YAXHQAPAVGameWindow@@PAVGameInfo@@_N@Z	reference/CnC_Generals_Zero_Hour/GeneralsMD/Code/GameEngine/Source/GameNetwork/GUIUtil.cpp
0x00508660	1254	0.65	0.65	?PopulateCustomLadderListBox@@YAXPAVGameWindow@@@Z	reference/CnC_Generals_Zero_Hour/GeneralsMD/Code/GameEngine/Source/GameClient/GUI/GUICallbacks/Menus/PopupHostGame.cpp
0x00520670	257	0.67	0.67	??0DynamicMeshModel@@QAE@ABV0@@Z	reference/CnC_Generals_Zero_Hour/GeneralsMD/Code/Libraries/Source/WWVegas/WW3D2/dynamesh.cpp
0x00572A60	349	0.65	0.65	?getUnicodeBuildTime@Version@@QAE?AVUnicodeString@@XZ	reference/CnC_Generals_Zero_Hour/GeneralsMD/Code/GameEngine/Source/Common/version.cpp
0x0059ABC0	952	0.67	0.16	?PushButtonImageDrawThree@@YAXPAVGameWindow@@H@Z	reference/CnC_Generals_Zero_Hour/GeneralsMD/Code/GameEngine/Source/GameClient/GUI/GameWindowTransitionsStyles.cpp
0x005A0450	363	0.90	0.12	?drawTypeText@@YAXPAVGameWindow@@PAVDisplayString@@@Z	reference/CnC_Generals_Zero_Hour/GeneralsMD/Code/GameEngine/Source/GameClient/GUI/GameWindowTransitionsStyles.cpp
0x005A88E0	172	0.76	0.76	?canObjectForceAttack@@YA?AW4CanAttackResult@@PAVObject@@PBV2@PBUCoord3D@@@Z	reference/CnC_Generals_Zero_Hour/GeneralsMD/Code/GameEngine/Source/GameClient/MessageStream/CommandXlat.cpp
0x005ACF80	746	0.69	0.05	?issueSpecialPowerCommand@CommandTranslator@@AAE?AW4Type@GameMessage@@PBVCommandButton@@W4CommandEvaluateType@1@PAVDrawable@@PBUCoord3D@@PAVObject@@@Z	reference/CnC_Generals_Zero_Hour/GeneralsMD/Code/GameEngine/Source/GameClient/MessageStream/CommandXlat.cpp
0x005AD660	685	0.75	0.13	?issueFireWeaponCommand@CommandTranslator@@AAE?AW4Type@GameMessage@@PBVCommandButton@@W4CommandEvaluateType@1@PAVDrawable@@PBUCoord3D@@@Z	reference/CnC_Generals_Zero_Hour/GeneralsMD/Code/GameEngine/Source/GameClient/MessageStream/CommandXlat.cpp
0x005ADC10	509	0.77	0.77	?evaluateForceAttack@CommandTranslator@@QAE?AW4Type@GameMessage@@PAVDrawable@@PBUCoord3D@@W4CommandEvaluateType@1@@Z	reference/CnC_Generals_Zero_Hour/GeneralsMD/Code/GameEngine/Source/GameClient/MessageStream/CommandXlat.cpp
0x005B1A80	396	0.88	0.88	?doGuardCommand@@YA?AW4CommandStatus@@PBVCommandButton@@W4GuardMode@@PBUICoord2D@@@Z	reference/CnC_Generals_Zero_Hour/GeneralsMD/Code/GameEngine/Source/GameClient/MessageStream/GUICommandTranslator.cpp
0x005BC020	186	0.82	0.09	??1CampaignManager@@QAE@XZ	reference/CnC_Generals_Zero_Hour/GeneralsMD/Code/GameEngine/Source/GameClient/System/CampaignManager.cpp
0x005CA370	1345	0.66	0.43	?ParticleSystemDebugDisplay@@YAXPAVDebugDisplayInterface@@PAXPAU_iobuf@@@Z	reference/CnC_Generals_Zero_Hour/GeneralsMD/Code/GameEngine/Source/GameClient/System/ParticleSys.cpp
0x005CB61C	202	0.72	0.17	?findParentTemplate@ParticleSystemManager@@QBEPAVParticleSystemTemplate@@ABVAsciiString@@H@Z	reference/CnC_Generals_Zero_Hour/GeneralsMD/Code/GameEngine/Source/GameClient/System/ParticleSys.cpp
0x005D0530	844	0.66	0.66	?generateParticleInfo@ParticleSystem@@IAEPBVParticleInfo@@HH@Z	reference/CnC_Generals_Zero_Hour/GeneralsMD/Code/GameEngine/Source/GameClient/System/ParticleSys.cpp
0x005D1140	1744	0.71	0.51	?update@ParticleSystem@@UAE_NH@Z	reference/CnC_Generals_Zero_Hour/GeneralsMD/Code/GameEngine/Source/GameClient/System/ParticleSys.cpp
0x005EFF60	349	0.62	0.22	??0RunwayInfo@FlightDeckBehavior@@QAE@ABU01@@Z	reference/CnC_Generals_Zero_Hour/GeneralsMD/Code/GameEngine/Source/GameLogic/Object/Behavior/FlightDeckBehavior.cpp
0x005F3EE0	383	0.83	0.21	??0W3DParticleSystemManager@@QAE@XZ	reference/CnC_Generals_Zero_Hour/GeneralsMD/Code/GameEngineDevice/Source/W3DDevice/GameClient/W3DParticleSys.cpp
0x005FD050	164	0.66	0.66	?xfer@Radar@@MAEXPAVXfer@@@Z	reference/CnC_Generals_Zero_Hour/GeneralsMD/Code/GameEngine/Source/Common/System/Radar.cpp
0x00604620	246	0.80	0.34	?updateSway@SwayClientUpdate@@IAEXXZ	reference/CnC_Generals_Zero_Hour/GeneralsMD/Code/GameEngine/Source/GameClient/Drawable/Update/SwayClientUpdate.cpp
0x00604840	573	0.91	0.35	?clientUpdate@SwayClientUpdate@@UAEXXZ	reference/CnC_Generals_Zero_Hour/GeneralsMD/Code/GameEngine/Source/GameClient/Drawable/Update/SwayClientUpdate.cpp
0x006086E0	201	0.70	0.04	??0MinefieldBehavior@@QAE@PAVThing@@PBVModuleData@@@Z	reference/CnC_Generals_Zero_Hour/GeneralsMD/Code/GameEngine/Source/GameLogic/Object/Behavior/MinefieldBehavior.cpp
0x0061AF80	304	0.68	0.26	??0DynamicMeshModel@@QAE@ABV0@@Z	reference/CnC_Generals_Zero_Hour/GeneralsMD/Code/Libraries/Source/WWVegas/WW3D2/dynamesh.cpp
0x00624240	1106	0.96	0.96	?UpdateSlotList@@YAXPAVGameInfo@@QAPAVGameWindow@@1111PAV2@1@Z	reference/CnC_Generals_Zero_Hour/GeneralsMD/Code/GameEngine/Source/GameNetwork/GUIUtil.cpp
0x00625A00	183	0.91	0.91	?addChat@GameSpyInfo@@UAEXVAsciiString@@HVUnicodeString@@_N2PAVGameWindow@@@Z	reference/CnC_Generals_Zero_Hour/GeneralsMD/Code/GameEngine/Source/GameNetwork/GameSpy/Chat.cpp
0x0062DB90	1487	0.82	0.82	?insertGame@@YAHPAVGameWindow@@PAVGameSpyStagingRoom@@_N@Z	reference/CnC_Generals_Zero_Hour/GeneralsMD/Code/GameEngine/Source/GameNetwork/GameSpy/LobbyUtils.cpp
0x0062E2E0	418	0.99	0.99	?RefreshGameListBox@@YAXPAVGameWindow@@_N@Z	reference/CnC_Generals_Zero_Hour/GeneralsMD/Code/GameEngine/Source/GameNetwork/GameSpy/LobbyUtils.cpp
0x0062EA60	741	0.84	0.84	?startOnline@@YAXXZ	reference/CnC_Generals_Zero_Hour/GeneralsMD/Code/GameEngine/Source/GameNetwork/GameSpy/MainMenuUtils.cpp
0x00630160	598	0.66	0.66	?reallyStartPatchCheck@@YAXXZ	reference/CnC_Generals_Zero_Hour/GeneralsMD/Code/GameEngine/Source/GameNetwork/GameSpy/MainMenuUtils.cpp
0x00632850	184	0.62	0.62	?translateSpeakerTypeToUnsignedInt@AudioManager@@UAEIABVAsciiString@@@Z	reference/CnC_Generals_Zero_Hour/GeneralsMD/Code/GameEngine/Source/Common/Audio/GameAudio.cpp
0x00639950	945	0.76	0.76	?launchGame@GameSpyStagingRoom@@QAEXXZ	reference/CnC_Generals_Zero_Hour/GeneralsMD/Code/GameEngine/Source/GameNetwork/GameSpy/StagingRoomGameInfo.cpp
0x00688CD0	709	0.83	0.83	?OnHasMap@LANAPI@@UAEXI_N@Z	reference/CnC_Generals_Zero_Hour/GeneralsMD/Code/GameEngine/Source/GameNetwork/LANAPICallbacks.cpp
0x006894B0	891	0.67	0.67	?OnGameJoin@LANAPI@@UAEXW4ReturnType@LANAPIInterface@@PAVLANGameInfo@@@Z	reference/CnC_Generals_Zero_Hour/GeneralsMD/Code/GameEngine/Source/GameNetwork/LANAPICallbacks.cpp
0x00689BD0	653	0.80	0.80	?OnChat@LANAPI@@UAEXVUnicodeString@@I0W4ChatType@LANAPIInterface@@@Z	reference/CnC_Generals_Zero_Hour/GeneralsMD/Code/GameEngine/Source/GameNetwork/LANAPICallbacks.cpp
0x0068A3E0	1041	0.66	0.66	?OnGameStart@LANAPI@@UAEXXZ	reference/CnC_Generals_Zero_Hour/GeneralsMD/Code/GameEngine/Source/GameNetwork/LANAPICallbacks.cpp
0x0068BAC0	999	0.67	0.67	?handleRequestGameLeave@LANAPI@@IAEXPAULANMessage@@I@Z	reference/CnC_Generals_Zero_Hour/GeneralsMD/Code/GameEngine/Source/GameNetwork/LANAPIhandlers.cpp
0x0068CF00	818	0.77	0.77	?handleJoinAccept@LANAPI@@IAEXPAULANMessage@@I@Z	reference/CnC_Generals_Zero_Hour/GeneralsMD/Code/GameEngine/Source/GameNetwork/LANAPIhandlers.cpp
0x006BD380	665	0.86	0.86	?xfer@W3DRenderObjectSnapshot@@MAEXPAVXfer@@@Z	reference/CnC_Generals_Zero_Hour/GeneralsMD/Code/GameEngineDevice/Source/W3DDevice/GameLogic/W3DGhostObject.cpp
0x006BD6E0	840	0.69	0.34	?xfer@W3DGhostObject@@MAEXPAVXfer@@@Z	reference/CnC_Generals_Zero_Hour/GeneralsMD/Code/GameEngineDevice/Source/W3DDevice/GameLogic/W3DGhostObject.cpp
0x006BDE00	378	0.88	0.88	?snapShot@W3DGhostObject@@UAEXH@Z	reference/CnC_Generals_Zero_Hour/GeneralsMD/Code/GameEngineDevice/Source/W3DDevice/GameLogic/W3DGhostObject.cpp
0x006BEB90	607	0.77	0.77	?loadMap@W3DTerrainLogic@@UAE_NVAsciiString@@_N@Z	reference/CnC_Generals_Zero_Hour/GeneralsMD/Code/GameEngineDevice/Source/W3DDevice/GameLogic/W3DTerrainLogic.cpp
0x006C1F20	924	0.61	0.61	?init@W3DRadar@@UAEXXZ	reference/CnC_Generals_Zero_Hour/GeneralsMD/Code/GameEngineDevice/Source/W3DDevice/Common/System/W3DRadar.cpp
0x006C63D9	1057	0.69	0.44	?isClearLineOfSight@BaseHeightMapRenderObjClass@@QBE_NABUCoord3D@@0@Z	reference/CnC_Generals_Zero_Hour/GeneralsMD/Code/GameEngineDevice/Source/W3DDevice/GameClient/BaseHeightMap.cpp
0x006C6910	735	0.62	0.12	?isClearLineOfSight@BaseHeightMapRenderObjClass@@QBE_NABUCoord3D@@0@Z	reference/CnC_Generals_Zero_Hour/GeneralsMD/Code/GameEngineDevice/Source/W3DDevice/GameClient/BaseHeightMap.cpp
0x006CBB50	957	0.79	0.79	?getHeightMapHeight@BaseHeightMapRenderObjClass@@QBEMMMPAUCoord3D@@@Z	reference/CnC_Generals_Zero_Hour/GeneralsMD/Code/GameEngineDevice/Source/W3DDevice/GameClient/BaseHeightMap.cpp
0x006CCE70	2268	0.63	0.09	?renderShoreLines@BaseHeightMapRenderObjClass@@IAEXPAVCameraClass@@@Z	reference/CnC_Generals_Zero_Hour/GeneralsMD/Code/GameEngineDevice/Source/W3DDevice/GameClient/BaseHeightMap.cpp
0x006CDD70	374	0.96	0.27	?renderTrees@BaseHeightMapRenderObjClass@@QAEXPAVCameraClass@@@Z	reference/CnC_Generals_Zero_Hour/GeneralsMD/Code/GameEngineDevice/Source/W3DDevice/GameClient/BaseHeightMap.cpp
0x006CDF90	2839	0.79	0.58	?Cast_Ray@BaseHeightMapRenderObjClass@@UAE_NAAVRayCollisionTestClass@@@Z	reference/CnC_Generals_Zero_Hour/GeneralsMD/Code/GameEngineDevice/Source/W3DDevice/GameClient/BaseHeightMap.cpp
0x006D0F40	332	0.84	0.40	?updateViewImpassableAreas@BaseHeightMapRenderObjClass@@QAEX_NHHHH@Z	reference/CnC_Generals_Zero_Hour/GeneralsMD/Code/GameEngineDevice/Source/W3DDevice/GameClient/BaseHeightMap.cpp
0x006D2730	576	0.74	0.19	?initHeightData@FlatHeightMapRenderObjClass@@UAEHHHPAVWorldHeightMap@@PAV?$RefMultiListIterator@VRenderObjClass@@@@_N@Z	reference/CnC_Generals_Zero_Hour/GeneralsMD/Code/GameEngineDevice/Source/W3DDevice/GameClient/FlatHeightMap.cpp
0x006D60D0	994	0.84	0.40	?update@AlphaEdgeTextureClass@@QAEHPAVWorldHeightMap@@@Z	reference/CnC_Generals_Zero_Hour/GeneralsMD/Code/GameEngineDevice/Source/W3DDevice/GameClient/TerrainTex.cpp
0x006D7EA0	1272	0.92	0.58	?getModelVertices@W3DBridge@@IAEHPAUVertexFormatXYZNDUV1@@HMAAVVector3@@111ABVMatrix3D@@PAVMeshClass@@PAV?$RefMultiListIterator@VRenderObjClass@@@@@Z	reference/CnC_Generals_Zero_Hour/GeneralsMD/Code/GameEngineDevice/Source/W3DDevice/GameClient/W3DBridgeBuffer.cpp
0x006DA2D0	1191	0.79	0.48	?drawBridges@W3DBridgeBuffer@@QAEXPAVCameraClass@@_NPAVTextureClass@@@Z	reference/CnC_Generals_Zero_Hour/GeneralsMD/Code/GameEngineDevice/Source/W3DDevice/GameClient/W3DBridgeBuffer.cpp
0x006DFDB0	316	0.93	0.36	?getPickRay@W3DView@@AAEXPBUICoord2D@@PAVVector3@@1@Z	reference/CnC_Generals_Zero_Hour/GeneralsMD/Code/GameEngineDevice/Source/W3DDevice/GameClient/W3DView.cpp
0x006F7CB0	191	0.73	0.18	?Update_Cached_Bounding_Volumes@ShdMeshClass@@MBEXXZ	reference/CnC_Generals_Zero_Hour/GeneralsMD/Code/Libraries/Source/WWVegas/wwshade/shdmesh.cpp
0x006FC970	239	0.70	0.20	??0WaveGuideUpdate@@QAE@PAVThing@@PBVModuleData@@@Z	reference/CnC_Generals_Zero_Hour/GeneralsMD/Code/GameEngine/Source/GameLogic/Object/Update/WaveGuideUpdate.cpp
0x006FD550	294	0.74	0.74	??1W3DParticleSystemManager@@UAE@XZ	reference/CnC_Generals_Zero_Hour/GeneralsMD/Code/GameEngineDevice/Source/W3DDevice/GameClient/W3DParticleSys.cpp
0x00700030	329	0.69	0.69	??0W3DPropBuffer@@QAE@XZ	reference/CnC_Generals_Zero_Hour/GeneralsMD/Code/GameEngineDevice/Source/W3DDevice/GameClient/W3DPropBuffer.cpp
0x00712F60	1112	0.86	0.86	??0RTS3DScene@@QAE@XZ	reference/CnC_Generals_Zero_Hour/GeneralsMD/Code/GameEngineDevice/Source/W3DDevice/GameClient/W3DScene.cpp
0x0071D5E0	809	0.69	0.69	?updateVertexBuffer@W3DTreeBuffer@@IAEXXZ	reference/CnC_Generals_Zero_Hour/GeneralsMD/Code/GameEngineDevice/Source/W3DDevice/GameClient/W3DTreeBuffer.cpp
0x00729700	792	0.63	0.17	?setFlipRecursive@W3DTerrainBackground@@IAEXHHH@Z	reference/CnC_Generals_Zero_Hour/GeneralsMD/Code/GameEngineDevice/Source/W3DDevice/GameClient/W3DTerrainBackground.cpp
0x007318A0	259	0.80	0.80	?xfer@W3DTerrainVisual@@MAEXPAVXfer@@@Z	reference/CnC_Generals_Zero_Hour/GeneralsMD/Code/GameEngineDevice/Source/W3DDevice/GameClient/W3DTerrainVisual.cpp
0x00732130	672	0.72	0.01	?addFactionBibDrawable@W3DTerrainVisual@@UAEXPAVDrawable@@_NM@Z	reference/CnC_Generals_Zero_Hour/GeneralsMD/Code/GameEngineDevice/Source/W3DDevice/GameClient/W3DTerrainVisual.cpp
0x00734180	192	0.84	0.84	?cull@W3DTreeBuffer@@IAEXPBVCameraClass@@@Z	reference/CnC_Generals_Zero_Hour/GeneralsMD/Code/GameEngineDevice/Source/W3DDevice/GameClient/W3DTreeBuffer.cpp
0x00734270	953	0.69	0.69	?updateVertexBuffer@W3DTreeBuffer@@IAEXXZ	reference/CnC_Generals_Zero_Hour/GeneralsMD/Code/GameEngineDevice/Source/W3DDevice/GameClient/W3DTreeBuffer.cpp
0x00736B60	1313	0.60	0.37	?addTree@W3DTreeBuffer@@QAEXW4DrawableID@@UCoord3D@@MMMPBVW3DTreeDrawModuleData@@@Z	reference/CnC_Generals_Zero_Hour/GeneralsMD/Code/GameEngineDevice/Source/W3DDevice/GameClient/W3DTreeBuffer.cpp
0x0073AD70	277	0.78	0.78	?drawTerrainNormal@@YAXPAVDrawable@@PAX@Z	reference/CnC_Generals_Zero_Hour/GeneralsMD/Code/GameEngineDevice/Source/W3DDevice/GameClient/W3DView.cpp
0x0073BB10	544	0.96	0.96	?iterateDrawablesInRegion@W3DView@@UAEHPAUIRegion2D@@P6A_NPAVDrawable@@PAX@Z2@Z	reference/CnC_Generals_Zero_Hour/GeneralsMD/Code/GameEngineDevice/Source/W3DDevice/GameClient/W3DView.cpp
0x0073FF30	497	0.85	0.16	?cameraModLookToward@W3DView@@UAEXPAUCoord3D@@@Z	reference/CnC_Generals_Zero_Hour/GeneralsMD/Code/GameEngineDevice/Source/W3DDevice/GameClient/W3DView.cpp
0x00740CF0	496	0.90	0.90	?calcCameraConstraints@W3DView@@AAEXXZ	reference/CnC_Generals_Zero_Hour/GeneralsMD/Code/GameEngineDevice/Source/W3DDevice/GameClient/W3DView.cpp
0x00743180	743	0.82	0.36	?lookAt@W3DView@@UAEXPBUCoord3D@@@Z	reference/CnC_Generals_Zero_Hour/GeneralsMD/Code/GameEngineDevice/Source/W3DDevice/GameClient/W3DView.cpp
0x00743860	676	0.82	0.36	?rotateCameraOneFrame@W3DView@@AAEXXZ	reference/CnC_Generals_Zero_Hour/GeneralsMD/Code/GameEngineDevice/Source/W3DDevice/GameClient/W3DView.cpp
0x00747670	202	1.00	1.00	?setDrawOrg@WorldHeightMap@@QAE_NHH@Z	reference/CnC_Generals_Zero_Hour/GeneralsMD/Code/GameEngineDevice/Source/W3DDevice/GameClient/WorldHeightMap.cpp
0x0074BBB0	270	0.84	0.84	?readTexClass@WorldHeightMap@@IAEXPAUTXTextureClass@@PAPAVTileData@@@Z	reference/CnC_Generals_Zero_Hour/GeneralsMD/Code/GameEngineDevice/Source/W3DDevice/GameClient/WorldHeightMap.cpp
0x0074C4F0	324	0.63	0.63	?getFlatTexture@WorldHeightMap@@QAEPAVTerrainTextureClass@@HHHH@Z	reference/CnC_Generals_Zero_Hour/GeneralsMD/Code/GameEngineDevice/Source/W3DDevice/GameClient/WorldHeightMap.cpp
0x00757E70	982	0.81	0.81	??0W3DLaserDraw@@QAE@PAVThing@@PBVModuleData@@@Z	reference/CnC_Generals_Zero_Hour/GeneralsMD/Code/GameEngineDevice/Source/W3DDevice/GameClient/Drawable/Draw/W3DLaserDraw.cpp
0x00758EF0	663	0.89	0.57	?doDrawModule@W3DPoliceCarDraw@@UAEXPBVMatrix3D@@@Z	reference/CnC_Generals_Zero_Hour/GeneralsMD/Code/GameEngineDevice/Source/W3DDevice/GameClient/Drawable/Draw/W3DPoliceCarDraw.cpp
0x0075A990	587	0.94	0.94	?buildSegments@W3DRopeDraw@@AAEXXZ	reference/CnC_Generals_Zero_Hour/GeneralsMD/Code/GameEngineDevice/Source/W3DDevice/GameClient/Drawable/Draw/W3DRopeDraw.cpp
0x0075BCC0	160	0.61	0.61	?disableUVAnimations@@YAXPAVRenderObjClass@@@Z	reference/CnC_Generals_Zero_Hour/GeneralsMD/Code/GameEngineDevice/Source/W3DDevice/GameLogic/W3DGhostObject.cpp
0x0075F400	823	0.84	0.84	?handleClientTurretPositioning@W3DModelDraw@@IAEXXZ	reference/CnC_Generals_Zero_Hour/GeneralsMD/Code/GameEngineDevice/Source/W3DDevice/GameClient/Drawable/Draw/W3DModelDraw.cpp
0x0075F810	705	0.86	0.86	?handleClientRecoil@W3DModelDraw@@IAEXXZ	reference/CnC_Generals_Zero_Hour/GeneralsMD/Code/GameEngineDevice/Source/W3DDevice/GameClient/Drawable/Draw/W3DModelDraw.cpp
0x007603A0	478	0.93	0.93	?handleWeaponFireFX@W3DModelDraw@@UAE_NW4WeaponSlotType@@HPBVFXList@@MPBUCoord3D@@M@Z	reference/CnC_Generals_Zero_Hour/GeneralsMD/Code/GameEngineDevice/Source/W3DDevice/GameClient/Drawable/Draw/W3DModelDraw.cpp
0x007626F0	363	0.76	0.76	?allocateShadows@W3DModelDraw@@UAEXXZ	reference/CnC_Generals_Zero_Hour/GeneralsMD/Code/GameEngineDevice/Source/W3DDevice/GameClient/Drawable/Draw/W3DModelDraw.cpp
0x0076F9E0	1603	0.81	0.81	?validateWeaponBarrelInfo@ModelConditionInfo@@ABEXXZ	reference/CnC_Generals_Zero_Hour/GeneralsMD/Code/GameEngineDevice/Source/W3DDevice/GameClient/Drawable/Draw/W3DModelDraw.cpp
0x00770FA0	264	0.96	0.44	?rebuildWeaponRecoilInfo@W3DModelDraw@@AAEXPBUModelConditionInfo@@@Z	reference/CnC_Generals_Zero_Hour/GeneralsMD/Code/GameEngineDevice/Source/W3DDevice/GameClient/Drawable/Draw/W3DModelDraw.cpp
0x00775760	1036	0.86	0.40	?getPristineBonePositionsForConditionState@W3DModelDraw@@UBEHABV?$BitFlags@$0HF@@@PBDHPAUCoord3D@@PAVMatrix3D@@H@Z	reference/CnC_Generals_Zero_Hour/GeneralsMD/Code/GameEngineDevice/Source/W3DDevice/GameClient/Drawable/Draw/W3DModelDraw.cpp
0x0077E690	788	0.83	0.83	?doDrawModule@W3DTankDraw@@UAEXPBVMatrix3D@@@Z	reference/CnC_Generals_Zero_Hour/GeneralsMD/Code/GameEngineDevice/Source/W3DDevice/GameClient/Drawable/Draw/W3DTankDraw.cpp
0x007897D0	184	0.78	0.02	??1W3DParticleSystemManager@@UAE@XZ	reference/CnC_Generals_Zero_Hour/GeneralsMD/Code/GameEngineDevice/Source/W3DDevice/GameClient/W3DParticleSys.cpp
0x0078D410	557	0.95	0.50	?W3DGameWinDefaultDraw@@YAXPAVGameWindow@@PAVWinInstanceData@@@Z	reference/CnC_Generals_Zero_Hour/GeneralsMD/Code/GameEngineDevice/Source/W3DDevice/GameClient/GUI/W3DGameWindow.cpp
0x0078FDE0	274	0.94	0.01	?drawCheckBoxText@@YAXPAVGameWindow@@PAVWinInstanceData@@@Z	reference/CnC_Generals_Zero_Hour/GeneralsMD/Code/GameEngineDevice/Source/W3DDevice/GameClient/GUI/Gadget/W3DCheckBox.cpp
0x0078FF40	546	1.00	0.31	?W3DGadgetCheckBoxDraw@@YAXPAVGameWindow@@PAVWinInstanceData@@@Z	reference/CnC_Generals_Zero_Hour/GeneralsMD/Code/GameEngineDevice/Source/W3DDevice/GameClient/GUI/Gadget/W3DCheckBox.cpp
0x007901F0	223	1.00	1.00	?W3DGadgetCheckBoxImageDraw@@YAXPAVGameWindow@@PAVWinInstanceData@@@Z	reference/CnC_Generals_Zero_Hour/GeneralsMD/Code/GameEngineDevice/Source/W3DDevice/GameClient/GUI/Gadget/W3DCheckBox.cpp
0x00791210	998	0.91	0.32	?W3DGadgetHorizontalSliderImageDrawA@@YAXPAVGameWindow@@PAVWinInstanceData@@@Z	reference/CnC_Generals_Zero_Hour/GeneralsMD/Code/GameEngineDevice/Source/W3DDevice/GameClient/GUI/Gadget/W3DHorizontalSlider.cpp
0x00791730	1380	0.90	0.90	?W3DGadgetHorizontalSliderImageDrawB@@YAXPAVGameWindow@@PAVWinInstanceData@@@Z	reference/CnC_Generals_Zero_Hour/GeneralsMD/Code/GameEngineDevice/Source/W3DDevice/GameClient/GUI/Gadget/W3DHorizontalSlider.cpp
0x007921E0	293	0.79	0.79	?drawHiliteBar@@YAXPBVImage@@000HHHH@Z	reference/CnC_Generals_Zero_Hour/GeneralsMD/Code/GameEngineDevice/Source/W3DDevice/GameClient/GUI/Gadget/W3DListBox.cpp
0x00793260	553	0.92	0.37	?W3DGadgetProgressBarDraw@@YAXPAVGameWindow@@PAVWinInstanceData@@@Z	reference/CnC_Generals_Zero_Hour/GeneralsMD/Code/GameEngineDevice/Source/W3DDevice/GameClient/GUI/Gadget/W3DProgressBar.cpp
0x00793520	203	0.99	0.99	?W3DGadgetProgressBarImageDrawA@@YAXPAVGameWindow@@PAVWinInstanceData@@@Z	reference/CnC_Generals_Zero_Hour/GeneralsMD/Code/GameEngineDevice/Source/W3DDevice/GameClient/GUI/Gadget/W3DProgressBar.cpp
0x00794120	1314	0.85	0.00	?W3DMainMenuButtonDropShadowDraw@@YAXPAVGameWindow@@PAVWinInstanceData@@@Z	reference/CnC_Generals_Zero_Hour/GeneralsMD/Code/GameEngineDevice/Source/W3DDevice/GameClient/GUI/GUICallbacks/W3DMainMenu.cpp
0x00794790	719	0.70	0.04	?PushButtonImageDrawThree@@YAXPAVGameWindow@@H@Z	reference/CnC_Generals_Zero_Hour/GeneralsMD/Code/GameEngine/Source/GameClient/GUI/GameWindowTransitionsStyles.cpp
0x00796310	289	0.92	0.04	?drawRadioButtonText@@YAXPAVGameWindow@@PAVWinInstanceData@@@Z	reference/CnC_Generals_Zero_Hour/GeneralsMD/Code/GameEngineDevice/Source/W3DDevice/GameClient/GUI/Gadget/W3DRadioButton.cpp
0x00796480	519	1.00	0.31	?W3DGadgetRadioButtonDraw@@YAXPAVGameWindow@@PAVWinInstanceData@@@Z	reference/CnC_Generals_Zero_Hour/GeneralsMD/Code/GameEngineDevice/Source/W3DDevice/GameClient/GUI/Gadget/W3DRadioButton.cpp
0x00796710	539	0.95	0.36	?W3DGadgetRadioButtonImageDraw@@YAXPAVGameWindow@@PAVWinInstanceData@@@Z	reference/CnC_Generals_Zero_Hour/GeneralsMD/Code/GameEngineDevice/Source/W3DDevice/GameClient/GUI/Gadget/W3DRadioButton.cpp
0x00796BA0	346	0.92	0.17	?drawStaticTextText@@YAXPAVGameWindow@@PAVWinInstanceData@@HH@Z	reference/CnC_Generals_Zero_Hour/GeneralsMD/Code/GameEngineDevice/Source/W3DDevice/GameClient/GUI/Gadget/W3DStaticText.cpp
0x00798F30	495	0.94	0.31	?W3DGadgetTextEntryDraw@@YAXPAVGameWindow@@PAVWinInstanceData@@@Z	reference/CnC_Generals_Zero_Hour/GeneralsMD/Code/GameEngineDevice/Source/W3DDevice/GameClient/GUI/Gadget/W3DTextEntry.cpp
0x007991A0	860	0.93	0.20	?W3DGadgetTextEntryImageDraw@@YAXPAVGameWindow@@PAVWinInstanceData@@@Z	reference/CnC_Generals_Zero_Hour/GeneralsMD/Code/GameEngineDevice/Source/W3DDevice/GameClient/GUI/Gadget/W3DTextEntry.cpp
0x007ABAA0	2200	0.77	0.52	?render@WaterTracksObj@@QAEHPAVDX8VertexBufferClass@@H@Z	reference/CnC_Generals_Zero_Hour/GeneralsMD/Code/GameEngineDevice/Source/W3DDevice/GameClient/Water/W3DWaterTracks.cpp
0x007AC7E0	805	0.85	0.85	?loadTracks@WaterTracksRenderSystem@@QAEXXZ	reference/CnC_Generals_Zero_Hour/GeneralsMD/Code/GameEngineDevice/Source/W3DDevice/GameClient/Water/W3DWaterTracks.cpp
0x007BA2B0	448	0.87	0.87	?initFromMesh@W3DShadowGeometry@@QAEHPAVRenderObjClass@@@Z	reference/CnC_Generals_Zero_Hour/GeneralsMD/Code/GameEngineDevice/Source/W3DDevice/GameClient/Shadow/W3DVolumetricShadow.cpp
0x007BA590	760	0.61	0.30	?updateOptimalExtrusionPadding@W3DVolumetricShadow@@IAEXXZ	reference/CnC_Generals_Zero_Hour/GeneralsMD/Code/GameEngineDevice/Source/W3DDevice/GameClient/Shadow/W3DVolumetricShadow.cpp
0x007BAC10	254	0.99	0.99	?addSilhouetteEdge@W3DVolumetricShadow@@IAEXHPAUPolyNeighbor@@0@Z	reference/CnC_Generals_Zero_Hour/GeneralsMD/Code/GameEngineDevice/Source/W3DDevice/GameClient/Shadow/W3DVolumetricShadow.cpp
0x007BBF80	598	0.83	0.35	?RenderMeshVolume@W3DVolumetricShadow@@IAEXHHPBVMatrix3D@@@Z	reference/CnC_Generals_Zero_Hour/GeneralsMD/Code/GameEngineDevice/Source/W3DDevice/GameClient/Shadow/W3DVolumetricShadow.cpp
0x007BDBB0	586	0.95	0.95	?buildSilhouette@W3DVolumetricShadow@@IAEXHPAVVector3@@@Z	reference/CnC_Generals_Zero_Hour/GeneralsMD/Code/GameEngineDevice/Source/W3DDevice/GameClient/Shadow/W3DVolumetricShadow.cpp
0x007BF3C0	824	0.84	0.44	?updateVolumes@W3DVolumetricShadow@@IAEXM@Z	reference/CnC_Generals_Zero_Hour/GeneralsMD/Code/GameEngineDevice/Source/W3DDevice/GameClient/Shadow/W3DVolumetricShadow.cpp
0x0087E370	734	0.70	0.43	?get2DBounds@GeometryInfo@@QBEXABUCoord3D@@MAAURegion2D@@@Z	reference/CnC_Generals_Zero_Hour/GeneralsMD/Code/GameEngine/Source/Common/System/Geometry.cpp
0x0087FDC0	332	0.90	0.00	?_M_fill_insert@?$vector@UWeaponRecoilInfo@W3DModelDraw@@V?$allocator@UWeaponRecoilInfo@W3DModelDraw@@@_STL@@@_STL@@QAEXPAUWeaponRecoilInfo@W3DModelDraw@@IABU34@@Z	reference/CnC_Generals_Zero_Hour/GeneralsMD/Code/GameEngineDevice/Source/W3DDevice/GameClient/Drawable/Draw/W3DModelDraw.cpp
0x00880020	168	0.67	0.67	?addModuleInfo@ModuleInfo@@QAEXPAVThingTemplate@@ABVAsciiString@@1PBVModuleData@@H_N3@Z	reference/CnC_Generals_Zero_Hour/GeneralsMD/Code/GameEngine/Source/Common/Thing/ThingTemplate.cpp
0x00905140	358	0.77	0.09	?Create_Render_Target@DX8Wrapper@@SAPAVTextureClass@@HHW4WW3DFormat@@@Z	reference/CnC_Generals_Zero_Hour/GeneralsMD/Code/Libraries/Source/WWVegas/WW3D2/dx8wrapper.cpp
0x009064F0	287	0.78	0.02	?Is_Excluded@W3DExclusionListClass@@QBE_NPAVHAnimClass@@@Z	reference/CnC_Generals_Zero_Hour/GeneralsMD/Code/Libraries/Source/WWVegas/WW3D2/w3dexclusionlist.cpp
0x00907960	401	0.85	0.33	?Do_Onetime_Device_Dependent_Shutdowns@DX8Wrapper@@SAXXZ	reference/CnC_Generals_Zero_Hour/GeneralsMD/Code/Libraries/Source/WWVegas/WW3D2/dx8wrapper.cpp
0x00908FE0	616	0.82	0.82	?End_Scene@DX8Wrapper@@SAX_N@Z	reference/CnC_Generals_Zero_Hour/GeneralsMD/Code/Libraries/Source/WWVegas/WW3D2/dx8wrapper.cpp
0x0090AB60	594	0.76	0.76	?Init@DX8Wrapper@@SA_NPAX_N@Z	reference/CnC_Generals_Zero_Hour/GeneralsMD/Code/Libraries/Source/WWVegas/WW3D2/dx8wrapper.cpp
0x0090F460	492	0.93	0.08	?Convert_Color_Clamp@DX8Wrapper@@SAIABVVector4@@@Z	reference/CnC_Generals_Zero_Hour/GeneralsMD/Code/Libraries/Source/WWVegas/WW3D2/dynamesh.cpp
0x0090F950	523	0.95	0.07	?Convert_Color_Clamp@DX8Wrapper@@SAIABVVector4@@@Z	reference/CnC_Generals_Zero_Hour/GeneralsMD/Code/Libraries/Source/WWVegas/WW3D2/dynamesh.cpp
0x0090FBA0	571	0.87	0.01	?Convert_Color_Clamp@DX8Wrapper@@SAIABVVector4@@@Z	reference/CnC_Generals_Zero_Hour/GeneralsMD/Code/Libraries/Source/WWVegas/WW3D2/dynamesh.cpp
0x00911020	2915	0.75	0.51	?Apply@ShaderClass@@AAEXXZ	reference/CnC_Generals_Zero_Hour/GeneralsMD/Code/Libraries/Source/WWVegas/WW3D2/shader.cpp
0x00912880	1124	0.60	0.05	?Copy@DX8VertexBufferClass@@QAEXPBVVector3@@0II@Z	reference/CnC_Generals_Zero_Hour/GeneralsMD/Code/Libraries/Source/WWVegas/WW3D2/dx8vertexbuffer.cpp
0x0091BE00	1059	0.88	0.63	?Vendor_Specific_Hacks@DX8Caps@@AAEXABU_D3DADAPTER_IDENTIFIER8@@@Z	reference/CnC_Generals_Zero_Hour/GeneralsMD/Code/Libraries/Source/WWVegas/WW3D2/dx8caps.cpp
0x00924930	760	0.83	0.58	??4MeshGeometryClass@@QAEAAV0@ABV0@@Z	reference/CnC_Generals_Zero_Hour/GeneralsMD/Code/Libraries/Source/WWVegas/WW3D2/meshgeometry.cpp
0x00939520	808	0.80	0.80	?Sort@@YAXPAUTempIndexStruct@@0@Z	reference/CnC_Generals_Zero_Hour/GeneralsMD/Code/Libraries/Source/WWVegas/WW3D2/sortingrenderer.cpp
0x0093A810	2531	0.99	0.53	?Flush@SortingRendererClass@@SAXXZ	reference/CnC_Generals_Zero_Hour/GeneralsMD/Code/Libraries/Source/WWVegas/WW3D2/sortingrenderer.cpp
0x00940010	348	0.72	0.72	??1FontCharsClass@@UAE@XZ	reference/CnC_Generals_Zero_Hour/GeneralsMD/Code/Libraries/Source/WWVegas/WW3D2/render2dsentence.cpp
0x00940610	342	0.83	0.12	??0FontCharsClass@@QAE@XZ	reference/CnC_Generals_Zero_Hour/GeneralsMD/Code/Libraries/Source/WWVegas/WW3D2/render2dsentence.cpp
0x00947810	686	0.85	0.85	?Register_Mesh_Type@DX8MeshRendererClass@@QAEXPAVMeshModelClass@@@Z	reference/CnC_Generals_Zero_Hour/GeneralsMD/Code/Libraries/Source/WWVegas/WW3D2/dx8renderer.cpp
0x00947E50	963	0.79	0.03	?Change_Polygon_Renderer_Texture@DX8FVFCategoryContainer@@QAEXAAV?$MultiListClass@VDX8PolygonRendererClass@@@@PAVTextureClass@@1II@Z	reference/CnC_Generals_Zero_Hour/GeneralsMD/Code/Libraries/Source/WWVegas/WW3D2/dx8renderer.cpp
0x00948220	880	0.82	0.00	?Change_Polygon_Renderer_Material@DX8FVFCategoryContainer@@QAEXAAV?$MultiListClass@VDX8PolygonRendererClass@@@@PAVVertexMaterialClass@@1I@Z	reference/CnC_Generals_Zero_Hour/GeneralsMD/Code/Libraries/Source/WWVegas/WW3D2/dx8renderer.cpp
0x00948820	796	0.67	0.67	?Generate_Texture_Categories@DX8FVFCategoryContainer@@IAEXAAVVertex_Split_Table@@I@Z	reference/CnC_Generals_Zero_Hour/GeneralsMD/Code/Libraries/Source/WWVegas/WW3D2/dx8renderer.cpp
0x00949F30	1008	0.98	0.68	?Add_Mesh@DX8RigidFVFCategoryContainer@@UAEXPAVMeshModelClass@@@Z	reference/CnC_Generals_Zero_Hour/GeneralsMD/Code/Libraries/Source/WWVegas/WW3D2/dx8renderer.cpp
0x00960A30	14081	0.84	0.12	?Render@SegLineRendererClass@@QAEXAAVRenderInfoClass@@ABVMatrix3D@@IPAVVector3@@ABVSphereClass@@PAVVector4@@@Z	reference/CnC_Generals_Zero_Hour/GeneralsMD/Code/Libraries/Source/WWVegas/WW3D2/seglinerenderer.cpp
0x0097F5D0	848	0.86	0.86	?Create_From_Definition@ParticleEmitterClass@@SAPAV1@ABVParticleEmitterDefClass@@@Z	reference/CnC_Generals_Zero_Hour/GeneralsMD/Code/Libraries/Source/WWVegas/WW3D2/part_emt.cpp
0x0097FD70	1448	0.94	0.94	?Build_Definition@ParticleEmitterClass@@QBEPAVParticleEmitterDefClass@@XZ	reference/CnC_Generals_Zero_Hour/GeneralsMD/Code/Libraries/Source/WWVegas/WW3D2/part_emt.cpp
