rva,size,start_evidence,callers,end_evidence,ghidra
0x00001F96,5,ghidra-start,0,jmp-tail,~ConcreteModuleTemplate<FXParticleSystem::ModuleTag<5;char_const*_const_FXParticleSystem::BOX_EMISSION_VOLUME_MODULE_KEY;char_const*_const_FXParticleSystem::BOX_EMISSION_VOLUME_MODULE_NAME;FXParticleSystem::BoxEmissionVolumeModule;FXParticleSystem::BoxEmissionVolumeModuleTemplate;FXParticleSystem::DefaultParticleModule<5>;FXParticleSystem::DefaultParticleModuleTemplate<5>_>_>
0x000616E0,13,rel32-call/jmp,1,ret+int3,
0x0007AC77,131,rel32-call/jmp,1,ret+int3,
0x001020D0,242,rel32-call/jmp;ghidra-start,1,ret+int3,FUN_005020d0
0x001E23B0,1,rel32-call/jmp,1,ret+int3,
0x004578EB,1059,ghidra-start,0,ret+int3,FUN_008578eb
0x0062AD50,3077,ghidra-start,0,jmp+int3,FUN_00a2ad50
0x0068C400,2248,rel32-call/jmp;ghidra-start,1,ret+int3,FUN_00a8c400
0x00913AF0,3438,ghidra-start,0,ret+int3,FUN_00d13af0
0x009EF280,1102,ghidra-start,0,ret+int3,FUN_00def280
0x00BF4EB5,14,ghidra-start,0,jmp-tail,Unwind@00ff4eb5
0x00BF4F47,27,ghidra-start,0,ret-tail,Unwind@00ff4f47
0x00C06B40,11,ghidra-start,0,ret-tail,Unwind@01006b40
0x00C1FB50,11,ghidra-start,0,ret-tail,Unwind@0101fb50
0x00C22360,11,ghidra-start,0,ret-tail,Unwind@01022360
0x00C2C60E,11,ghidra-start,0,jmp-tail,Unwind@0102c60e
0x00C2C9B7,11,ghidra-start,0,jmp-tail,Unwind@0102c9b7
0x00C2CAA7,11,ghidra-start,0,jmp-tail,Unwind@0102caa7
0x00C49216,14,ghidra-start,0,ret-tail,Unwind@01049216
0x00C4C5F8,11,ghidra-start,0,ret-tail,Unwind@0104c5f8
0x00C4C603,11,ghidra-start,0,ret-tail,Unwind@0104c603
0x00C52AB0,11,ghidra-start,0,ret-tail,Unwind@01052ab0
0x00C56700,11,ghidra-start,0,ret-tail,Unwind@01056700
0x00C5AA80,11,ghidra-start,0,ret-tail,Unwind@0105aa80
0x00C5AAE0,11,ghidra-start,0,ret-tail,Unwind@0105aae0
0x00C5B340,11,ghidra-start,0,ret-tail,Unwind@0105b340
0x00C5BCA0,11,ghidra-start,0,ret-tail,Unwind@0105bca0
0x00C5BD00,11,ghidra-start,0,ret-tail,Unwind@0105bd00
0x00C5C6A8,21,ghidra-start,0,jmp+int3,Unwind@0105c6a8
0x00C5C8D8,11,ghidra-start,0,ret-tail,Unwind@0105c8d8
0x00C5CD56,11,ghidra-start,0,ret-tail,Unwind@0105cd56
0x00C5CDA0,11,ghidra-start,0,ret-tail,Unwind@0105cda0
0x00C5D3B0,11,ghidra-start,0,ret-tail,Unwind@0105d3b0
0x00C5D7F0,11,ghidra-start,0,ret-tail,Unwind@0105d7f0
0x00C5DA78,11,ghidra-start,0,ret-tail,Unwind@0105da78
0x00C5E830,11,ghidra-start,0,ret-tail,Unwind@0105e830
0x00C5F670,11,ghidra-start,0,ret-tail,Unwind@0105f670
0x00C5F6D0,11,ghidra-start,0,ret-tail,Unwind@0105f6d0
0x00C5F836,11,ghidra-start,0,ret-tail,Unwind@0105f836
0x00C5F850,11,ghidra-start,0,ret-tail,Unwind@0105f850
