0x00659670	EA chain label LivingWorldLogic::GameLogic_tacticalBattleComplete refuted: ZH twin GameSpyPSMessageQueueInterface::parsePlayerKVPairs in same file (3 refs), 6+ C++ callers all WOL/GameSpy login-persistence code, body parses GameSpy PS wire keys (locale/battle/WinRow/challenge/...); EA LivingWorldLogic file rows cluster at 0x003BCxxx, this name row is a lone outlier
0x004EBE30	EA chain+direct label ChatWindowsOnlineBuddy::PopulatePlayerList refuted: body is a proven no-arg free function (RET, no receiver) called via ILT 0x2549B by matched ShowDiplomacy/HandleBuddyResponses/WOLBuddyOverlayInit; ZH twin void updateBuddyInfo(void) in same WOLBuddyOverlay.cpp; see identity_evidence/004ebe30-update-buddy-info.md
0x00986050	EA chain label ParticleBufferClass::Orientation refuted: ZH part_buf.h:155 declares void Reset_Rotations(ParticlePropertyStruct<float>&,float) and ZH ctor calls it; sole C++ caller is the matched ParticleBufferClass ctor 0x00989130
0x00985050	EA chain+wb1 label ParticleBufferClass::Color refuted: ZH part_buf.h:152 declares void Reset_Colors(ParticlePropertyStruct<Vector3>&) and ZH ctor calls it; sole C++ caller is the matched ParticleBufferClass ctor 0x00989130
0x002F1560	EA chain label ScriptActions::doUnpackBase refuted by the ILT oracle: every access/argument decoration tried (AAE/IAE/QAE x ABVAsciiString@@0_N, 0, _N, by-value, PAVScriptAction, 0H) falls outside slot 14242 window 10478-10489; label is chain-only evidence
0x006818B0	EA class rename BFMENativeNetwork -> Network refuted for the 0x40-byte ctor body by the ILT oracle: ?construct@Network@@QAEPAXXZ, ??0Network@@QAE@XZ and ??0Network@@IAE@XZ all fall outside slot 24215 window 15791-15797 (?IsFrameReady/?PeekFrameReady@Network@@UAEHXZ at 0x00681F70/0x00682160 are CONFIRMED exact); ??0Network@@QAE@XZ is also pinned at ILT 0x00029C12
0x006F9A90	EA chain label W3DFloorBuffer::addFloor refuted by the ILT oracle: 13200 decorations (QAE/AAE/IAE/UAE x 10 return types x int/uint/DrawableID x AsciiString by value/ref/PBD x 11 flag tails) give 4 window fits, all inconsistent with the matched body (by-value AsciiString, element-pointer return); expected false fits ~10
0x006F9900	class rename Rva006F9900Owner -> W3DFloorBuffer rests on the refuted 0x006F9A90 addFloor label; held back with it so the two TUs keep one class name
0x009EB830	EA chain label AssetFactoryBase::Delete refuted by the ILT oracle: 840 decorations (namespaces none/EA/Asset/AssetManager/EA::Asset x QAE/IAE/AAE/UAE/MAE/EAE x 7 return types x 4 argument lists) give 0 fits in slot 40650 window 24570-24578
0x0018F790	EA chain label PolygonTrigger::getCenterPoint refuted by the ILT oracle: ZH spelling ?getCenterPoint@PolygonTrigger@@QBEXPAUCoord3D@@@Z and its non-const twin fall outside slot 5469 window 5748-5757; of 240 decorations (Q/I/A/U/M/E x const x 4 returns x 5 argument lists, expected false fits 0.16) the single fit IBEPBUCoord3D@@AAUCoord3D@@ contradicts the body (void, ret 4, null-checks its pointer argument)
0x0046A870	EA chain+direct label AptPlayer::WinCreate refuted by the ILT oracle: ?WinCreate@AptPlayer@@QAEPAVGameWindow@@ABVAsciiString@@PAVWindowLayoutInfo@@@Z falls outside slot 53741 window 31598-31604; of 312 decorations (Q/I/A/U/M/E/S/K/C x const x 4 returns x AsciiString by ref/value/PBD x WindowLayoutInfo class/struct, expected false fits 0.14) none fits
0x004721F0	EA direct label FadeInTextRender::Render refuted by the ILT oracle: the queued spelling falls outside slot 10986 window 8702-8712, and of 1080 decorations (Q/I/A/U/M/E x DisplayString/GameText/placeholder text x ICoord2D/Coord2D ptr/ref/int pair x 6 frame types, expected false fits 0.77) the only 2 fits use placeholder class names; the same label also names the sibling 972-byte render at 0x00470C90, so the pairing is ambiguous
0x00511F50	EA class rename BfmeAptScreenInGameChat -> AptInGameChat refuted by the ILT oracle: all 11 queued spellings are CONTRADICTED, including ??1AptInGameChat@@UAE@XZ (slot 51718 window 30511-30513) and ??0AptInGameChat@@QAE@PAX@Z (slot 60175); no structor fits for 8 class spellings (AptInGameChat, InGameChat, AptScreenInGameChat, InGameChatMenu, ...) x UAE/QAE/MAE; blocks the whole 13-row class group
0x0051BF30	EA chain label AptLoadScreen::AptLoadScreen refuted by the ILT oracle: ??0AptLoadScreen@@QAE@I@Z falls outside slot 51122 window 30201-30202; of 312 constructor decorations (13 load-screen class spellings x Q/I/A x 8 argument types, expected false fits 0.04) none fits
0x002EC770	EA chain+direct label LuaScriptEngine::ProcessSageElement refuted by the ILT oracle: ?ProcessSageElement@LuaScriptEngine@@QAEXPAVBfmeLexEAN@@@Z falls outside slot 11344 window 8907-8913; of 108 decorations (Q/I/A/U/M/E/S/K/C x const x 6 argument shapes, expected false fits 0.05) none fits, and no parser class from the 58866-name class dictionary (ptr/ref x Q/I/A) fits this slot and ProcessEventsElement (0x002EA5D0) jointly; the parser type EA used is unknown
0x00345A50	EA label ScriptEngine::setCounter refuted by the ILT oracle: ?setCounter@ScriptEngine@@IAEXPAVScriptAction@@H_N1@Z falls outside slot 5195 window 5591-5604; of 252 decorations (9 access x const x 14 argument shapes, expected false fits 0.23) none fits
0x00343370	EA label ScriptEngine::executeGroups refuted by the ILT oracle: ?executeGroups@ScriptEngine@@QAEXPAVRva003558C0Arr@@PAURva003412E0Node@@@Z falls outside slot 47318 window 28187-28193; of 90 decorations (9 access x const x 5 argument shapes incl. ScriptGroup*/Script*/list, expected false fits 0.04) none fits
0x0090E1A0	EA direct label AIBuildable::addNeed contradicts the body: the 165-byte texture.cpp method stores a D3D format at +0x34, accepts only V8U8..V16U16 (0x3C..0x40), tests the surface through 0x0090C950 and logs "is not a bump map format" before reloading the texture; nothing AI or buildable reads it, and its only caller is the W3DWaterTracks bump-texture loader. The label pairs with a neighbouring body, not this one; no ILT slot to test
0x009412F0	EA chain label FontCharsClass::Get_Char_Data collides with the matched row at 0x00941290, which already holds ?Get_Char_Data@FontCharsClass@@QAEPBUFontCharsClassCharDataStruct@@G@Z and which this body calls for its Thai glyph path; renaming would give two bodies one name with only the return type differing. Retire or re-prove 0x00941290 first; neither address has an ILT slot to test, and the rename touches render2dsentence.h (full gate)
0x00892DA0	EA chain label AptCIH::AptCIH fits the body (a display-list character instance: 2x3 transform, colour transform, list links) and all four affected decorations are UNTESTABLE (library region), and every TU builds green with BfmeNestedBE renamed AptCIH, but the constructor installs the vftable at 0x01135DB0, which dir32_addresses.csv already records twice (??_7BfmeNestedBE@@6B@ and ??_7Rva00892ED0HeaderedDeleting@@6B@); dir32_record_guard refuses a hand-added ??_7AptCIH@@6B@ and build.py refuses an unrecorded third name. Settle which class owns that vftable (or let the full gate re-record it) first
0x006BA2D0	EA class rename BfmeRecordBQ -> OpenAudioFile held back: the dtor label 0x006BA340 OpenAudioFile::~OpenAudioFile (chain+direct strong) is oracle-CONFIRMED, but the ctor decoration ??0OpenAudioFile@@QAE@HABVAsciiStringBQ@@@Z (and its AsciiString/AsciiStringBQ variants) is ILT-oracle-REFUTED for 0x006BA2D0 (outside every window of the target slot 19324:13239-13248); ea_evidence.csv carries no name row for the ctor, so the class rename cannot extend there; held back with it so the four TUs keep one class name (precedent 0x006F9900). The three hashtable pins and the list<T*> dtor DIR32 spelling move with the class when this lands
