class	source	retail_rvas	header	failure	retry_budget	acceptance
AsciiString	game/GameEngine/Source/Common/AsciiStringHashErase00461040.cpp	0x00461040	game/Libraries/Source/WWVegas/WWLib/ascii_string.h	game\GameEngine\Source\Common\AsciiStringHashErase00461040.cpp(22) : error C2084: function 'bool operator ==(const AsciiString &,const AsciiString &)' already h	3	python3 tools/header_adopt_lane.py accept --class AsciiString game/GameEngine/Source/Common/AsciiStringHashErase00461040.cpp
AsciiString	game/GameEngine/Source/Common/AsciiStringSetBounds.cpp	0x000804D0 0x00633900	game/Libraries/Source/WWVegas/WWLib/ascii_string.h	game\GameEngine\Source\Common\AsciiStringSetBounds.cpp(30) : error C2084: function 'bool operator <(const AsciiString &,const AsciiString &)' already has a body	3	python3 tools/header_adopt_lane.py accept --class AsciiString game/GameEngine/Source/Common/AsciiStringSetBounds.cpp
AsciiString	game/GameEngine/Source/Common/BfmeConv561.cpp	0x00366130 0x00383950	game/Libraries/Source/WWVegas/WWLib/ascii_string.h	FAIL ?bfmeOneBZF@BfmeSubBZF@@QAEXXZ (game/GameEngine/Source/Common/BfmeConv561.cpp)	3	python3 tools/header_adopt_lane.py accept --class AsciiString game/GameEngine/Source/Common/BfmeConv561.cpp
AsciiString	game/GameEngine/Source/Common/BfmeSubZF_bfmeGoZF.cpp	0x00458AA0	game/Libraries/Source/WWVegas/WWLib/ascii_string.h	FAIL ?bfmeGoZF@BfmeSubZF@@QAEXPAX00PAUBfmeStateZF@@@Z (game/GameEngine/Source/Common/BfmeSubZF_bfmeGoZF.cpp)	3	python3 tools/header_adopt_lane.py accept --class AsciiString game/GameEngine/Source/Common/BfmeSubZF_bfmeGoZF.cpp
AsciiString	game/GameEngine/Source/Common/INI/INIWaterTextureList.cpp	0x000C2BC0	game/Libraries/Source/WWVegas/WWLib/ascii_string.h	game\GameEngine\Source\Common\INI\INIWaterTextureList.cpp(131) : error C2661: 'AsciiString::set' : no overloaded function takes 2 arguments	3	python3 tools/header_adopt_lane.py accept --class AsciiString game/GameEngine/Source/Common/INI/INIWaterTextureList.cpp
AsciiString	game/GameEngine/Source/Common/Q3LinearInsertAsciiString.cpp	0x009CD0D0	game/Libraries/Source/WWVegas/WWLib/ascii_string.h	game\GameEngine\Source\Common\Q3LinearInsertAsciiString.cpp(68) : error C2664: 'Gen009CCE50' : cannot convert parameter 2 from 'Q3SortElem4' to 'Q3SortElem4'	3	python3 tools/header_adopt_lane.py accept --class AsciiString game/GameEngine/Source/Common/Q3LinearInsertAsciiString.cpp
AsciiString	game/GameEngine/Source/Common/RTS/PlayerDestructor.cpp	0x000DD440	game/Libraries/Source/WWVegas/WWLib/ascii_string.h	game\GameEngine\Source\Common\RTS\PlayerDestructor.cpp(149) : error C2248: 'StringBase<T>::~StringBase' : cannot access private member declared in class 'String	3	python3 tools/header_adopt_lane.py accept --class AsciiString game/GameEngine/Source/Common/RTS/PlayerDestructor.cpp
AsciiString	game/GameEngine/Source/Common/Rva001B6070.cpp	0x001B6070	game/Libraries/Source/WWVegas/WWLib/ascii_string.h	FAIL ?getResolvedValue@Rva001B6070Owner@@QBE?AVAsciiString@@XZ (game/GameEngine/Source/Common/Rva001B6070.cpp)	3	python3 tools/header_adopt_lane.py accept --class AsciiString game/GameEngine/Source/Common/Rva001B6070.cpp
AsciiString	game/GameEngine/Source/Common/Rva00388820FindWaypointByName.cpp	0x00388820	game/Libraries/Source/WWVegas/WWLib/ascii_string.h	game\GameEngine\Source\Common\Rva00388820FindWaypointByName.cpp(65) : error C2248: 'StringBase<T>::m_data' : cannot access private member declared in class 'Str	3	python3 tools/header_adopt_lane.py accept --class AsciiString game/GameEngine/Source/Common/Rva00388820FindWaypointByName.cpp
AsciiString	game/GameEngine/Source/Common/Rva00606E60TreeCopyConstructor.cpp	0x00606E60	game/Libraries/Source/WWVegas/WWLib/ascii_string.h	game\GameEngine\Source\Common\Rva00606E60TreeCopyConstructor.cpp(10) : error C2084: function 'bool operator <(const AsciiString &,const AsciiString &)' already 	3	python3 tools/header_adopt_lane.py accept --class AsciiString game/GameEngine/Source/Common/Rva00606E60TreeCopyConstructor.cpp
AsciiString	game/GameEngine/Source/Common/Rva00619FF0LookupByName.cpp	0x00619FF0	game/Libraries/Source/WWVegas/WWLib/ascii_string.h	FAIL ?Rva00619FF0LookupByName@@YAHABVAsciiString@@@Z (game/GameEngine/Source/Common/Rva00619FF0LookupByName.cpp)	3	python3 tools/header_adopt_lane.py accept --class AsciiString game/GameEngine/Source/Common/Rva00619FF0LookupByName.cpp
AsciiString	game/GameEngine/Source/Common/System/ArchiveFileGetFileList.cpp	0x009D0310 0x009D0820	game/Libraries/Source/WWVegas/WWLib/ascii_string.h	game\GameEngine\Source\Common\System\ArchiveFileGetFileList.cpp(48) : error C2084: function 'bool operator ==(const AsciiString &,const AsciiString &)' already 	3	python3 tools/header_adopt_lane.py accept --class AsciiString game/GameEngine/Source/Common/System/ArchiveFileGetFileList.cpp
AsciiString	game/GameEngine/Source/Common/System/DataChunkOutput.cpp	0x001025D0 0x00102BA0 0x00102C80 0x00102D00	game/Libraries/Source/WWVegas/WWLib/ascii_string.h	game\GameEngine\Source\Common\System\DataChunkOutput.cpp(104) : error C2661: 'AsciiString::concat' : no overloaded function takes 2 arguments	3	python3 tools/header_adopt_lane.py accept --class AsciiString game/GameEngine/Source/Common/System/DataChunkOutput.cpp
AsciiString	game/GameEngine/Source/Common/System/SaveGame/GameStateMap_clearScratchPadMaps.cpp	0x00112FF0	game/Libraries/Source/WWVegas/WWLib/ascii_string.h	game\GameEngine\Source\Common\System\SaveGame\GameStateMap_clearScratchPadMaps.cpp(54) : error C2661: 'AsciiString::set' : no overloaded function takes 2 argume	3	python3 tools/header_adopt_lane.py accept --class AsciiString game/GameEngine/Source/Common/System/SaveGame/GameStateMap_clearScratchPadMaps.cpp
AsciiString	game/GameEngine/Source/Common/UpgradePairTreeWideInsertUnique.cpp	0x005AA0F0	game/Libraries/Source/WWVegas/WWLib/ascii_string.h	game\GameEngine\Source\Common\UpgradePairTreeWideInsertUnique.cpp(19) : error C2084: function 'bool operator ==(const AsciiString &,const AsciiString &)' alread	3	python3 tools/header_adopt_lane.py accept --class AsciiString game/GameEngine/Source/Common/UpgradePairTreeWideInsertUnique.cpp
AsciiString	game/GameEngine/Source/Common/xferTree.cpp	0x006AC930	game/Libraries/Source/WWVegas/WWLib/ascii_string.h	game\GameEngine\Source\Common\xferTree.cpp(16) : error C2084: function 'bool operator <(const AsciiString &,const AsciiString &)' already has a body	3	python3 tools/header_adopt_lane.py accept --class AsciiString game/GameEngine/Source/Common/xferTree.cpp
AsciiString	game/GameEngine/Source/GameClient/Drawable/Behavior/UpgradeSoundSelectorClientBehaviorInterface.cpp	0x00608090 0x006083A0 0x006085A0	game/Libraries/Source/WWVegas/WWLib/ascii_string.h	FAIL ?buildMasks@Rva006083A0SoundUpgrade@@QAEXPAI0@Z (game/GameEngine/Source/GameClient/Drawable/Behavior/UpgradeSoundSelectorClientBehaviorInterface.cpp)	3	python3 tools/header_adopt_lane.py accept --class AsciiString game/GameEngine/Source/GameClient/Drawable/Behavior/UpgradeSoundSelectorClientBehaviorInterface.cpp
AsciiString	game/GameEngine/Source/GameClient/GUI/BfmeAptScreenObjectivesProvideText.cpp	0x0052B8A0	game/Libraries/Source/WWVegas/WWLib/ascii_string.h	game\GameEngine\Source\GameClient\GUI\BfmeAptScreenObjectivesProvideText.cpp(123) : error C2248: 'StringBase<T>::m_data' : cannot access private member declared	3	python3 tools/header_adopt_lane.py accept --class AsciiString game/GameEngine/Source/GameClient/GUI/BfmeAptScreenObjectivesProvideText.cpp
AsciiString	game/GameEngine/Source/GameClient/GUI/GUICallbacks/Apt/AptObjectivesMenu.cpp	0x0052C220	game/Libraries/Source/WWVegas/WWLib/ascii_string.h	FAIL ?rva0052C220@BfmeAptScreenObjectives@@QAEXXZ (game/GameEngine/Source/GameClient/GUI/GUICallbacks/Apt/AptObjectivesMenu.cpp)	3	python3 tools/header_adopt_lane.py accept --class AsciiString game/GameEngine/Source/GameClient/GUI/GUICallbacks/Apt/AptObjectivesMenu.cpp
AsciiString	game/GameEngine/Source/GameClient/GUI/GUICallbacks/Apt/AptScoreScreenPopulateMultiPlayer.cpp	0x005770E0	game/Libraries/Source/WWVegas/WWLib/ascii_string.h	c:\Users\Jonathan\Desktop\rise of the witch king reverse\_impl\b1-hdr\game\GameEngine\Source\GameClient\GUI\GUICallbacks\Apt\../../../../../../Libraries\Source\	3	python3 tools/header_adopt_lane.py accept --class AsciiString game/GameEngine/Source/GameClient/GUI/GUICallbacks/Apt/AptScoreScreenPopulateMultiPlayer.cpp
AsciiString	game/GameEngine/Source/GameClient/GUI/GUICallbacks/Menus/WOLLoginMenuIsAgeOkay.cpp	0x004FFB80	game/Libraries/Source/WWVegas/WWLib/ascii_string.h	FAIL ?isAgeOkay@@YA_NAAVAsciiString@@0V1@@Z (game/GameEngine/Source/GameClient/GUI/GUICallbacks/Menus/WOLLoginMenuIsAgeOkay.cpp)	3	python3 tools/header_adopt_lane.py accept --class AsciiString game/GameEngine/Source/GameClient/GUI/GUICallbacks/Menus/WOLLoginMenuIsAgeOkay.cpp
AsciiString	game/GameEngine/Source/GameClient/GUI/GameWindowTransitions_findGroup.cpp	0x0048A520	game/Libraries/Source/WWVegas/WWLib/ascii_string.h	FAIL ?findGroup@GameWindowTransitionsHandler@@QAEPAVTransitionGroup@@VAsciiString@@@Z (game/GameEngine/Source/GameClient/GUI/GameWindowTransitions_findGroup.cpp	3	python3 tools/header_adopt_lane.py accept --class AsciiString game/GameEngine/Source/GameClient/GUI/GameWindowTransitions_findGroup.cpp
AsciiString	game/GameEngine/Source/GameClient/GUI/Shell/Shell_showShellMap.cpp	0x0057FB40	game/Libraries/Source/WWVegas/WWLib/ascii_string.h	FAIL ?showShellMap@Shell@@QAE_N_N@Z (game/GameEngine/Source/GameClient/GUI/Shell/Shell_showShellMap.cpp)	3	python3 tools/header_adopt_lane.py accept --class AsciiString game/GameEngine/Source/GameClient/GUI/Shell/Shell_showShellMap.cpp
AsciiString	game/GameEngine/Source/GameClient/GlobalLanguage_onGameEngineExit.cpp	0x00439A30	game/Libraries/Source/WWVegas/WWLib/ascii_string.h	FAIL ?onGameEngineExit@GlobalLanguage@@QAEXXZ (game/GameEngine/Source/GameClient/GlobalLanguage_onGameEngineExit.cpp)	3	python3 tools/header_adopt_lane.py accept --class AsciiString game/GameEngine/Source/GameClient/GlobalLanguage_onGameEngineExit.cpp
AsciiString	game/GameEngine/Source/GameClient/InGameUI_popupMessage_Thunk.cpp	0x00442040	game/Libraries/Source/WWVegas/WWLib/ascii_string.h	game\GameEngine\Source\GameClient\InGameUI_popupMessage_Thunk.cpp(95) : error C2248: 'StringBase<T>::StringBase' : cannot access private member declared in clas	3	python3 tools/header_adopt_lane.py accept --class AsciiString game/GameEngine/Source/GameClient/InGameUI_popupMessage_Thunk.cpp
AsciiString	game/GameEngine/Source/GameClient/System/ParticleSystemManager_bfmeStopCW.cpp	0x005CB590	game/Libraries/Source/WWVegas/WWLib/ascii_string.h	game\GameEngine\Source\GameClient\System\ParticleSystemManager_bfmeStopCW.cpp(25) : error C2084: function 'bool operator ==(const AsciiString &,const AsciiStrin	3	python3 tools/header_adopt_lane.py accept --class AsciiString game/GameEngine/Source/GameClient/System/ParticleSystemManager_bfmeStopCW.cpp
AsciiString	game/GameEngine/Source/GameClient/System/Rva005BCBF0CampaignHelper.cpp	0x005BCBF0	game/Libraries/Source/WWVegas/WWLib/ascii_string.h	FAIL ?rva005BCBF0@Rva005BCBF0CampaignHelper@@QAEPAVCampaign@@VAsciiString@@@Z (game/GameEngine/Source/GameClient/System/Rva005BCBF0CampaignHelper.cpp)	3	python3 tools/header_adopt_lane.py accept --class AsciiString game/GameEngine/Source/GameClient/System/Rva005BCBF0CampaignHelper.cpp
AsciiString	game/GameEngine/Source/GameLogic/AI/AI_crc_Thunk.cpp	0x0014B8C0	game/Libraries/Source/WWVegas/WWLib/ascii_string.h	game\GameEngine\Source\GameLogic\AI\AI_crc_Thunk.cpp(125) : error C2661: 'AsciiString::set' : no overloaded function takes 2 arguments	3	python3 tools/header_adopt_lane.py accept --class AsciiString game/GameEngine/Source/GameLogic/AI/AI_crc_Thunk.cpp
AsciiString	game/GameEngine/Source/GameLogic/LivingWorld/LivingWorldManagerFindArmyIcon.cpp	0x006122A0	game/Libraries/Source/WWVegas/WWLib/ascii_string.h	FAIL ?find@Rva006122A0Mgr@@QAEPAURva006122A0Item@@ABVAsciiString@@@Z (game/GameEngine/Source/GameLogic/LivingWorld/LivingWorldManagerFindArmyIcon.cpp)	3	python3 tools/header_adopt_lane.py accept --class AsciiString game/GameEngine/Source/GameLogic/LivingWorld/LivingWorldManagerFindArmyIcon.cpp
AsciiString	game/GameEngine/Source/GameLogic/LivingWorld/LivingWorldManagerLookupByName.cpp	0x006128F0	game/Libraries/Source/WWVegas/WWLib/ascii_string.h	game\GameEngine\Source\GameLogic\LivingWorld\LivingWorldManagerLookupByName.cpp(62) : error C2248: 'StringBase<T>::m_data' : cannot access private member declar	3	python3 tools/header_adopt_lane.py accept --class AsciiString game/GameEngine/Source/GameLogic/LivingWorld/LivingWorldManagerLookupByName.cpp
AsciiString	game/GameEngine/Source/GameLogic/Object/Contain/HordeContainParseBannerCarrierPosition.cpp	0x0023E280	game/Libraries/Source/WWVegas/WWLib/ascii_string.h	FAIL ?parseBannerCarrierPosition@@YAXPAVINI@@PAX1PBX@Z (game/GameEngine/Source/GameLogic/Object/Contain/HordeContainParseBannerCarrierPosition.cpp)	3	python3 tools/header_adopt_lane.py accept --class AsciiString game/GameEngine/Source/GameLogic/Object/Contain/HordeContainParseBannerCarrierPosition.cpp
AsciiString	game/GameEngine/Source/GameLogic/Object/Gen001B1040ObjectTemplateXfer.cpp	0x001B1040	game/Libraries/Source/WWVegas/WWLib/ascii_string.h	game\GameEngine\Source\GameLogic\Object\Gen001B1040ObjectTemplateXfer.cpp(154) : error C2248: 'StringBase<T>::m_data' : cannot access private member declared in	3	python3 tools/header_adopt_lane.py accept --class AsciiString game/GameEngine/Source/GameLogic/Object/Gen001B1040ObjectTemplateXfer.cpp
AsciiString	game/GameEngine/Source/GameLogic/ScriptEngine/ConditionGetUiText.cpp	0x00355E20 0x00C19418 0x00C19433	game/Libraries/Source/WWVegas/WWLib/ascii_string.h	game\GameEngine\Source\GameLogic\ScriptEngine\ConditionGetUiText.cpp(18) : error C2084: function 'bool operator ==(const AsciiString &,const AsciiString &)' alr	3	python3 tools/header_adopt_lane.py accept --class AsciiString game/GameEngine/Source/GameLogic/ScriptEngine/ConditionGetUiText.cpp
AsciiString	game/GameEngine/Source/GameLogic/ScriptEngine/ScriptActions_doDisplayCinematicText.cpp	0x002F3BD0	game/Libraries/Source/WWVegas/WWLib/ascii_string.h	FAIL ?doDisplayCinematicText@ScriptActions@@IAEXABVAsciiString@@0H@Z (game/GameEngine/Source/GameLogic/ScriptEngine/ScriptActions_doDisplayCinematicText.cpp)	3	python3 tools/header_adopt_lane.py accept --class AsciiString game/GameEngine/Source/GameLogic/ScriptEngine/ScriptActions_doDisplayCinematicText.cpp
AsciiString	game/GameEngine/Source/GameLogic/System/assignRandomStillImage.cpp	0x00385430	game/Libraries/Source/WWVegas/WWLib/ascii_string.h	game\GameEngine\Source\GameLogic\System\assignRandomStillImage.cpp(27) : error C2661: 'AsciiString::set' : no overloaded function takes 2 arguments	3	python3 tools/header_adopt_lane.py accept --class AsciiString game/GameEngine/Source/GameLogic/System/assignRandomStillImage.cpp
AsciiString	game/GameEngine/Source/GameNetwork/GameSpy/BfmeAddSavedIgnoreFromEntry.cpp	0x0052E680	game/Libraries/Source/WWVegas/WWLib/ascii_string.h	game\GameEngine\Source\GameNetwork\GameSpy\BfmeAddSavedIgnoreFromEntry.cpp(32) : error C2065: 'data' : undeclared identifier	3	python3 tools/header_adopt_lane.py accept --class AsciiString game/GameEngine/Source/GameNetwork/GameSpy/BfmeAddSavedIgnoreFromEntry.cpp
AsciiString	game/GameEngine/Source/GameNetwork/GameSpy/GenerateGameSpyGameResultsPacket.cpp	0x006386F0 0x00C414C0 0x00C414D9 0x00C41512	game/Libraries/Source/WWVegas/WWLib/ascii_string.h	FAIL ?generateGameSpyGameResultsPacket@GameSpyStagingRoom@@QAE?AVAsciiString@@_N@Z (game/GameEngine/Source/GameNetwork/GameSpy/GenerateGameSpyGameResultsPacket.	3	python3 tools/header_adopt_lane.py accept --class AsciiString game/GameEngine/Source/GameNetwork/GameSpy/GenerateGameSpyGameResultsPacket.cpp
AsciiString	game/Libraries/Source/WWVegas/WWLib/RvaHashInsertAsciiString.cpp	0x000B8AE0 0x000D6770 0x000D6C60 0x000F6C10	game/Libraries/Source/WWVegas/WWLib/ascii_string.h	game\Libraries\Source\WWVegas\WWLib\RvaHashInsertAsciiString.cpp(37) : error C2084: function 'bool operator ==(const AsciiString &,const AsciiString &)' already	3	python3 tools/header_adopt_lane.py accept --class AsciiString game/Libraries/Source/WWVegas/WWLib/RvaHashInsertAsciiString.cpp
AsciiString	game/Libraries/Source/WWVegas/WWLib/RvaTreeBoundsAsciiString.cpp	0x00062FC0 0x0007D780 0x0007D840 0x00080410	game/Libraries/Source/WWVegas/WWLib/ascii_string.h	game\Libraries\Source\WWVegas\WWLib\RvaTreeBoundsAsciiString.cpp(38) : error C2084: function 'bool operator <(const AsciiString &,const AsciiString &)' already 	3	python3 tools/header_adopt_lane.py accept --class AsciiString game/Libraries/Source/WWVegas/WWLib/RvaTreeBoundsAsciiString.cpp
Coord2D	game/GameEngine/Source/Common/BfmeConv1724.cpp	0x004AD980	game/Libraries/Include/Lib/Coord2D.h	FAIL ?bfmeFwdLA@BfmeOwnLA@@QAEXUBfmePairLA@@@Z (game/GameEngine/Source/Common/BfmeConv1724.cpp)	3	python3 tools/header_adopt_lane.py accept --class Coord2D game/GameEngine/Source/Common/BfmeConv1724.cpp
Coord2D	game/GameEngine/Source/Common/BfmeConv1725.cpp	0x004AD9C0	game/Libraries/Include/Lib/Coord2D.h	FAIL ?bfmeFwdLB@BfmeOwnLB@@QAEXUBfmePairLB@@@Z (game/GameEngine/Source/Common/BfmeConv1725.cpp)	3	python3 tools/header_adopt_lane.py accept --class Coord2D game/GameEngine/Source/Common/BfmeConv1725.cpp
Coord2D	game/GameEngine/Source/Common/Rva003C1EE0Select.cpp	0x003C1EE0	game/Libraries/Include/Lib/Coord2D.h	game\GameEngine\Source\Common\Rva003C1EE0Select.cpp(70) : error C2039: 'm_y' : is not a member of 'Coord2D'	3	python3 tools/header_adopt_lane.py accept --class Coord2D game/GameEngine/Source/Common/Rva003C1EE0Select.cpp
Coord2D	game/GameEngine/Source/GameClient/DynamicDecalFXNuggetConstructor.cpp	0x00428FA0	game/Libraries/Include/Lib/Coord2D.h	FAIL ??0DynamicDecalFXNugget@@QAE@XZ (game/GameEngine/Source/GameClient/DynamicDecalFXNuggetConstructor.cpp)	3	python3 tools/header_adopt_lane.py accept --class Coord2D game/GameEngine/Source/GameClient/DynamicDecalFXNuggetConstructor.cpp
Coord2D	game/GameEngine/Source/GameClient/GUI/AptPalantirConstructor.cpp	0x0079D9F0 0x00C51BFE 0x00C51C16 0x00C51C2E	game/Libraries/Include/Lib/Coord2D.h	FAIL ??0AptPalantir@@QAE@XZ (game/GameEngine/Source/GameClient/GUI/AptPalantirConstructor.cpp)	3	python3 tools/header_adopt_lane.py accept --class Coord2D game/GameEngine/Source/GameClient/GUI/AptPalantirConstructor.cpp
Coord2D	game/GameEngine/Source/GameClient/GUI/ProcessAnimateWindowSlideFromBottom_reverseAnimateWindow.cpp	0x004966E0	game/Libraries/Include/Lib/Coord2D.h	FAIL ?reverseAnimateWindow@ProcessAnimateWindowSlideFromBottom@@UAE_NPAVAnimateWindow@@@Z (game/GameEngine/Source/GameClient/GUI/ProcessAnimateWindowSlideFromBo	3	python3 tools/header_adopt_lane.py accept --class Coord2D game/GameEngine/Source/GameClient/GUI/ProcessAnimateWindowSlideFromBottom_reverseAnimateWindow.cpp
Coord2D	game/GameEngine/Source/GameClient/GUI/ProcessAnimateWindowSlideFromLeft_reverseAnimateWindow.cpp	0x00495DE0	game/Libraries/Include/Lib/Coord2D.h	FAIL ?reverseAnimateWindow@ProcessAnimateWindowSlideFromLeft@@UAE_NPAVAnimateWindow@@@Z (game/GameEngine/Source/GameClient/GUI/ProcessAnimateWindowSlideFromLeft	3	python3 tools/header_adopt_lane.py accept --class Coord2D game/GameEngine/Source/GameClient/GUI/ProcessAnimateWindowSlideFromLeft_reverseAnimateWindow.cpp
Coord2D	game/GameEngine/Source/GameClient/GUI/ProcessAnimateWindowSlideFromRightFast_initReverseAnimateWindow.cpp	0x00497410 0x004979A0	game/Libraries/Include/Lib/Coord2D.h	FAIL ?initReverseAnimateWindow@ProcessAnimateWindowSlideFromRightFast@@UAEXPAVAnimateWindow@@I@Z (game/GameEngine/Source/GameClient/GUI/ProcessAnimateWindowSlid	3	python3 tools/header_adopt_lane.py accept --class Coord2D game/GameEngine/Source/GameClient/GUI/ProcessAnimateWindowSlideFromRightFast_initReverseAnimateWindow.cpp
Coord2D	game/GameEngine/Source/GameClient/GUI/ProcessAnimateWindowSlideFromRightFast_reverseAnimateWindow.cpp	0x00497760	game/Libraries/Include/Lib/Coord2D.h	FAIL ?reverseAnimateWindow@ProcessAnimateWindowSlideFromRightFast@@UAE_NPAVAnimateWindow@@@Z (game/GameEngine/Source/GameClient/GUI/ProcessAnimateWindowSlideFro	3	python3 tools/header_adopt_lane.py accept --class Coord2D game/GameEngine/Source/GameClient/GUI/ProcessAnimateWindowSlideFromRightFast_reverseAnimateWindow.cpp
Coord2D	game/GameEngine/Source/GameClient/GUI/ProcessAnimateWindowSlideFromRight_updateAnimateWindow.cpp	0x00495850 0x004978B0	game/Libraries/Include/Lib/Coord2D.h	FAIL ?updateAnimateWindow@ProcessAnimateWindowSlideFromRight@@UAE_NPAVAnimateWindow@@@Z (game/GameEngine/Source/GameClient/GUI/ProcessAnimateWindowSlideFromRigh	3	python3 tools/header_adopt_lane.py accept --class Coord2D game/GameEngine/Source/GameClient/GUI/ProcessAnimateWindowSlideFromRight_updateAnimateWindow.cpp
Coord2D	game/GameEngine/Source/GameClient/GUI/ProcessAnimateWindowSlideFromTop_reverseAnimateWindow.cpp	0x00496260 0x00497910	game/Libraries/Include/Lib/Coord2D.h	FAIL ?reverseAnimateWindow@ProcessAnimateWindowSlideFromTop@@UAE_NPAVAnimateWindow@@@Z (game/GameEngine/Source/GameClient/GUI/ProcessAnimateWindowSlideFromTop_r	3	python3 tools/header_adopt_lane.py accept --class Coord2D game/GameEngine/Source/GameClient/GUI/ProcessAnimateWindowSlideFromTop_reverseAnimateWindow.cpp
Coord2D	game/GameEngine/Source/GameClient/GUI/ProcessAnimateWindowSlideFromTop_updateAnimateWindow.cpp	0x00496130	game/Libraries/Include/Lib/Coord2D.h	FAIL ?updateAnimateWindow@ProcessAnimateWindowSlideFromTop@@UAE_NPAVAnimateWindow@@@Z (game/GameEngine/Source/GameClient/GUI/ProcessAnimateWindowSlideFromTop_up	3	python3 tools/header_adopt_lane.py accept --class Coord2D game/GameEngine/Source/GameClient/GUI/ProcessAnimateWindowSlideFromTop_updateAnimateWindow.cpp
Coord2D	game/GameEngine/Source/GameLogic/AI/AISkirmishPlayer_computeSuperweaponTarget.cpp	0x00169290	game/Libraries/Include/Lib/Coord2D.h	game\GameEngine\Source\GameLogic\AI\AISkirmishPlayer_computeSuperweaponTarget.cpp(216) : error C2039: 'normalize' : is not a member of 'Coord2D'	3	python3 tools/header_adopt_lane.py accept --class Coord2D game/GameEngine/Source/GameLogic/AI/AISkirmishPlayer_computeSuperweaponTarget.cpp
Coord2D	game/GameEngine/Source/GameLogic/AI/AIStateTargetDispatch_attackOptimizedTarget.cpp	0x0027E070	game/Libraries/Include/Lib/Coord2D.h	game\GameEngine\Source\GameLogic\AI\AIStateTargetDispatch_attackOptimizedTarget.cpp(146) : error C2676: binary '*' : 'Coord2D' does not define this operator or 	3	python3 tools/header_adopt_lane.py accept --class Coord2D game/GameEngine/Source/GameLogic/AI/AIStateTargetDispatch_attackOptimizedTarget.cpp
Coord2D	game/GameEngine/Source/GameLogic/AI/GuardRetaliateExitConditions_shouldExit.cpp	0x0015EAB0	game/Libraries/Include/Lib/Coord2D.h	game\GameEngine\Source\GameLogic\AI\GuardRetaliateExitConditions_shouldExit.cpp(105) : error C2440: 'initializing' : cannot convert from 'const Coord3D' to 'Coo	3	python3 tools/header_adopt_lane.py accept --class Coord2D game/GameEngine/Source/GameLogic/AI/GuardRetaliateExitConditions_shouldExit.cpp
Coord2D	game/GameEngine/Source/GameLogic/AI/PathComputeFlightDistToGoal.cpp	0x003FDDB0	game/Libraries/Include/Lib/Coord2D.h	game\GameEngine\Source\GameLogic\AI\PathComputeFlightDistToGoal.cpp(78) : error C2039: 'bfmeNormalizePathVector' : is not a member of 'Coord2D'	3	python3 tools/header_adopt_lane.py accept --class Coord2D game/GameEngine/Source/GameLogic/AI/PathComputeFlightDistToGoal.cpp
Coord2D	game/GameEngine/Source/GameLogic/AI/PathNodeGetNextOptimized.cpp	0x003FD6E0	game/Libraries/Include/Lib/Coord2D.h	game\GameEngine\Source\GameLogic\AI\PathNodeGetNextOptimized.cpp(45) : error C2039: 'length' : is not a member of 'Coord2D'	3	python3 tools/header_adopt_lane.py accept --class Coord2D game/GameEngine/Source/GameLogic/AI/PathNodeGetNextOptimized.cpp
Coord2D	game/GameEngineDevice/Source/W3DDevice/Common/System/W3DRadarDestructor.cpp	0x006C1780 0x006C1EF0 0x00C49CFE	game/Libraries/Include/Lib/Coord2D.h	FAIL ??1W3DRadar@@UAE@XZ (game/GameEngineDevice/Source/W3DDevice/Common/System/W3DRadarDestructor.cpp)	3	python3 tools/header_adopt_lane.py accept --class Coord2D game/GameEngineDevice/Source/W3DDevice/Common/System/W3DRadarDestructor.cpp
Coord2D	game/GameEngineDevice/Source/W3DDevice/Common/System/W3DRadarViewBoxRva006C0FA0.cpp	0x006C0FA0 0x00C49C80	game/Libraries/Include/Lib/Coord2D.h	FAIL ?method@Rva006C0FA0W3DRadar@@QAEXHHHHH@Z (game/GameEngineDevice/Source/W3DDevice/Common/System/W3DRadarViewBoxRva006C0FA0.cpp)	3	python3 tools/header_adopt_lane.py accept --class Coord2D game/GameEngineDevice/Source/W3DDevice/Common/System/W3DRadarViewBoxRva006C0FA0.cpp
Coord2D	game/GameEngineDevice/Source/W3DDevice/GameClient/Rva00745B10OwnerConstructor.cpp	0x00745B10	game/Libraries/Include/Lib/Coord2D.h	FAIL ??0Rva00745B10Owner@@QAE@XZ (game/GameEngineDevice/Source/W3DDevice/GameClient/Rva00745B10OwnerConstructor.cpp)	3	python3 tools/header_adopt_lane.py accept --class Coord2D game/GameEngineDevice/Source/W3DDevice/GameClient/Rva00745B10OwnerConstructor.cpp
Coord2D	game/GameEngineDevice/Source/W3DDevice/GameClient/W3DViewUpdateBfme.cpp	0x007446A0	game/Libraries/Include/Lib/Coord2D.h	FAIL ?update@W3DView@@UAEXXZ (game/GameEngineDevice/Source/W3DDevice/GameClient/W3DViewUpdateBfme.cpp)	3	python3 tools/header_adopt_lane.py accept --class Coord2D game/GameEngineDevice/Source/W3DDevice/GameClient/W3DViewUpdateBfme.cpp
Coord3D	game/GameEngine/Source/GameClient/System/FXParticleSystem/CylindricalEmissionVelocityModuleSample.cpp	0x005F8EF0	game/Libraries/Include/Lib/Coord3D.h	game\GameEngine\Source\GameClient\System\FXParticleSystem\CylindricalEmissionVelocityModuleSample.cpp(35) : error C2661: 'FXParticleSystem::Coord3D::Coord3D' : 	3	python3 tools/header_adopt_lane.py accept --class Coord3D game/GameEngine/Source/GameClient/System/FXParticleSystem/CylindricalEmissionVelocityModuleSample.cpp
Coord3D	game/GameEngine/Source/GameLogic/AI/AIAttackMeleeSquishState_computePath.cpp	0x0016BD60	game/Libraries/Include/Lib/Coord3D.h	game\GameEngine\Source\GameLogic\AI\AIAttackMeleeSquishState_computePath.cpp(188) : error C2039: 'set' : is not a member of 'Coord3D'	3	python3 tools/header_adopt_lane.py accept --class Coord3D game/GameEngine/Source/GameLogic/AI/AIAttackMeleeSquishState_computePath.cpp
Coord3D	game/GameEngine/Source/GameLogic/AI/AIPlayerFindSupplyCenter.cpp	0x00164C10	game/Libraries/Include/Lib/Coord3D.h	game\GameEngine\Source\GameLogic\AI\AIPlayerFindSupplyCenter.cpp(285) : error C2039: 'zero' : is not a member of 'Coord3D'	3	python3 tools/header_adopt_lane.py accept --class Coord3D game/GameEngine/Source/GameLogic/AI/AIPlayerFindSupplyCenter.cpp
Coord3D	game/GameEngine/Source/GameLogic/AI/AIPlayerSupply.cpp	0x00162410 0x001668C0	game/Libraries/Include/Lib/Coord3D.h	game\GameEngine\Source\GameLogic\AI\AIPlayerSupply.cpp(349) : error C2039: 'zero' : is not a member of 'Coord3D'	3	python3 tools/header_adopt_lane.py accept --class Coord3D game/GameEngine/Source/GameLogic/AI/AIPlayerSupply.cpp
Coord3D	game/GameEngine/Source/GameLogic/AI/PathfinderRva003E5E40.cpp	0x003E5E40	game/Libraries/Include/Lib/Coord3D.h	game\GameEngine\Source\GameLogic\AI\PathfinderRva003E5E40.cpp(301) : error C2039: 'set' : is not a member of 'Coord3D'	3	python3 tools/header_adopt_lane.py accept --class Coord3D game/GameEngine/Source/GameLogic/AI/PathfinderRva003E5E40.cpp
Coord3D	game/GameEngine/Source/GameLogic/Object/ObjectHeightAndLayer.cpp	0x001BE030 0x001BEF60 0x001BF150	game/Libraries/Include/Lib/Coord3D.h	FAIL ?bfmeExpireForcedGroundLayer@Object@@QAEXXZ (game/GameEngine/Source/GameLogic/Object/ObjectHeightAndLayer.cpp)	3	python3 tools/header_adopt_lane.py accept --class Coord3D game/GameEngine/Source/GameLogic/Object/ObjectHeightAndLayer.cpp
Coord3D	game/GameEngine/Source/GameLogic/Object/Object_getWorldspaceBestContactPoint.cpp	0x001C3160	game/Libraries/Include/Lib/Coord3D.h	game\GameEngine\Source\GameLogic\Object\Object_getWorldspaceBestContactPoint.cpp(238) : error C2039: 'set' : is not a member of 'Coord3D'	3	python3 tools/header_adopt_lane.py accept --class Coord3D game/GameEngine/Source/GameLogic/Object/Object_getWorldspaceBestContactPoint.cpp
Coord3D	game/GameEngine/Source/GameLogic/Object/Update/AIUpdate/DozerAIUpdateCtorThunk.cpp	0x002B8680 0x00C134B6	game/Libraries/Include/Lib/Coord3D.h	game\GameEngine\Source\GameLogic\Object\Update\AIUpdate\DozerAIUpdateCtorThunk.cpp(99) : error C2039: 'zero' : is not a member of 'Coord3D'	3	python3 tools/header_adopt_lane.py accept --class Coord3D game/GameEngine/Source/GameLogic/Object/Update/AIUpdate/DozerAIUpdateCtorThunk.cpp
Coord3D	game/GameEngine/Source/GameLogic/Object/Update/AIUpdate/WorkerAIUpdate_ctor_Thunk.cpp	0x002C9ED0 0x00C14188	game/Libraries/Include/Lib/Coord3D.h	game\GameEngine\Source\GameLogic\Object\Update\AIUpdate\WorkerAIUpdate_ctor_Thunk.cpp(177) : error C2039: 'zero' : is not a member of 'Coord3D'	3	python3 tools/header_adopt_lane.py accept --class Coord3D game/GameEngine/Source/GameLogic/Object/Update/AIUpdate/WorkerAIUpdate_ctor_Thunk.cpp
Coord3D	game/GameEngine/Source/GameLogic/Object/Update/AIUpdate/WorkerAIUpdate_gainOneBox.cpp	0x002C85F0	game/Libraries/Include/Lib/Coord3D.h	game\GameEngine\Source\GameLogic\Object\Update\AIUpdate\WorkerAIUpdate_gainOneBox.cpp(148) : error C2039: 'set' : is not a member of 'Coord3D'	3	python3 tools/header_adopt_lane.py accept --class Coord3D game/GameEngine/Source/GameLogic/Object/Update/AIUpdate/WorkerAIUpdate_gainOneBox.cpp
Coord3D	game/GameEngine/Source/GameLogic/Object/Update/AIUpdateBlockedBy.cpp	0x00274630	game/Libraries/Include/Lib/Coord3D.h	FAIL ?blockedBy@AIUpdateInterface@@QAE_NPAVObject@@@Z (game/GameEngine/Source/GameLogic/Object/Update/AIUpdateBlockedBy.cpp)	3	python3 tools/header_adopt_lane.py accept --class Coord3D game/GameEngine/Source/GameLogic/Object/Update/AIUpdateBlockedBy.cpp
Coord3D	game/GameEngine/Source/GameLogic/Object/Update/SlavedUpdate_startSlavedEffects.cpp	0x002A4660 0x002A4720	game/Libraries/Include/Lib/Coord3D.h	game\GameEngine\Source\GameLogic\Object\Update\SlavedUpdate_startSlavedEffects.cpp(131) : error C2039: 'zero' : is not a member of 'Coord3D'	3	python3 tools/header_adopt_lane.py accept --class Coord3D game/GameEngine/Source/GameLogic/Object/Update/SlavedUpdate_startSlavedEffects.cpp
Coord3D	game/GameEngine/Source/GameLogic/Pathfinder/pathfinder_path.cpp	0x00401C70	game/Libraries/Include/Lib/Coord3D.h	FAIL ?xfer00401C70@Path@@QAEXPAVXfer@@@Z (game/GameEngine/Source/GameLogic/Pathfinder/pathfinder_path.cpp)	3	python3 tools/header_adopt_lane.py accept --class Coord3D game/GameEngine/Source/GameLogic/Pathfinder/pathfinder_path.cpp
Coord3D	game/GameEngineDevice/Source/W3DDevice/GameClient/W3DTerrainVisualAddFactionBibDrawable.cpp	0x00731D60	game/Libraries/Include/Lib/Coord3D.h	game\GameEngineDevice\Source\W3DDevice\GameClient\W3DTerrainVisualAddFactionBibDrawable.cpp(166) : error C2039: 'set' : is not a member of 'Coord3D'	3	python3 tools/header_adopt_lane.py accept --class Coord3D game/GameEngineDevice/Source/W3DDevice/GameClient/W3DTerrainVisualAddFactionBibDrawable.cpp
