game/GameEngine/Source/Common/GameSpyLoginPreferences_getNicksForEmail_Thunk.cpp	AsciiString	game/Libraries/Source/WWVegas/WWLib/string_base.h(81) : error C2953: 'StringBase' : template class has already been defined
game/GameEngine/Source/Common/LANAPI_RequestChat_Thunk.cpp	AsciiString	game/Libraries/Source/WWVegas/WWLib/string_base.h(81) : error C2953: 'StringBase' : template class has already been defined
game/GameEngine/Source/Common/LargeGroupAudioKeyMapXfer.cpp	AsciiString	game/Libraries/Source/WWVegas/WWLib/string_base.h(81) : error C2953: 'StringBase' : template class has already been defined
game/GameEngine/Source/Common/OptionPreferences_ctor.cpp	AsciiString	game/Libraries/Source/WWVegas/WWLib/string_base.h(81) : error C2953: 'StringBase' : template class has already been defined
game/GameEngine/Source/GameClient/EvaInit.cpp	AsciiString	game/Libraries/Source/WWVegas/WWLib/string_base.h(81) : error C2953: 'StringBase' : template class has already been defined
game/GameEngine/Source/GameClient/GUI/GUICallbacks/Menus/LANPreferencesCtorThunk.cpp	AsciiString	game/Libraries/Source/WWVegas/WWLib/string_base.h(81) : error C2953: 'StringBase' : template class has already been defined
game/GameEngine/Source/GameClient/GUI/GUICallbacks/Menus/OptionPreferences_getLANIPAddress_Thunk.cpp	AsciiString	game/Libraries/Source/WWVegas/WWLib/string_base.h(81) : error C2953: 'StringBase' : template class has already been defined
game/GameEngine/Source/GameClient/GUI/GUICallbacks/Menus/OptionPreferences_getOnlineIPAddress_Thunk.cpp	AsciiString	game/Libraries/Source/WWVegas/WWLib/string_base.h(81) : error C2953: 'StringBase' : template class has already been defined
game/GameEngine/Source/GameClient/GUI/GUICallbacks/Menus/SkirmishPreferencesCtorThunk.cpp	AsciiString	game/Libraries/Source/WWVegas/WWLib/string_base.h(81) : error C2953: 'StringBase' : template class has already been defined
game/GameEngine/Source/GameClient/GUI/GameWindowTransitionsHandler.cpp	AsciiString	game/Libraries/Source/WWVegas/WWLib/string_base.h(81) : error C2953: 'StringBase' : template class has already been defined
game/GameEngine/Source/GameClient/GUI/GameWindowTransitions_findGroup.cpp	AsciiString	game/Libraries/Source/WWVegas/WWLib/string_base.h(81) : error C2953: 'StringBase' : template class has already been defined
game/GameEngine/Source/GameClient/GUI/HeaderTemplateManagerGetFontFromTemplate.cpp	AsciiString	game/Libraries/Source/WWVegas/WWLib/string_base.h(81) : error C2953: 'StringBase' : template class has already been defined
game/GameEngine/Source/GameLogic/AI/TAiDataCtor.cpp	AsciiString	game/Libraries/Source/WWVegas/WWLib/string_base.h(81) : error C2953: 'StringBase' : template class has already been defined
game/GameEngine/Source/GameLogic/LivingWorld/SplineEffectParseGeometryName.cpp	AsciiString	game/Libraries/Source/WWVegas/WWLib/string_base.h(81) : error C2953: 'StringBase' : template class has already been defined
game/GameEngine/Source/GameLogic/ScriptEngine/BfmeScriptCondAreaGate.cpp	AsciiString	game/Libraries/Source/WWVegas/WWLib/string_base.h(81) : error C2953: 'StringBase' : template class has already been defined
game/GameEngine/Source/GameLogic/ScriptEngine/ScriptActionsReferences.cpp	AsciiString	game/Libraries/Source/WWVegas/WWLib/string_base.h(81) : error C2953: 'StringBase' : template class has already been defined
game/GameEngine/Source/GameLogic/ScriptEngine/ScriptActions_doTeamAttackNamed_Thunk.cpp	AsciiString	game/Libraries/Source/WWVegas/WWLib/string_base.h(81) : error C2953: 'StringBase' : template class has already been defined
game/GameEngine/Source/GameLogic/ScriptEngine/ScriptActions_doTeamNeedsOpenGate_Thunk.cpp	AsciiString	game/Libraries/Source/WWVegas/WWLib/string_base.h(81) : error C2953: 'StringBase' : template class has already been defined
game/GameEngine/Source/GameLogic/ScriptEngine/ScriptConditionsCamera.cpp	AsciiString	game/Libraries/Source/WWVegas/WWLib/string_base.h(81) : error C2953: 'StringBase' : template class has already been defined
game/GameEngine/Source/GameLogic/ScriptEngine/ScriptConditionsNamedEnteredArea.cpp	AsciiString	game/Libraries/Source/WWVegas/WWLib/string_base.h(81) : error C2953: 'StringBase' : template class has already been defined
game/GameEngine/Source/GameLogic/ScriptEngine/ScriptConditionsPathfinding.cpp	AsciiString	game/Libraries/Source/WWVegas/WWLib/string_base.h(81) : error C2953: 'StringBase' : template class has already been defined
game/GameEngine/Source/GameLogic/ScriptEngine/ScriptConditionsTeamCompare.cpp	AsciiString	game/Libraries/Source/WWVegas/WWLib/string_base.h(81) : error C2953: 'StringBase' : template class has already been defined
game/GameEngine/Source/GameLogic/ScriptEngine/ScriptConditionsTeamMembers.cpp	AsciiString	game/Libraries/Source/WWVegas/WWLib/string_base.h(81) : error C2953: 'StringBase' : template class has already been defined
game/GameEngine/Source/GameLogic/ScriptEngine/ScriptConditionsTeamState.cpp	AsciiString	game/Libraries/Source/WWVegas/WWLib/string_base.h(81) : error C2953: 'StringBase' : template class has already been defined
game/GameEngine/Source/GameLogic/ScriptEngine/ScriptConditionsTriggerAreas.cpp	AsciiString	game/Libraries/Source/WWVegas/WWLib/string_base.h(81) : error C2953: 'StringBase' : template class has already been defined
game/GameEngine/Source/GameLogic/ScriptEngine/ScriptEngineAdjustToppleDirection.cpp	AsciiString	game/Libraries/Source/WWVegas/WWLib/string_base.h(81) : error C2953: 'StringBase' : template class has already been defined
game/GameEngine/Source/GameLogic/ScriptEngine/ScriptEngineAppendDebugMessage.cpp	AsciiString	game/Libraries/Source/WWVegas/WWLib/string_base.h(81) : error C2953: 'StringBase' : template class has already been defined
game/GameEngine/Source/GameNetwork/LANAPIRequestHasMap.cpp	AsciiString	game/Libraries/Source/WWVegas/WWLib/string_base.h(81) : error C2953: 'StringBase' : template class has already been defined
game/GameEngine/Source/Common/GeometryInfoCopyConstructor.cpp	StringBase	vendor/stlport/stl/_construct.h(85) : error C2514: 'GeometryShape' : class has no constructors
game/GameEngine/Source/Common/INI/INIAnimation.cpp	StringBase	Functions: FAIL 1/2
game/GameEngine/Source/Common/Q4Sort004566F0Comparator.cpp	StringBase	Functions: FAIL 1/1
game/GameEngine/Source/Common/S4Cmp00452A50Comparator.cpp	StringBase	Functions: FAIL 1/1
game/GameEngine/Source/Common/Thing/ThingTemplateGetAssetList.cpp	StringBase	Functions: FAIL 1/1
game/GameEngine/Source/GameClient/CreditsGetUnicodeString.cpp	StringBase	Functions: FAIL 1/1
game/GameEngine/Source/GameClient/GUI/AptPalantirResourceImage.cpp	StringBase	Functions: FAIL 2/2
game/GameEngine/Source/GameClient/GUI/MapTransferLoadScreenProcessProgress.cpp	StringBase	Functions: FAIL 1/1
game/GameEngine/Source/GameClient/GUI/PositionStartSpotsGameInfo.cpp	StringBase	Functions: FAIL 1/1
game/GameEngine/Source/GameClient/GUI/Shell/Shell_findScreenByFilename.cpp	StringBase	Functions: FAIL 1/1
game/GameEngine/Source/GameClient/GlobalLanguage_onGameEngineExit.cpp	StringBase	Functions: FAIL 1/1
game/GameEngine/Source/GameClient/GlobalLanguage_parseFontDesc.cpp	StringBase	Functions: FAIL 1/1
game/GameEngine/Source/GameClient/MessageStream/HotKeyManager_searchHotKey_Unicode_Thunk.cpp	StringBase	Functions: FAIL 1/1
game/GameEngine/Source/GameClient/Terrain/TerrainRoadType_setFXString.cpp	StringBase	Functions: FAIL 2/2
game/GameEngine/Source/GameLogic/LivingWorld/Rva003BFB80AutoSummonFilter.cpp	StringBase	Functions: FAIL 1/1
game/GameEngine/Source/GameLogic/Object/Update/ProductionUpdateXfer.cpp	StringBase	Functions: FAIL 1/1
game/GameEngine/Source/GameLogic/ScriptEngine/ScriptEngineIsAudioComplete.cpp	StringBase	Functions: FAIL 1/1
game/GameEngine/Source/GameLogic/ScriptEngine/ScriptEngineIsSpeechComplete.cpp	StringBase	Functions: FAIL 1/1
game/GameEngine/Source/GameNetwork/GameSpy/GameSpyGroupRoomPairDestructor.cpp	StringBase	Functions: FAIL 1/1
game/GameEngine/Source/GameNetwork/LANAPIGames.cpp	StringBase	Functions: FAIL 1/2
game/GameEngine/Source/GameNetwork/LANGameInfoSlotLookup.cpp	StringBase	Functions: FAIL 1/3
game/GameEngine/Source/GameNetwork/NetPacketChatReaders.cpp	StringBase	Functions: FAIL 2/2
game/GameEngineDevice/Source/W3DDevice/GameClient/Drawable/Draw/W3DAnimationInfoConstCopyBody.cpp	StringBase	Functions: FAIL 1/1
game/GameEngineDevice/Source/W3DDevice/GameClient/W3DPropBufferRemovePropsForConstruction.cpp	StringBase	Functions: FAIL 1/1
game/GameEngineDevice/Source/W3DDevice/GameClient/W3DViewBuildCameraTransformBfme.cpp	StringBase	Functions: FAIL 1/1
game/Libraries/Source/WWVegas/WWLib/stlport_introsort_loop_s4sortelem12_002e1b60.cpp	StringBase	vendor/stlport/stl/_algo.c(819) : error C2440: 'type cast' : cannot convert from 'const S4SortElem12' to 'S4SortElem12'
game/Libraries/Source/WWVegas/WWLib/stlport_linear_insert_s4sortelem20.cpp	StringBase	Functions: FAIL 1/1
game/GameEngine/Source/GameLogic/Object/GenericObjectCreationNuggetAnimSetCopy.cpp	StringBase	PRE-COMMIT FAILED: staged sources define functions the ledger does not declare (see above)
game/GameEngine/Source/Common/System/RegistryGetUnicodeString.cpp	UnicodeString	game/Libraries/Source/WWVegas/WWLib/string_base.h(81) : error C2953: 'StringBase' : template class has already been defined
game/GameEngine/Source/Common/System/RegistryGetUnicodeStringPublic.cpp	UnicodeString	game/Libraries/Source/WWVegas/WWLib/string_base.h(81) : error C2953: 'StringBase' : template class has already been defined
game/GameEngine/Source/Common/System/RegistryUserDataLeafNameUnicode.cpp	UnicodeString	game/Libraries/Source/WWVegas/WWLib/string_base.h(81) : error C2953: 'StringBase' : template class has already been defined
game/GameEngine/Source/Common/Thing/Rva00416E20GetDisplayName.cpp	UnicodeString	game/Libraries/Source/WWVegas/WWLib/string_base.h(81) : error C2953: 'StringBase' : template class has already been defined
game/GameEngine/Source/GameClient/AptScreenFactories.cpp	UnicodeString	game/Libraries/Source/WWVegas/WWLib/string_base.h(81) : error C2953: 'StringBase' : template class has already been defined
game/GameEngine/Source/GameClient/BfmeAptScreenLanLobbyConstructor.cpp	UnicodeString	game/Libraries/Source/WWVegas/WWLib/string_base.h(81) : error C2953: 'StringBase' : template class has already been defined
game/GameEngine/Source/GameClient/BfmeAptScreenLanLobbyRefreshGame.cpp	UnicodeString	game/Libraries/Source/WWVegas/WWLib/string_base.h(81) : error C2953: 'StringBase' : template class has already been defined
game/GameEngine/Source/GameClient/BfmeAptScreenOnlineShellConstructor.cpp	UnicodeString	game/Libraries/Source/WWVegas/WWLib/string_base.h(81) : error C2953: 'StringBase' : template class has already been defined
game/GameEngine/Source/GameClient/BfmeAptScreenOptionsConstructor.cpp	UnicodeString	game/Libraries/Source/WWVegas/WWLib/string_base.h(81) : error C2953: 'StringBase' : template class has already been defined
game/GameEngine/Source/GameClient/BfmeAptScreenQuitMenuConstructor.cpp	UnicodeString	game/Libraries/Source/WWVegas/WWLib/string_base.h(81) : error C2953: 'StringBase' : template class has already been defined
game/GameEngine/Source/GameClient/Drawable/DrawableGetDisplayName.cpp	UnicodeString	game/Libraries/Source/WWVegas/WWLib/string_base.h(81) : error C2953: 'StringBase' : template class has already been defined
game/GameEngine/Source/GameClient/GUI/AptChatFriendLogInMessage.cpp	UnicodeString	game/Libraries/Source/WWVegas/WWLib/string_base.h(81) : error C2953: 'StringBase' : template class has already been defined
game/GameEngine/Source/GameClient/InGameUIBodies.cpp	UnicodeString	game/Libraries/Source/WWVegas/WWLib/string_base.h(81) : error C2953: 'StringBase' : template class has already been defined
game/GameEngine/Source/GameLogic/Object/Die/RefundDieOnDie.cpp	UnicodeString	game/Libraries/Source/WWVegas/WWLib/string_base.h(81) : error C2953: 'StringBase' : template class has already been defined
game/GameEngine/Source/GameNetwork/ConnectionManagerProcessDisconnectChat.cpp	UnicodeString	game/Libraries/Source/WWVegas/WWLib/string_base.h(81) : error C2953: 'StringBase' : template class has already been defined
game/GameEngine/Source/GameNetwork/LANAPIOnGameStartTimer.cpp	UnicodeString	game/Libraries/Source/WWVegas/WWLib/string_base.h(81) : error C2953: 'StringBase' : template class has already been defined
game/GameEngine/Source/Common/Bfme5ReadyQueue.cpp	SubsystemInterface	build.sh exited 2
game/GameEngine/Source/Common/ExperienceLevelSystemDestructor.cpp	SubsystemInterface	build.sh exited 2
game/GameEngine/Source/Common/GODupBaseConstructor.cpp	SubsystemInterface	build.sh exited 2
game/GameEngine/Source/Common/GlobalDataDestructor.cpp	SubsystemInterface	Code\GameEngine\Source\Common\System\subsystem_interface.h(25) : error C2146: syntax error : missing ';' before identifier 'loadIniFilesFromLegend'
game/GameEngine/Source/Common/INI/INILargeGroupAudioUnusedKnownKeys.cpp	SubsystemInterface	Code\GameEngine\Source\Common\System\subsystem_interface.h(25) : error C2146: syntax error : missing ';' before identifier 'loadIniFilesFromLegend'
game/GameEngine/Source/Common/RTS/PlayerListConstructorClean.cpp	SubsystemInterface	build.sh exited 2
game/GameEngine/Source/Common/RTS/PlayerListDestructorThunk.cpp	SubsystemInterface	build.sh exited 2
game/GameEngine/Source/Common/RTS/PlayerListSetLocalPlayer.cpp	SubsystemInterface	build.sh exited 2
game/GameEngine/Source/Common/RTS/PlayerListUpdate.cpp	SubsystemInterface	build.sh exited 2
game/GameEngine/Source/Common/RTS/Rva000C5EF0ActionManager.cpp	SubsystemInterface	build.sh exited 2
game/GameEngine/Source/Common/RTS/SpecialPowerStoreDestructorThunk.cpp	SubsystemInterface	build.sh exited 2
game/GameEngine/Source/Common/RTS/TeamDeleteCallback.cpp	SubsystemInterface	build.sh exited 2
game/GameEngine/Source/Common/Rva00076B60Constructor.cpp	SubsystemInterface	build.sh exited 2
game/GameEngine/Source/Common/Rva001B6F20Destructor.cpp	SubsystemInterface	build.sh exited 2
game/GameEngine/Source/Common/Rva0039B450Constructor.cpp	SubsystemInterface	build.sh exited 2
game/GameEngine/Source/Common/Rva005A3B20Destructor.cpp	SubsystemInterface	build.sh exited 2
game/GameEngine/Source/Common/Rva009F2730Constructor.cpp	SubsystemInterface	build.sh exited 2
game/GameEngine/Source/Common/Rva009F2730Destructor.cpp	SubsystemInterface	build.sh exited 2
game/GameEngine/Source/Common/System/CollisionManagerConstructor.cpp	SubsystemInterface	build.sh exited 2
game/GameEngine/Source/Common/System/RecorderClassConstructor.cpp	SubsystemInterface	game/GameEngine/Source/Common/System/subsystem_interface.h(25) : error C2146: syntax error : missing ';' before identifier 'loadIniFilesFromLegend'
game/GameEngine/Source/Common/System/RecorderReadReplayHeader.cpp	SubsystemInterface	inputs/toolchains/vs2003/Program Files/Microsoft Visual Studio .NET 2003/Vc7/include/stdio.h(271) : error C2733: second C linkage of overloaded function 'fgetpos' not allowed
game/GameEngine/Source/Common/System/Rva00880F00SubsystemCtor.cpp	SubsystemInterface	build.sh exited 2
game/GameEngine/Source/Common/System/Rva008F7510ShroudManagerCtor.cpp	SubsystemInterface	build.sh exited 2
game/GameEngine/Source/Common/System/SaveGame/GameStateDtorThunk.cpp	SubsystemInterface	build.sh exited 2
game/GameEngine/Source/Common/System/SaveGame/GameStateFindBlockInfoByToken.cpp	SubsystemInterface	build.sh exited 2
game/GameEngine/Source/Common/System/SaveGame/GameStateGetSaveGameInfoFromFileThunk.cpp	SubsystemInterface	build.sh exited 2
game/GameEngine/Source/Common/System/SaveGame/GameStateXferSaveData.cpp	SubsystemInterface	build.sh exited 2
game/GameEngine/Source/Common/System/SaveGame/GameState_ctor_Thunk.cpp	SubsystemInterface	build.sh exited 2
game/GameEngine/Source/Common/System/SubsystemInterfaceName.cpp	SubsystemInterface	Code\Libraries\Source\WWVegas\WWLib\ascii_string.h(11) : error C2011: 'AsciiString' : 'class' type redefinition
game/GameEngine/Source/Common/Thing/ModuleFactoryConstructor.cpp	SubsystemInterface	build.sh exited 2
game/GameEngine/Source/Common/Thing/ThingFactoryDestructorThunk.cpp	SubsystemInterface	Code\GameEngine\Source\Common\System\subsystem_interface.h(25) : error C2146: syntax error : missing ';' before identifier 'loadIniFilesFromLegend'
game/GameEngine/Source/GameClient/EvaDestructor.cpp	SubsystemInterface	build.sh exited 2
game/GameEngine/Source/GameClient/FXListStoreLifecycle.cpp	SubsystemInterface	build.sh exited 2
game/GameEngine/Source/GameClient/GUI/AptPalantirDestructor.cpp	SubsystemInterface	build.sh exited 2
game/GameEngine/Source/GameClient/GUI/IMEManagerDestructor.cpp	SubsystemInterface	build.sh exited 2
game/GameEngine/Source/GameClient/GUI/IMEManagerInit.cpp	SubsystemInterface	build.sh exited 2
game/GameEngine/Source/GameClient/GUI/Shell/ShellDestructor.cpp	SubsystemInterface	Code\GameEngine\Source\Common\System\subsystem_interface.h(25) : error C2146: syntax error : missing ';' before identifier 'loadIniFilesFromLegend'
game/GameEngine/Source/GameClient/GUI/Shell/Shell_ctor_Thunk.cpp	SubsystemInterface	Code\GameEngine\Source\GameClient\GUI\Shell\Shell_ctor_Thunk.cpp(80) : error C2661: 'AsciiString::set' : no overloaded function takes 2 arguments
game/GameEngine/Source/GameClient/GUI/Shell/Shell_doPush.cpp	SubsystemInterface	build.sh exited 2
game/GameEngine/Source/GameClient/GUI/Shell/Shell_popImmediate.cpp	SubsystemInterface	Functions: FAIL 1/1
game/GameEngine/Source/GameClient/GameClientDestructor.cpp	SubsystemInterface	build.sh exited 2
game/GameEngine/Source/GameClient/GameClient_loadPostProcess.cpp	SubsystemInterface	build.sh exited 2
game/GameEngine/Source/GameClient/GameTextManager_ctor_Thunk.cpp	SubsystemInterface	Code\GameEngine\Source\Common\System\subsystem_interface.h(25) : error C2146: syntax error : missing ';' before identifier 'loadIniFilesFromLegend'
game/GameEngine/Source/GameClient/GlobalLanguageConstructor.cpp	SubsystemInterface	vendor/stlport/stl/_alloc.h(125) : error C2011: '_STL::__new_alloc' : 'class' type redefinition
game/GameEngine/Source/GameClient/GlobalLanguageDestructor.cpp	SubsystemInterface	Code\GameEngine\Source\Common\System\subsystem_interface.h(25) : error C2146: syntax error : missing ';' before identifier 'loadIniFilesFromLegend'
game/GameEngine/Source/GameClient/MessageStream/HotKeyManagerCtorThunk.cpp	SubsystemInterface	Code\GameEngine\Source\Common\System\subsystem_interface.h(25) : error C2146: syntax error : missing ';' before identifier 'loadIniFilesFromLegend'
game/GameEngine/Source/GameClient/MessageStream/HotKeyManager_addHotKey_Bfme.cpp	SubsystemInterface	Code\Libraries\Source\WWVegas\WWLib\ascii_string.h(11) : error C2011: 'AsciiString' : 'class' type redefinition
game/GameEngine/Source/GameClient/Open2Twins006.cpp	SubsystemInterface	build.sh exited 2
game/GameEngine/Source/GameClient/Rva000678B0DtorBody.cpp	SubsystemInterface	build.sh exited 2
game/GameEngine/Source/GameClient/System/ParticleSystemManagerCtor.cpp	SubsystemInterface	Code\GameEngine\Source\Common\System\subsystem_interface.h(25) : error C2146: syntax error : missing ';' before identifier 'loadIniFilesFromLegend'
game/GameEngine/Source/GameClient/System/ParticleSystemManagerDestructor.cpp	SubsystemInterface	Code\Libraries\Source\WWVegas\WWLib\ascii_string.h(11) : error C2011: 'AsciiString' : 'class' type redefinition
game/GameEngine/Source/GameClient/WindowManagerConstructor.cpp	SubsystemInterface	Code\GameEngine\Source\Common\System\subsystem_interface.h(25) : error C2146: syntax error : missing ';' before identifier 'loadIniFilesFromLegend'
game/GameEngine/Source/GameLogic/Map/SidesListDestructorThunk.cpp	SubsystemInterface	build.sh exited 2
game/GameEngine/Source/GameLogic/Map/TerrainLogicDestructorThunk.cpp	SubsystemInterface	build.sh exited 2
game/GameEngine/Source/Common/System/ArmorStoreSlotDeletingDestructor.cpp	SubsystemSlot	build.sh exited 2
game/GameEngine/Source/Common/System/AudioManagerSlotDeletingDestructor.cpp	SubsystemSlot	build.sh exited 2
game/GameEngine/Source/Common/System/BuildAssistantSlotDeletingDestructor.cpp	SubsystemSlot	build.sh exited 2
game/GameEngine/Source/Common/System/CDManagerInterfaceSlotDeletingDestructor.cpp	SubsystemSlot	build.sh exited 2
game/GameEngine/Source/Common/System/CaveSystemSlotDeletingDestructor.cpp	SubsystemSlot	build.sh exited 2
game/GameEngine/Source/Common/System/DamageFXStoreSlotDeletingDestructor.cpp	SubsystemSlot	build.sh exited 2
game/GameEngine/Source/Common/System/EmotionSystemSlotDeletingDestructor.cpp	SubsystemSlot	build.sh exited 2
game/GameEngine/Source/Common/System/EvaSlotDeletingDestructor.cpp	SubsystemSlot	build.sh exited 2
game/GameEngine/Source/Common/System/FXListStoreSlotDeletingDestructor.cpp	SubsystemSlot	build.sh exited 2
game/GameEngine/Source/Common/System/FunctionLexiconSlotDeletingDestructor.cpp	SubsystemSlot	build.sh exited 2
game/GameEngine/Source/Common/System/GameTextInterfaceSlotDeletingDestructor.cpp	SubsystemSlot	build.sh exited 2
game/GameEngine/Source/Common/System/GlobalDataSlotDeletingDestructor.cpp	SubsystemSlot	build.sh exited 2
game/GameEngine/Source/Common/System/GlobalLanguageSlotDeletingDestructor.cpp	SubsystemSlot	build.sh exited 2
game/GameEngine/Source/Common/System/GlobalWeatherSystemSlotDeletingDestructor.cpp	SubsystemSlot	build.sh exited 2
game/GameEngine/Source/Common/System/LocomotorStoreSlotDeletingDestructor.cpp	SubsystemSlot	build.sh exited 2
game/GameEngine/Source/Common/System/MessageStreamSlotDeletingDestructor.cpp	SubsystemSlot	build.sh exited 2
game/GameEngine/Source/Common/System/ModuleFactorySlotDeletingDestructor.cpp	SubsystemSlot	build.sh exited 2
game/GameEngine/Source/Common/System/MultiplayerSettingsSlotDeletingDestructor.cpp	SubsystemSlot	build.sh exited 2
game/GameEngine/Source/Common/System/ObjectCreationListStoreSlotDeletingDestructor.cpp	SubsystemSlot	build.sh exited 2
game/GameEngine/Source/Common/System/ParticleSystemManagerSlotDeletingDestructor.cpp	SubsystemSlot	build.sh exited 2
game/GameEngine/Source/Common/System/PlayerAITypeSetSlotDeletingDestructor.cpp	SubsystemSlot	build.sh exited 2
game/GameEngine/Source/Common/System/PlayerTemplateStoreSlotDeletingDestructor.cpp	SubsystemSlot	build.sh exited 2
game/GameEngine/Source/Common/System/RankInfoStoreSlotDeletingDestructor.cpp	SubsystemSlot	build.sh exited 2
game/GameEngine/Source/Common/System/ScienceStoreSlotDeletingDestructor.cpp	SubsystemSlot	build.sh exited 2
game/GameEngine/Source/Common/System/SidesListSlotDeletingDestructor.cpp	SubsystemSlot	build.sh exited 2
game/GameEngine/Source/Common/System/SpecialPowerStoreSlotDeletingDestructor.cpp	SubsystemSlot	build.sh exited 2
game/GameEngine/Source/Common/System/SubsystemLegendSlotDeletingDestructor.cpp	SubsystemSlot	build.sh exited 2
game/GameEngine/Source/Common/System/TerrainRoadCollectionSlotDeletingDestructor.cpp	SubsystemSlot	build.sh exited 2
game/GameEngine/Source/Common/System/TerrainTypeCollectionSlotDeletingDestructor.cpp	SubsystemSlot	build.sh exited 2
game/GameEngine/Source/Common/System/UpgradeCenterSlotDeletingDestructor.cpp	SubsystemSlot	build.sh exited 2
game/GameEngine/Source/GameClient/DrawableGetDisplayName.cpp	AsciiString	game/Libraries/Source/WWVegas/WWLib/string_base.h(81) : error C2953: 'StringBase' : template class has already been defined
game/GameEngine/Source/GameClient/GUI/GUICallbacks/Menus/OptionPreferences_ctor.cpp	AsciiString	game/Libraries/Source/WWVegas/WWLib/string_base.h(81) : error C2953: 'StringBase' : template class has already been defined
game/GameEngine/Source/Common/BfmeConv911.cpp	DX8Wrapper	build.sh exited 2
game/GameEngine/Source/Common/ExactStaticThunks.cpp	DX8Wrapper	build.sh exited 2
game/GameEngine/Source/Common/Rva007D85C0FilterPreRender.cpp	DX8Wrapper	build.sh exited 2
game/GameEngine/Source/Common/ScreenFilter_preRenderSetTarget.cpp	DX8Wrapper	build.sh exited 2
game/GameEngine/Source/Common/ScreenFilter_preRenderSetTargetNoPass.cpp	DX8Wrapper	build.sh exited 2
game/GameEngine/Source/GameLogic/System/GameLogic_rva00382ce0.cpp	DX8Wrapper	build.sh exited 2
game/GameEngineDevice/Source/W3DDevice/GameClient/Rva006C9270ResetTextureStages.cpp	DX8Wrapper	build.sh exited 2
game/GameEngineDevice/Source/W3DDevice/GameClient/Rva006D4FF0ApplyShaderStates.cpp	DX8Wrapper	build.sh exited 2
game/GameEngineDevice/Source/W3DDevice/GameClient/Rva007D9940ResetStages.cpp	DX8Wrapper	build.sh exited 2
game/GameEngineDevice/Source/W3DDevice/GameClient/Rva007DD0E0ResetStages01.cpp	DX8Wrapper	build.sh exited 2
game/GameEngineDevice/Source/W3DDevice/GameClient/ScreenHilightFilterPostRender.cpp	DX8Wrapper	build.sh exited 2
game/GameEngineDevice/Source/W3DDevice/GameClient/ScreenHilightFilterPreRender.cpp	DX8Wrapper	build.sh exited 2
game/GameEngine/Source/GameNetwork/LANAPI_RequestChat_Thunk.cpp	AsciiString	game/Libraries/Source/WWVegas/WWLib/string_base.h(81) : error C2953: 'StringBase' : template class has already been defined
game/GameEngine/Source/Common/System/GeometryInfoCopyConstructor.cpp	StringBase	vendor/stlport/stl/_construct.h(85) : error C2514: 'GeometryShape' : class has no constructors
game/GameEngine/Source/GameClient/GUI/MapTransferLoadScreenSetCurrentFilenameThunk.cpp	StringBase	Functions: FAIL 1/1
game/GameEngine/Source/Common/Gen002BBD40Accept.cpp	UnicodeString	game/Libraries/Source/WWVegas/WWLib/string_base.h(81) : error C2953: 'StringBase' : template class has already been defined
game/GameEngine/Source/GameClient/GUI/BfmeAptScreenOnlineShellConstructor.cpp	UnicodeString	game/Libraries/Source/WWVegas/WWLib/string_base.h(81) : error C2953: 'StringBase' : template class has already been defined
game/GameEngine/Source/GameNetwork/LANGameSlotSetHost.cpp	UnicodeString	game/Libraries/Source/WWVegas/WWLib/string_base.h(81) : error C2953: 'StringBase' : template class has already been defined
game/GameEngine/Source/GameNetwork/GameSpy/LadderList_loadLocalLaddersMethodThunk.cpp	StringBase	Functions: FAIL 1/1
game/Libraries/Source/WWVegas/WW3D2/ParticleEmitterDefClassKeyframeChunks.cpp	ParticleEmitterDefClass	Code\Libraries\Source\WWVegas\WW3D2\ParticleEmitterDefClassKeyframeChunks.cpp(53) : error C2556: 'bool ParticleEmitterDefClass::Read_Rotation_Keyframes(ChunkLoadClass &)' : overloaded function differs only by return type from 'WW3DErrorType ParticleEmitterDefClass::Read_Rotation_Keyframes(ChunkLoadClass &)'
game/Libraries/Source/WWVegas/WW3D2/ParticleEmitterDefClassLoadW3DBool.cpp	ParticleEmitterDefClass	Code\Libraries\Source\WWVegas\WW3D2\ParticleEmitterDefClassLoadW3DBool.cpp(18) : error C2556: 'bool ParticleEmitterDefClass::Load_W3D(ChunkLoadClass &)' : overloaded function differs only by return type from 'WW3DErrorType ParticleEmitterDefClass::Load_W3D(ChunkLoadClass &)'
game/Libraries/Source/WWVegas/WW3D2/ParticleEmitterDefClassReadHeaderBool.cpp	ParticleEmitterDefClass	Code\Libraries\Source\WWVegas\WW3D2\ParticleEmitterDefClassReadHeaderBool.cpp(19) : error C2556: 'bool ParticleEmitterDefClass::Read_Header(ChunkLoadClass &)' : overloaded function differs only by return type from 'WW3DErrorType ParticleEmitterDefClass::Read_Header(ChunkLoadClass &)'
game/Libraries/Source/WWVegas/WW3D2/ParticleEmitterDefClassReadInfoV2Bool.cpp	ParticleEmitterDefClass	Code\Libraries\Source\WWVegas\WW3D2\ParticleEmitterDefClassReadInfoV2Bool.cpp(20) : error C2556: 'bool ParticleEmitterDefClass::Read_InfoV2(ChunkLoadClass &)' : overloaded function differs only by return type from 'WW3DErrorType ParticleEmitterDefClass::Read_InfoV2(ChunkLoadClass &)'
game/Libraries/Source/WWVegas/WW3D2/ParticleEmitterDefClassReadLinePropertiesBool.cpp	ParticleEmitterDefClass	Code\Libraries\Source\WWVegas\WW3D2\ParticleEmitterDefClassReadLinePropertiesBool.cpp(14) : error C2556: 'bool ParticleEmitterDefClass::Read_Line_Properties(ChunkLoadClass &)' : overloaded function differs only by return type from 'WW3DErrorType ParticleEmitterDefClass::Read_Line_Properties(ChunkLoadClass &)'
game/Libraries/Source/WWVegas/WW3D2/ParticleEmitterDefClassReadPropsBool.cpp	ParticleEmitterDefClass	game/Libraries/Source/WWVegas/WW3D2/part_emt.h(68) : error C2953: 'ParticlePropertyStruct' : template class has already been defined
game/Libraries/Source/WWVegas/WW3D2/ParticleEmitterDefClassReadUserDataBool.cpp	ParticleEmitterDefClass	Code\Libraries\Source\WWVegas\WW3D2\ParticleEmitterDefClassReadUserDataBool.cpp(18) : error C2556: 'bool ParticleEmitterDefClass::Read_User_Data(ChunkLoadClass &)' : overloaded function differs only by return type from 'WW3DErrorType ParticleEmitterDefClass::Read_User_Data(ChunkLoadClass &)'
game/Libraries/Source/WWVegas/WW3D2/ParticleEmitterDefClassSaveHeaderBool.cpp	ParticleEmitterDefClass	Code\Libraries\Source\WWVegas\WW3D2\ParticleEmitterDefClassSaveHeaderBool.cpp(14) : error C2556: 'bool ParticleEmitterDefClass::Save_Header(ChunkSaveClass &)' : overloaded function differs only by return type from 'WW3DErrorType ParticleEmitterDefClass::Save_Header(ChunkSaveClass &)'
game/Libraries/Source/WWVegas/WW3D2/ParticleEmitterDefClassSaveInfoBool.cpp	ParticleEmitterDefClass	Code\Libraries\Source\WWVegas\WW3D2\ParticleEmitterDefClassSaveInfoBool.cpp(14) : error C2556: 'bool ParticleEmitterDefClass::Save_Info(ChunkSaveClass &)' : overloaded function differs only by return type from 'WW3DErrorType ParticleEmitterDefClass::Save_Info(ChunkSaveClass &)'
game/Libraries/Source/WWVegas/WW3D2/ParticleEmitterDefClassSaveInfoV2Bool.cpp	ParticleEmitterDefClass	Code\Libraries\Source\WWVegas\WW3D2\ParticleEmitterDefClassSaveInfoV2Bool.cpp(14) : error C2556: 'bool ParticleEmitterDefClass::Save_InfoV2(ChunkSaveClass &)' : overloaded function differs only by return type from 'WW3DErrorType ParticleEmitterDefClass::Save_InfoV2(ChunkSaveClass &)'
game/Libraries/Source/WWVegas/WW3D2/ParticleEmitterDefClassSaveLinePropertiesBool.cpp	ParticleEmitterDefClass	Code\Libraries\Source\WWVegas\WW3D2\ParticleEmitterDefClassSaveLinePropertiesBool.cpp(14) : error C2556: 'bool ParticleEmitterDefClass::Save_Line_Properties(ChunkSaveClass &)' : overloaded function differs only by return type from 'WW3DErrorType ParticleEmitterDefClass::Save_Line_Properties(ChunkSaveClass &)'
game/Libraries/Source/WWVegas/WW3D2/ParticleEmitterDefClassSaveUserDataBool.cpp	ParticleEmitterDefClass	Code\Libraries\Source\WWVegas\WW3D2\ParticleEmitterDefClassSaveUserDataBool.cpp(14) : error C2556: 'bool ParticleEmitterDefClass::Save_User_Data(ChunkSaveClass &)' : overloaded function differs only by return type from 'WW3DErrorType ParticleEmitterDefClass::Save_User_Data(ChunkSaveClass &)'
game/Libraries/Source/WWVegas/WW3D2/ParticleEmitterDefClassSaveW3DBool.cpp	ParticleEmitterDefClass	Code\Libraries\Source\WWVegas\WW3D2\ParticleEmitterDefClassSaveW3DBool.cpp(14) : error C2556: 'bool ParticleEmitterDefClass::Save_W3D(ChunkSaveClass &)' : overloaded function differs only by return type from 'WW3DErrorType ParticleEmitterDefClass::Save_W3D(ChunkSaveClass &)'
game/GameEngine/Source/Common/S4StreakLinePublisher.cpp	SegLineRendererClass	build.sh exited 2
game/Libraries/Source/WWVegas/WW3D2/SegmentedLineClass_RenderSegLineBFME.cpp	SegLineRendererClass	build.sh exited 2
game/Libraries/Source/WWVegas/WW3D2/SegmentedLineRenderSegLineThunk.cpp	SegLineRendererClass	build.sh exited 2
game/GameEngine/Source/GameClient/GUI/AptMainMenuConstructor.cpp	UnicodeString	game/Libraries/Source/WWVegas/WWLib/string_base.h(81) : error C2953: 'StringBase' : template class has already been defined
game/GameEngine/Source/GameClient/GUI/OnlineLoginRegister.cpp	UnicodeString	game/Libraries/Source/WWVegas/WWLib/string_base.h(81) : error C2953: 'StringBase' : template class has already been defined
game/GameEngine/Source/GameLogic/ScriptEngine/ScriptActionParseAction.cpp	AsciiString	game/Libraries/Source/WWVegas/WWLib/string_base.h(81) : error C2953: 'StringBase' : template class has already been defined
game/GameEngine/Source/GameClient/SuperweaponInfoCtor.cpp	AsciiString	game/Libraries/Source/WWVegas/WWLib/string_base.h(81) : error C2953: 'StringBase' : template class has already been defined
game/GameEngine/Source/GameNetwork/LANAPIOnGameJoin.cpp	StringBase	game\GameEngine\Source\GameNetwork\LANAPIOnGameJoin.cpp(75) : error C2039: 'm_text' : is not a member of 'StringBase<T>::Header'
game/GameEngineDevice/Source/W3DDevice/GameClient/BaseHeightMap_updateMacroTexture.cpp	StringBase	game\GameEngineDevice\Source\W3DDevice\GameClient\BaseHeightMap_updateMacroTexture.cpp(93) : error C2248: 'StringBase<T>::m_data' : cannot access private member declared in class 'StringBase<T>'
game/GameEngine/Source/GameLogic/LargeGroupAudio/LargeGroupAudioKeyMapXfer.cpp	AsciiString	game/Libraries/Source/WWVegas/WWLib/string_base.h(81) : error C2953: 'StringBase' : template class has already been defined
game/GameEngine/Source/GameClient/GUI/Rva00517720ClientStateName.cpp	StringBase	Functions: FAIL 1/1
game/GameEngine/Source/GameClient/GUI/WindowFieldParsersBfme.cpp	UnicodeString	game\GameEngine\Source\GameClient\GUI\WindowFieldParsersBfme.cpp(77) : error C2661: 'AsciiString::set' : no overloaded function takes 2 arguments
game/GameEngine/Source/GameClient/GUI/WindowFieldParsersBfme.cpp	UnicodeString	game\GameEngine\Source\GameClient\GUI\WindowFieldParsersBfme.cpp(77) : error C2661: 'AsciiString::set' : no overloaded function takes 2 arguments
game/GameEngine/Source/GameClient/GUI/BfmeAptScreenQuitMenuConstructor.cpp	UnicodeString	game/Libraries/Source/WWVegas/WWLib/string_base.h(81) : error C2953: 'StringBase' : template class has already been defined
game/GameEngineDevice/Source/W3DDevice/GameClient/Drawable/Draw/doSingleBoneName.cpp	StringBase	game\GameEngineDevice\Source\W3DDevice\GameClient\Drawable\Draw\doSingleBoneName.cpp(41) : error C2039: 'm_length' : is not a member of 'StringBase<T>::Header'
game/GameEngine/Source/GameClient/GUI/BfmeAptScreenLanLobbyRefreshGame.cpp	UnicodeString	game/Libraries/Source/WWVegas/WWLib/string_base.h(81) : error C2953: 'StringBase' : template class has already been defined
game/GameEngine/Source/GameClient/GUI/Rva0046F910RankDisplay.cpp	AsciiString	Functions: FAIL 1/1
game/GameEngine/Source/GameLogic/System/Rva00382460ExperienceLevelParser.cpp	AsciiString	Functions: FAIL 1/1
game/GameEngine/Source/GameLogic/Object/Contain/Rva00239AF0.cpp	AsciiString	game\GameEngine\Source\GameLogic\Object\Contain\Rva00239AF0.cpp(169) : error C2248: 'StringBase<T>::m_data' : cannot access private member declared in class 'StringBase<T>'
game/GameEngine/Source/GameClient/Drawable/Behavior/UpgradeSoundSelectorClientBehaviorInterface.cpp	AsciiString	Functions: FAIL 1/3
game/GameEngine/Source/GameClient/GUI/GUICallbacks/Menus/CreditsMenuInit_Thunk.cpp	StringBase	game\GameEngine\Source\GameClient\GUI\GUICallbacks\Menus\CreditsMenuInit_Thunk.cpp(39) : error C2446: ':' : no conversion from 'const char *' to 'StringBase<T>::Header *const '
game/GameEngine/Source/GameLogic/LivingWorld/LivingWorldManagerRva006169D0.cpp	StringBase	game\GameEngine\Source\GameLogic\LivingWorld\LivingWorldManagerRva006169D0.cpp(25) : error C2248: 'StringBase<T>::__ctor' : cannot access private member declared in class 'StringBase<T>'
game/GameEngine/Source/Common/Audio/AudioEventRTSAdjustForLocalization.cpp	StringBase	game\GameEngine\Source\Common\Audio\AudioEventRTSAdjustForLocalization.cpp(59) : error C2039: 'peek' : is not a member of 'StringBase<T>::Header'
game/GameEngine/Source/Common/BfmeConv1025.cpp	StringBase	game\GameEngine\Source\Common\BfmeConv1025.cpp(158) : error C2248: 'StringBase<T>::StringBase' : cannot access private member declared in class 'StringBase<T>'
game/GameEngine/Source/Common/BfmeLookupAI.cpp	StringBase	game\GameEngine\Source\Common\BfmeLookupAI.cpp(19) : error C2248: 'StringBase<T>::StringBase' : cannot access private member declared in class 'StringBase<T>'
game/GameEngine/Source/Common/INI/INI_AsciiStringVectorParsers.cpp	StringBase	game\GameEngine\Source\Common\INI\INI_AsciiStringVectorParsers.cpp(55) : error C2248: 'StringBase<T>::__ctor' : cannot access private member declared in class 'StringBase<T>'
game/GameEngine/Source/Common/LibraryMapParse.cpp	StringBase	game\GameEngine\Source\Common\LibraryMapParse.cpp(46) : error C2248: 'StringBase<T>::__ctor' : cannot access private member declared in class 'StringBase<T>'
game/GameEngine/Source/Common/Q2TemporaryKeyStores.cpp	StringBase	game\GameEngine\Source\Common\Q2TemporaryKeyStores.cpp(63) : error C2248: 'StringBase<T>::StringBase' : cannot access private member declared in class 'StringBase<T>'
game/GameEngine/Source/Common/Q3IntrosortLoop004775D0.cpp	StringBase	Functions: FAIL 4/9
game/GameEngine/Source/Common/Q3IntrosortLoop009CDAA0.cpp	StringBase	game\GameEngine\Source\Common\Q3IntrosortLoop009CDAA0.cpp(11) : error C2248: 'StringBase<T>::StringBase' : cannot access private member declared in class 'StringBase<T>'
game/GameEngine/Source/Common/Q3LinearInsertAsciiString.cpp	StringBase	game\GameEngine\Source\Common\Q3LinearInsertAsciiString.cpp(91) : error C2664: 'Gen009CCE50' : cannot convert parameter 2 from 'Q3SortElem4' to 'Q3SortElem4'
game/GameEngine/Source/Common/Q3Median009CCB60.cpp	StringBase	game\GameEngine\Source\Common\Q3Median009CCB60.cpp(25) : error C2248: 'StringBase<T>::m_data' : cannot access private member declared in class 'StringBase<T>'
game/GameEngine/Source/Common/Q3SortCompareUnderscore.cpp	StringBase	game\GameEngine\Source\Common\Q3SortCompareUnderscore.cpp(24) : error C2248: 'StringBase<T>::m_data' : cannot access private member declared in class 'StringBase<T>'
game/GameEngine/Source/Common/Q3UnguardedInsertionSort009CD1A0.cpp	StringBase	game\GameEngine\Source\Common\Q3UnguardedInsertionSort009CD1A0.cpp(12) : error C2248: 'StringBase<T>::StringBase' : cannot access private member declared in class 'StringBase<T>'
game/GameEngine/Source/Common/RTS/ConnectionManagerReset.cpp	StringBase	game\GameEngine\Source\Common\RTS\ConnectionManagerReset.cpp(51) : error C2248: 'StringBase<T>::~StringBase' : cannot access private member declared in class 'StringBase<T>'
game/GameEngine/Source/Common/RTS/Player.cpp	StringBase	game\GameEngine\Source\Common\RTS\Player.cpp(159) : error C2248: 'StringBase<T>::__ctor' : cannot access private member declared in class 'StringBase<T>'
game/GameEngine/Source/Common/RTS/TeamFactory_findTeamPrototypeByName_Thunk.cpp	StringBase	game\GameEngine\Source\Common\RTS\TeamFactory_findTeamPrototypeByName_Thunk.cpp(25) : error C2248: 'StringBase<T>::StringBase' : cannot access private member declared in class 'StringBase<T>'
game/GameEngine/Source/Common/Rva00208F90AssetWalk.cpp	StringBase	game\GameEngine\Source\Common\Rva00208F90AssetWalk.cpp(24) : error C2446: ':' : no conversion from 'const char *' to 'StringBase<T>::Header *const '
game/GameEngine/Source/Common/Rva00222380Copy.cpp	StringBase	game\GameEngine\Source\Common\Rva00222380Copy.cpp(30) : error C2248: 'StringBase<T>::StringBase' : cannot access private member declared in class 'StringBase<T>'
game/GameEngine/Source/Common/Rva002E8FC0Copy.cpp	StringBase	game\GameEngine\Source\Common\Rva002E8FC0Copy.cpp(10) : error C2371: 'AsciiString' : redefinition; different basic types
game/GameEngine/Source/Common/Rva003877A0Copy.cpp	StringBase	game\GameEngine\Source\Common\Rva003877A0Copy.cpp(10) : error C2371: 'AsciiString' : redefinition; different basic types
game/GameEngine/Source/Common/Rva0039B560Destructor.cpp	StringBase	game\GameEngine\Source\Common\System\subsystem_interface.h(25) : error C2146: syntax error : missing ';' before identifier 'loadIniFilesFromLegend'
game/GameEngine/Source/Common/Rva003A89F0Copy.cpp	StringBase	game\GameEngine\Source\Common\Rva003A89F0Copy.cpp(10) : error C2371: 'AsciiString' : redefinition; different basic types
game/GameEngine/Source/Common/Rva003B8850Dtor.cpp	StringBase	game\GameEngine\Source\Common\Rva003B8850Dtor.cpp(10) : error C2248: 'StringBase<T>::~StringBase' : cannot access private member declared in class 'StringBase<T>'
game/GameEngine/Source/Common/Rva003B9610Ctor.cpp	StringBase	game\GameEngine\Source\Common\Rva003B9610Ctor.cpp(14) : error C2248: 'StringBase<T>::StringBase' : cannot access private member declared in class 'StringBase<T>'
game/GameEngine/Source/Common/Rva003B9AD0PairCopyCtor.cpp	StringBase	game\GameEngine\Source\Common\Rva003B9AD0PairCopyCtor.cpp(15) : error C2248: 'StringBase<T>::StringBase' : cannot access private member declared in class 'StringBase<T>'
game/GameEngine/Source/Common/Rva003BD700Ctor.cpp	StringBase	game\GameEngine\Source\Common\Rva003BD700Ctor.cpp(15) : error C2248: 'StringBase<T>::StringBase' : cannot access private member declared in class 'StringBase<T>'
game/GameEngine/Source/Common/Rva0042F400Copy.cpp	StringBase	game\GameEngine\Source\Common\Rva0042F400Copy.cpp(10) : error C2371: 'AsciiString' : redefinition; different basic types
game/GameEngine/Source/Common/Rva0046FBB0SideIndex.cpp	StringBase	game\GameEngine\Source\Common\Rva0046FBB0SideIndex.cpp(19) : error C2248: 'StringBase<T>::~StringBase' : cannot access private member declared in class 'StringBase<T>'
game/GameEngine/Source/Common/Rva0054D5A0Ctor.cpp	StringBase	game\GameEngine\Source\Common\Rva0054D5A0Ctor.cpp(30) : error C2248: 'StringBase<T>::StringBase' : cannot access private member declared in class 'StringBase<T>'
game/GameEngine/Source/Common/Rva0061A9A0Ctor.cpp	StringBase	game\GameEngine\Source\Common\Rva0061A9A0Ctor.cpp(39) : error C2248: 'StringBase<T>::StringBase' : cannot access private member declared in class 'StringBase<T>'
game/GameEngine/Source/Common/Rva007E35E0StringStateInitialize.cpp	StringBase	game\GameEngine\Source\Common\Rva007E35E0StringStateInitialize.cpp(80) : error C2248: 'StringBase<T>::m_data' : cannot access private member declared in class 'StringBase<T>'
game/GameEngine/Source/Common/Rva007E3930StringStateCtor.cpp	StringBase	game\GameEngine\Source\Common\Rva007E3930StringStateCtor.cpp(29) : error C2248: 'StringBase<T>::StringBase' : cannot access private member declared in class 'StringBase<T>'
game/GameEngine/Source/Common/S4PopHeapAuxElem12.cpp	StringBase	game\GameEngine\Source\Common\S4PopHeapAuxElem12.cpp(21) : error C2248: 'StringBase<T>::StringBase' : cannot access private member declared in class 'StringBase<T>'
game/GameEngine/Source/Common/S4SortElem20Swap.cpp	StringBase	game\GameEngine\Source\Common\S4SortElem20Swap.cpp(52) : error C2262: 'temporary' : cannot be destroyed
game/GameEngine/Source/Common/System/DataChunkInput.cpp	StringBase	game\GameEngine\Source\Common\System\DataChunkInput.cpp(102) : error C2440: 'static_cast' : cannot convert from 'StringBase<T>::Header *const ' to 'const char *'
game/GameEngine/Source/Common/System/DataChunkOutput.cpp	StringBase	game\GameEngine\Source\Common\System\DataChunkOutput.cpp(31) : error C2039: 'm_len' : is not a member of 'StringBase<T>::Header'
game/GameEngine/Source/Common/System/DataChunkTableOfContents.cpp	StringBase	game\GameEngine\Source\Common\System\DataChunkTableOfContents.cpp(56) : error C2039: 'm_len' : is not a member of 'StringBase<T>::Header'
game/GameEngine/Source/Common/System/FileSystem_getFileInfo.cpp	StringBase	game\GameEngine\Source\Common\System\FileSystem_getFileInfo.cpp(26) : error C2446: ':' : no conversion from 'const char *' to 'StringBase<T>::Header *const '
game/GameEngine/Source/Common/System/FunctionLexicon.cpp	StringBase	game\GameEngine\Source\Common\System\FunctionLexicon.cpp(395) : error C2248: 'StringBase<T>::__ctor' : cannot access private member declared in class 'StringBase<T>'
game/GameEngine/Source/Common/System/GeometryInfoCopyConstructor.cpp	StringBase	C:\Users\Jonathan\Desktop\reverse bfme\build\wt_step2b\inputs\vendor\stlport\stl\_construct.h(85) : error C2514: 'GeometryShape' : class has no constructors
game/GameEngine/Source/Common/System/GeometryShapeCopyBackward.cpp	StringBase	Functions: FAIL 1/1
game/GameEngine/Source/Common/System/RecorderClassDestructor.cpp	StringBase	game\GameEngine\Source\Common\System\RecorderClassDestructor.cpp(18) : error C2248: 'StringBase<T>::~StringBase' : cannot access private member declared in class 'StringBase<T>'
game/GameEngine/Source/Common/VersionGetAsciiBuildTime.cpp	StringBase	game\GameEngine\Source\Common\VersionGetAsciiBuildTime.cpp(26) : error C2039: 'm_text' : is not a member of 'StringBase<T>::Header'
game/GameEngine/Source/GameClient/GUI/ControlBar/ControlBarPopulateObserverInfoWindow.cpp	StringBase	game\GameEngine\Source\GameClient\GUI\ControlBar\ControlBarPopulateObserverInfoWindow.cpp(2) : error C3209: '?' : Unicode identifiers are not yet supported
game/GameEngine/Source/GameClient/GUI/GUICallbacks/Menus/CreditsMenuInit_Thunk.cpp	StringBase	game\GameEngine\Source\GameClient\GUI\GUICallbacks\Menus\CreditsMenuInit_Thunk.cpp(38) : error C2446: ':' : no conversion from 'const char *' to 'StringBase<T>::Header *const '
game/GameEngine/Source/GameClient/GUI/GUICallbacks/Menus/KeyboardOptionsMenuSetKeyDown.cpp	StringBase	game\GameEngine\Source\GameClient\GUI\GUICallbacks\Menus\KeyboardOptionsMenuSetKeyDown.cpp(18) : error C2504: 'StringBase' : base class undefined
game/GameEngine/Source/GameClient/GUI/GUICallbacks/MessageBox.cpp	StringBase	game\GameEngine\Source\GameClient\GUI\GUICallbacks\MessageBox.cpp(55) : error C2248: 'StringBase<T>::StringBase' : cannot access private member declared in class 'StringBase<T>'
game/GameEngine/Source/GameClient/GUI/GameWindowManagerScript.cpp	StringBase	game\GameEngine\Source\GameClient\GUI\GameWindowManagerScript.cpp(1759) : error C2248: 'StringBase<T>::__ctor' : cannot access private member declared in class 'StringBase<T>'
game/GameEngine/Source/GameClient/GUI/Shell/ShellMenuSchemeImageConstructor.cpp	StringBase	game\GameEngine\Source\GameClient\GUI\Shell\ShellMenuSchemeImageConstructor.cpp(52) : error C2248: 'StringBase<T>::StringBase' : cannot access private member declared in class 'StringBase<T>'
game/GameEngine/Source/GameClient/GameClientBfmeReset00592B80.cpp	StringBase	game\GameEngine\Source\GameClient\GameClientBfmeReset00592B80.cpp(146) : error C2248: 'StringBase<T>::releaseBuffer' : cannot access private member declared in class 'StringBase<T>'
game/GameEngine/Source/GameClient/InGameUI_popupMessage_Thunk.cpp	StringBase	game\GameEngine\Source\GameClient\InGameUI_popupMessage_Thunk.cpp(100) : error C2248: 'StringBase<T>::StringBase' : cannot access private member declared in class 'StringBase<T>'
game/GameEngine/Source/GameClient/MapMetaData_dtor.cpp	StringBase	game\GameEngine\Source\GameClient\MapMetaData_dtor.cpp(98) : error C2248: 'StringBase<T>::~StringBase' : cannot access private member declared in class 'StringBase<T>'
game/GameEngine/Source/GameClient/MessageStream/MetaMapDestructor.cpp	StringBase	game\GameEngine\Source\GameClient\MessageStream\MetaMapDestructor.cpp(15) : error C2248: 'StringBase<T>::~StringBase' : cannot access private member declared in class 'StringBase<T>'
game/GameEngine/Source/GameClient/Player_addToBuildList.cpp	StringBase	Functions: FAIL 1/1
game/GameEngine/Source/GameClient/Rva006EE520SubtitleUpdate.cpp	StringBase	game\GameEngine\Source\GameClient\Rva006EE520SubtitleUpdate.cpp(14) : error C2371: 'UnicodeString' : redefinition; different basic types
game/GameEngine/Source/GameClient/System/FXParticleSystem/RenderObjectDrawModuleCtor.cpp	StringBase	game\GameEngine\Source\GameClient\System\FXParticleSystem\RenderObjectDrawModuleCtor.cpp(46) : error C2248: 'StringBase<T>::StringBase' : cannot access private member declared in class 'StringBase<T>'
game/GameEngine/Source/GameClient/System/FXParticleSystem/RenderObjectDrawModuleInfoCopyCtorThunk.cpp	StringBase	game\GameEngine\Source\GameClient\System\FXParticleSystem\RenderObjectDrawModuleInfoCopyCtorThunk.cpp(12) : error C2248: 'StringBase<T>::StringBase' : cannot access private member declared in class 'StringBase<T>'
game/GameEngine/Source/GameLogic/LivingWorld/LivingWorldManagerRva006169D0.cpp	StringBase	game\GameEngine\Source\GameLogic\LivingWorld\LivingWorldManagerRva006169D0.cpp(24) : error C2248: 'StringBase<T>::__ctor' : cannot access private member declared in class 'StringBase<T>'
game/GameEngine/Source/GameLogic/LivingWorld/LivingWorldRegion_dtor.cpp	StringBase	game\GameEngine\Source\GameLogic\LivingWorld\LivingWorldRegion_dtor.cpp(35) : error C2248: 'StringBase<T>::~StringBase' : cannot access private member declared in class 'StringBase<T>'
game/GameEngine/Source/GameLogic/LivingWorld/Rva003C9670Ctor.cpp	StringBase	game\GameEngine\Source\GameLogic\LivingWorld\Rva003C9670Ctor.cpp(92) : error C2248: 'StringBase<T>::__ctor' : cannot access private member declared in class 'StringBase<T>'
game/GameEngine/Source/GameLogic/LivingWorld/Rva003C9670Dtor.cpp	StringBase	game\GameEngine\Source\GameLogic\LivingWorld\Rva003C9670Dtor.cpp(73) : error C2248: 'StringBase<T>::~StringBase' : cannot access private member declared in class 'StringBase<T>'
game/GameEngine/Source/GameLogic/Object/Behavior/GettingBuiltBehaviorRva001FF1C0.cpp	StringBase	game\GameEngine\Source\GameLogic\Object\Behavior\GettingBuiltBehaviorRva001FF1C0.cpp(75) : error C2039: 'm_length' : is not a member of 'StringBase<T>::Header'
game/GameEngine/Source/GameLogic/Object/Behavior/GettingBuiltBehaviorRva001FF360.cpp	StringBase	game\GameEngine\Source\GameLogic\Object\Behavior\GettingBuiltBehaviorRva001FF360.cpp(55) : error C2039: 'm_length' : is not a member of 'StringBase<T>::Header'
game/GameEngine/Source/GameLogic/Object/Contain/SlaughterHordeContainBaseDestructor.cpp	StringBase	game\GameEngine\Source\GameLogic\Object\Contain\SlaughterHordeContainBaseDestructor.cpp(78) : error C2248: 'StringBase<T>::~StringBase' : cannot access private member declared in class 'StringBase<T>'
game/GameEngine/Source/GameLogic/ScriptEngine/Q4Sort0034BFC0Comparator.cpp	StringBase	Functions: FAIL 1/1
game/GameEngine/Source/GameLogic/ScriptEngine/ScriptActionsAudio.cpp	StringBase	game\GameEngine\Source\GameLogic\ScriptEngine\ScriptActionsAudio.cpp(57) : error C2039: 'm_length' : is not a member of 'StringBase<T>::Header'
game/GameEngine/Source/GameNetwork/LANGameInfoBodies.cpp	StringBase	game\GameEngine\Source\GameNetwork\LANGameInfoBodies.cpp(372) : error C2248: 'StringBase<T>::~StringBase' : cannot access private member declared in class 'StringBase<T>'
game/GameEngine/Source/GameNetwork/LANGameInfoDestructorThunk.cpp	StringBase	game\GameEngine\Source\GameNetwork\LANGameInfoDestructorThunk.cpp(52) : error C2248: 'StringBase<T>::~StringBase' : cannot access private member declared in class 'StringBase<T>'
game/GameEngine/Source/GameNetwork/LANGameSlot_copy.cpp	StringBase	game\GameEngine\Source\GameNetwork\LANGameSlot_copy.cpp(46) : error C2248: 'StringBase<T>::StringBase' : cannot access private member declared in class 'StringBase<T>'
game/GameEngine/Source/GameNetwork/LANPlayer_copy.cpp	StringBase	game\GameEngine\Source\GameNetwork\LANPlayer_copy.cpp(10) : error C2248: 'StringBase<T>::StringBase' : cannot access private member declared in class 'StringBase<T>'
game/GameEngine/Source/GameNetwork/NATSendMangledPortNumberToTarget.cpp	StringBase	game\GameEngine\Source\GameNetwork\NATSendMangledPortNumberToTarget.cpp(39) : error C2039: 'm_text' : is not a member of 'StringBase<T>::Header'
game/GameEngine/Source/GameNetwork/NetFileCommandMsgGetPortableFilename.cpp	StringBase	game\GameEngine\Source\GameNetwork\NetFileCommandMsgGetPortableFilename.cpp(37) : error C2248: 'StringBase<T>::StringBase' : cannot access private member declared in class 'StringBase<T>'
game/GameEngine/Source/GameNetwork/NetPacketCommandBodies.cpp	StringBase	game\GameEngine\Source\GameNetwork\NetPacketCommandBodies.cpp(267) : error C2248: 'StringBase<T>::~StringBase' : cannot access private member declared in class 'StringBase<T>'
game/GameEngine/Source/GameNetwork/NetPacket_addChatFamily.cpp	StringBase	game\GameEngine\Source\GameNetwork\NetPacket_addChatFamily.cpp(173) : error C2248: 'StringBase<T>::~StringBase' : cannot access private member declared in class 'StringBase<T>'
game/GameEngine/Source/GameNetwork/NetPacket_commandSizes.cpp	StringBase	game\GameEngine\Source\GameNetwork\NetPacket_commandSizes.cpp(113) : error C2248: 'StringBase<T>::~StringBase' : cannot access private member declared in class 'StringBase<T>'
game/GameEngine/Source/GameNetwork/NetPacket_fill.cpp	StringBase	game\GameEngine\Source\GameNetwork\NetPacket_fill.cpp(181) : error C2248: 'StringBase<T>::~StringBase' : cannot access private member declared in class 'StringBase<T>'
game/GameEngine/Source/GameNetwork/NetPacket_fillGameSpyStatsAuthKey.cpp	StringBase	game\GameEngine\Source\GameNetwork\NetPacket_fillGameSpyStatsAuthKey.cpp(136) : error C2248: 'StringBase<T>::~StringBase' : cannot access private member declared in class 'StringBase<T>'
game/GameEngine/Source/GameNetwork/NetPacket_isRoomForFileAndChat.cpp	StringBase	game\GameEngine\Source\GameNetwork\NetPacket_isRoomForFileAndChat.cpp(139) : error C2248: 'StringBase<T>::~StringBase' : cannot access private member declared in class 'StringBase<T>'
game/GameEngine/Source/GameNetwork/NetPacket_isRoomForGameSpyStatsAuthKeyMessage.cpp	StringBase	game\GameEngine\Source\GameNetwork\NetPacket_isRoomForGameSpyStatsAuthKeyMessage.cpp(125) : error C2248: 'StringBase<T>::~StringBase' : cannot access private member declared in class 'StringBase<T>'
game/GameEngine/Source/GameNetwork/Network_processDestroyPlayerCommand.cpp	StringBase	game\GameEngine\Source\GameNetwork\Network_processDestroyPlayerCommand.cpp(156) : error C2248: 'StringBase<T>::StringBase' : cannot access private member declared in class 'StringBase<T>'
game/GameEngineDevice/Source/W3DDevice/GameClient/Drawable/Draw/W3DModelDrawModuleData_parseEmbedPortal.cpp	StringBase	game\GameEngineDevice\Source\W3DDevice\GameClient\Drawable\Draw\W3DModelDrawModuleData_parseEmbedPortal.cpp(42) : error C2248: 'StringBase<T>::StringBase' : cannot access private member declared in class 'StringBase<T>'
game/GameEngineDevice/Source/W3DDevice/GameClient/Drawable/Draw/doSingleBoneName.cpp	StringBase	game\GameEngineDevice\Source\W3DDevice\GameClient\Drawable\Draw\doSingleBoneName.cpp(39) : error C2039: 'm_length' : is not a member of 'StringBase<T>::Header'
game/GameEngineDevice/Source/W3DDevice/GameClient/W3DShrubBufferRemoveTreesForConstruction.cpp	StringBase	Functions: FAIL 1/1
game/Libraries/Source/WWVegas/WWLib/Gen_t_00776240CopyConstructor.cpp	StringBase	game\Libraries\Source\WWVegas\WWLib\Gen_t_00776240CopyConstructor.cpp(15) : error C2248: 'StringBase<T>::StringBase' : cannot access private member declared in class 'StringBase<T>'
game/Libraries/Source/WWVegas/WWLib/S4SortElem12Swap.cpp	StringBase	game\Libraries\Source\WWVegas\WWLib\S4SortElem12Swap.cpp(10) : error C2248: 'StringBase<T>::StringBase' : cannot access private member declared in class 'StringBase<T>'
game/Libraries/Source/WWVegas/WWLib/stlport_insertion_sort_s4sortelem12.cpp	StringBase	game\Libraries\Source\WWVegas\WWLib\stlport_insertion_sort_s4sortelem12.cpp(54) : error C2664: '_STL::__linear_insert' : cannot convert parameter 3 from 'S4SortElem12' to 'S4SortElem12'
game/Libraries/Source/WWVegas/WWLib/stlport_insertion_sort_s4sortelem12_b.cpp	StringBase	game\Libraries\Source\WWVegas\WWLib\stlport_insertion_sort_s4sortelem12_b.cpp(34) : error C2248: 'StringBase<T>::StringBase' : cannot access private member declared in class 'StringBase<T>'
game/Libraries/Source/WWVegas/WWLib/stlport_insertion_sort_s4sortelem20.cpp	StringBase	game\Libraries\Source\WWVegas\WWLib\stlport_insertion_sort_s4sortelem20.cpp(64) : error C2664: '_STL::__linear_insert' : cannot convert parameter 3 from 'S4SortElem20' to 'S4SortElem20'
game/Libraries/Source/WWVegas/WWLib/stlport_introsort_loop_s4sortelem12_002e1b60.cpp	StringBase	C:\Users\Jonathan\Desktop\reverse bfme\build\wt_step2b\inputs\vendor\stlport\stl\_algo.c(819) : error C2440: 'type cast' : cannot convert from 'const S4SortElem12' to 'S4SortElem12'
game/Libraries/Source/WWVegas/WWLib/stlport_linear_insert_s4sortelem12.cpp	StringBase	game\Libraries\Source\WWVegas\WWLib\stlport_linear_insert_s4sortelem12.cpp(12) : error C2248: 'StringBase<T>::StringBase' : cannot access private member declared in class 'StringBase<T>'
game/Libraries/Source/WWVegas/WWLib/stlport_make_heap_s4sortelem20.cpp	StringBase	game\Libraries\Source\WWVegas\WWLib\stlport_make_heap_s4sortelem20.cpp(48) : error C2664: '_STL::__adjust_heap' : cannot convert parameter 4 from 'S4SortElem20' to 'S4SortElem20'
game/Libraries/Source/WWVegas/WWLib/stlport_unguarded_insertion_sort_s4sortelem12.cpp	StringBase	game\Libraries\Source\WWVegas\WWLib\stlport_unguarded_insertion_sort_s4sortelem12.cpp(13) : error C2248: 'StringBase<T>::StringBase' : cannot access private member declared in class 'StringBase<T>'
game/Libraries/Source/WWVegas/WWLib/stlport_unguarded_insertion_sort_s4sortelem12_b.cpp	StringBase	game\Libraries\Source\WWVegas\WWLib\stlport_unguarded_insertion_sort_s4sortelem12_b.cpp(13) : error C2248: 'StringBase<T>::StringBase' : cannot access private member declared in class 'StringBase<T>'
game/Libraries/Source/WWVegas/WWLib/stlport_unguarded_insertion_sort_s4sortelem20.cpp	StringBase	game\Libraries\Source\WWVegas\WWLib\stlport_unguarded_insertion_sort_s4sortelem20.cpp(10) : error C2248: 'StringBase<T>::StringBase' : cannot access private member declared in class 'StringBase<T>'
game/Libraries/Source/WWVegas/WWLib/stlport_unguarded_linear_insert_s4sortelem12.cpp	StringBase	game\Libraries\Source\WWVegas\WWLib\stlport_unguarded_linear_insert_s4sortelem12.cpp(12) : error C2248: 'StringBase<T>::StringBase' : cannot access private member declared in class 'StringBase<T>'
game/Libraries/Source/WWVegas/WWLib/vector_Q3SortElem4_resize.cpp	StringBase	game\Libraries\Source\WWVegas\WWLib\vector_Q3SortElem4_resize.cpp(11) : error C2248: 'StringBase<T>::StringBase' : cannot access private member declared in class 'StringBase<T>'
game/Libraries/Source/WWVegas/WWLib/vector_Q3SortElem4_resize1.cpp	StringBase	game\Libraries\Source\WWVegas\WWLib\vector_Q3SortElem4_resize1.cpp(16) : error C2248: 'StringBase<T>::StringBase' : cannot access private member declared in class 'StringBase<T>'
game/GameEngine/Source/Common/RTS/TeamPrototypeScripts.cpp	AsciiString	Functions: FAIL 2/2
game/GameEngine/Source/GameClient/GUI/GUICallbacks/Menus/insertPlayerInListbox_Thunk.cpp	AsciiString	Functions: FAIL 1/1
