name,target_rva,declared_slots,inferred_slots,verdict
??0?$_Vector_base@PAVObject@@V?$allocator@PAVObject@@@_STL@@@_STL@@QAE@IABV?$allocator@PAVObject@@@1@@Z,0x00001DA7,,,undecided
??0W3DDisplay@@QAE@XZ,0x00002432,0,0,consistent
??0BoneFXUpdate@@QAE@PAVThing@@PBVModuleData@@@Z,0x0000264E,2,2,consistent
??0?$SimpleParameterClass@H$0A@@@QAE@PAXPBD@Z,0x00002874,,,undecided
?insert_unique@?$_Rb_tree@W4NameKeyType@@U?$pair@$$CBW4NameKeyType@@PAVLocomotorTemplate@@@_STL@@U?$_Select1st@U?$pair@$$CBW4NameKeyType@@PAVLocomotorTemplate@@@_STL@@@3@U?$less@W4NameKeyType@@@3@V?$allocator@U?$pair@$$CBW4NameKeyType@@PAVLocomotorTemplate@@@_STL@@@3@@_STL@@QAE?AU?$_Rb_tree_iterator@U?$pair@$$CBW4NameKeyType@@PAVLocomotorTemplate@@@_STL@@U?$_Nonconst_traits@U?$pair@$$CBW4NameKeyType@@PAVLocomotorTemplate@@@_STL@@@2@@2@U32@ABU?$pair@$$CBW4NameKeyType@@PAVLocomotorTemplate@@@2@@Z,0x000082F6,,,undecided
??$find@W4NameKeyType@@@?$_Rb_tree@W4NameKeyType@@U?$pair@$$CBW4NameKeyType@@VModuleTemplate@ModuleFactory@@@_STL@@U?$_Select1st@U?$pair@$$CBW4NameKeyType@@VModuleTemplate@ModuleFactory@@@_STL@@@3@U?$less@W4NameKeyType@@@3@V?$allocator@U?$pair@$$CBW4NameKeyType@@VModuleTemplate@ModuleFactory@@@_STL@@@3@@_STL@@QAE?AU?$_Rb_tree_iterator@U?$pair@$$CBW4NameKeyType@@VModuleTemplate@ModuleFactory@@@_STL@@U?$_Nonconst_traits@U?$pair@$$CBW4NameKeyType@@VModuleTemplate@ModuleFactory@@@_STL@@@2@@1@ABW4NameKeyType@@@Z,0x0000C054,,,undecided
??0GameResultsQueue@@QAE@XZ,0x0000DAFD,0,0,consistent
?insert_unique@?$_Rb_tree@GU?$pair@$$CBGE@_STL@@U?$_Select1st@U?$pair@$$CBGE@_STL@@@2@U?$less@G@2@V?$allocator@U?$pair@$$CBGE@_STL@@@2@@_STL@@QAE?AU?$_Rb_tree_iterator@U?$pair@$$CBGE@_STL@@U?$_Nonconst_traits@U?$pair@$$CBGE@_STL@@@2@@2@U32@,0x0000DE77,,,undecided
?insert_unique@?$_Rb_tree@$$CBV?$BitFlags@$0L@@@U?$pair@$$CBV?$BitFlags@$0L@@@PBVArmorTemplateSet@@@_STL@@U?$_Select1st@U?$pair@$$CBV?$BitFlags@$0L@@@PBVArmorTemplateSet@@@_STL@@@3@UMapHelper@?$SparseMatchFinder@VArmorTemplateSet@@V?$BitFla,0x0000F952,,,undecided
??0BridgeScaffoldBehavior@@QAE@PAVThing@@PBVModuleData@@@Z,0x0001002D,2,2,consistent
?insert_unique@?$_Rb_tree@$$CBV?$BitFlags@$0BB@@@U?$pair@$$CBV?$BitFlags@$0BB@@@PBVWeaponTemplateSet@@@_STL@@U?$_Select1st@U?$pair@$$CBV?$BitFlags@$0BB@@@PBVWeaponTemplateSet@@@_STL@@@3@UMapHelper@?$SparseMatchFinder@VWeaponTemplateSet@@V?$,0x00010F1E,,,undecided
?insert_unique@?$_Rb_tree@$$CBV?$BitFlags@$0LL@@@U?$pair@$$CBV?$BitFlags@$0LL@@@PBVWeaponTemplateSet@@@_STL@@U?$_Select1st@U?$pair@$$CBV?$BitFlags@$0LL@@@PBVWeaponTemplateSet@@@_STL@@@3@UMapHelper@?$SparseMatchFinder@VWeaponTemplateSet@@V?$BitFlags@$0LL@@@@@V?$allocator@U?$pair@$$CBV?$BitFlags@$0LL@@@PBVWeaponTemplateSet@@@_STL@@@3@@_STL@@QAE?AU?$_Rb_tree_iterator@U?$pair@$$CBV?$BitFlags@$0LL@@@PBVWeaponTemplateSet@@@_STL@@U?$_Nonconst_traits@U?$pair@$$CBV?$BitFlags@$0LL@@@PBVWeaponTemplateSet@@@_STL@@@2@@2@U32@ABU?$pair@$$CBV?$BitFlags@$0LL@@@PBVWeaponTemplateSet@@@2@@Z,0x00010F1E,,,undecided
?erase@?$list@PAVDrawable@@V?$allocator@PAVDrawable@@@_STL@@@_STL@@QAE?AU?$_List_iterator@PAVDrawable@@U?$_Nonconst_traits@PAVDrawable@@@_STL@@@2@U32@0@Z,0x00015348,,,undecided
??0?$_Vector_base@PBVLocomotorTemplate@@V?$allocator@PBVLocomotorTemplate@@@_STL@@@_STL@@QAE@IABV?$allocator@PBVLocomotorTemplate@@@1@@Z,0x0001D949,,,undecided
?erase@?$list@PAVGameWindow@@V?$allocator@PAVGameWindow@@@_STL@@@_STL@@QAE?AU?$_List_iterator@PAVGameWindow@@U?$_Nonconst_traits@PAVGameWindow@@@_STL@@@2@U32@0@Z,0x00024131,,,undecided
?insert_unique@?$_Rb_tree@W4NameKeyType@@U?$pair@$$CBW4NameKeyType@@UPristineBon,0x00024ADC,,,undecided
??0FireWeaponWhenDamagedBehavior@@QAE@PAVThing@@PBVModuleData@@@Z,0x0002A379,2,2,consistent
??0DozerAIUpdateModuleData@@QAE@XZ,0x0002BFF8,0,0,consistent
?insert_unique@?$_Rb_tree@VAsciiString@@U?$pair@$$CBVAsciiString@@UCoord3D@@@_STL@@U?$_Select1st@U?$pair@$$CBVAsciiString@@UCoord3D@@@_STL@@@3@U?$less@VAsciiString@@@3@V?$allocator@U?$pair@$$CBVAsciiString@@UCoord3D@@@_STL@@@3@@_STL@@QAE?AU?$pair@U?$_Rb_tree_iterator@U?$pair@$$CBVAsciiString@@UCoord3D@@@_STL@@U?$_Nonconst_traits@U?$pair@$$CBVAsciiString@@UCoord3D@@@_STL@@@2@@_STL@@_N@2@ABU?$pair@$$CBVAsciiString@@UCoord3D@@@2@@Z,0x0002DA10,,,undecided
?insert_unique@?$_Rb_tree@W4NameKeyType@@U?$pair@$$CBW4NameKeyType@@M@_STL@@U?$_Select1st@U?$pair@$$CBW4NameKeyType@@M@_STL@@@3@U?$less@W4NameKeyType@@@3@V?$allocator@U?$pair@$$CBW4NameKeyType@@M@_STL@@@3@@_STL@@QAE?AU?$_Rb_tree_iterator@U?$pair@$$CBW4NameKeyType@@M@_STL@@U?$_Nonconst_traits@U?$pair@$$CBW4NameKeyType@@M@_STL@@@2@@2@U32@ABU?$pair@$$CBW4NameKeyType@@M@2@@Z,0x00030512,,,undecided
??0SupplyWarehouseCripplingBehavior@@QAE@PAVThing@@PBVModuleData@@@Z,0x00037619,2,2,consistent
?insert_unique@?$_Rb_tree@PBVThingTemplate@@U?$pair@QBVThingTemplate@@H@_STL@@U?$_Select1st@U?$pair@QBVThingTemplate@@H@_STL@@@3@U?$less@PBVThingTemplate@@@3@V?$allocator@U?$pair@QBVThingTemplate@@H@_STL@@@3@@_STL@@QAE?AU?$_Rb_tree_iterator@U?$pair@QBVThingTemplate@@H@_STL@@U?$_Nonconst_traits@U?$pair@QBVThingTemplate@@H@_STL@@@2@@2@U32@ABU?$pair@QBVThingTemplate@@H@2@@Z,0x0003E22A,,,undecided
??0?$_Vector_base@PAVObjectCreationNugget@@V?$allocator@PAVObjectCreationNugget@@@_STL@@@_STL@@QAE@IABV?$allocator@PAVObjectCreationNugget@@@1@@Z,0x0003F418,,,undecided
?getCommandTypeAsAsciiString@GameMessage@@SA?AVAsciiString@@W4Type@1@@Z,0x00040A1B,,,undecided
??0AutoHealBehavior@@QAE@PAVThing@@PBVModuleData@@@Z,0x00048B9E,2,2,consistent
?init@GameEngine@@,0x00079060,,,undecided
??1GameEngine@@UAE@XZ,0x0007AC33,0,0,consistent
??A?$map@VAsciiString@@VMapMetaData@@U?$less@VAsciiString@@@_STL@@V?$allocator@U?$pair@$$CBVAsciiString@@VMapMetaData@@@_STL@@@4@@_STL@@QAEAAVMapMetaData@@ABVAsciiString@@@Z,0x0007DF70,,,undecided
?getIdealStaticGameDetail@OptionPreferences@@QAEHXZ,0x0007E0F0,0,0,consistent
??A?$map@VAsciiString@@V?$list@VAsciiString@@V?$allocator@VAsciiString@@@_STL@@@_STL@@U?$less@VAsciiString@@@3@V?$allocator@U?$pair@$$CBVAsciiString@@V?$list@VAsciiString@@V?$allocator@VAsciiString@@@_STL@@@_STL@@@_STL@@@3@@_STL@@QAEAAV?$list@VAsciiString@@V?$allocator@VAsciiString@@@_STL@@@1@ABVAsciiString@@@Z,0x00082050,,,undecided
??0MapObject@@QAE@UCoord3D@@VAsciiString@@MHPBVDict@@PBVThingTemplate@@@Z,0x00088160,,,undecided
??1MapObject@@MAE@XZ,0x00088350,0,0,consistent
??0NameKeyGenerator@@QAE@XZ,0x00090380,0,0,consistent
?useCameraInReplays@OptionPreferences@@QAE_NXZ,0x00090900,0,0,consistent
?getName@SpecialPowerTemplate@@QBE?AVAsciiString@@XZ,0x00098F80,,,undecided
??0AudioSettings@@QAE@XZ,0x000B4E00,0,0,consistent
?_M_insert_overflow@?$vector@V?$vector@UICoord2D@@V?$allocator@UICoord2D@@@_STL@@@_STL@@V?$allocator@V?$vector@UICoord2D@@V?$allocator@UICoord2D@@@_STL@@@_STL@@@2@@_STL@@IAEXPAV?$vector@UICoord2D@@V?$allocator@UICoord2D@@@_STL@@@2@ABV32@ABU__false_type@2@I_N@Z,0x000BDF20,,,undecided
?_M_fill_insert@?$vector@V?$vector@UICoord2D@@V?$allocator@UICoord2D@@@_STL@@@_STL@@V?$allocator@V?$vector@UICoord2D@@V?$allocator@UICoord2D@@@_STL@@@_STL@@@2@@_STL@@QAEXPAV?$vector@UICoord2D@@V?$allocator@UICoord2D@@@_STL@@@2@IABV32@@Z,0x000BE090,,,undecided
??0MapMetaDataReader@@QAE@XZ,0x000C0EA0,0,0,consistent
?removeSide@SidesList@@QAEXH@Z,0x000C31B0,1,0,consistent
?canDoSpecialPowerAtObject@ActionManager@@QAE_NPBVObject@@0W4CommandSourceType@@PBVSpecialPowerTemplate@@I_N@Z,0x000C5FF0,,,undecided
?canDoSpecialPowerAtLocation@ActionManager@@QAE_NPBVObject@@PBUCoord3D@@W4CommandSourceType@@PBVSpecialPowerTemplate@@0I_N@Z,0x000C6930,,,undecided
?killPlayer@Player@@QAEXXZ,0x000CE170,0,0,consistent
?becomingLocalPlayer@Player@@QAEX_N@Z,0x000D77B0,1,1,consistent
??A?$map@VAsciiString@@MU?$less@VAsciiString@@@_STL@@V?$allocator@U?$pair@$$CBVAsciiString@@M@_STL@@@3@@_STL@@QAEAAMABVAsciiString@@@Z,0x000D97B0,,,undecided
?update@Player@@QAEXXZ,0x000D9A80,0,0,consistent
?updateLoadProgress@GameLogic@@QAEXH@Z,0x000DB020,1,0,consistent
??4?$vector@VAsciiString@@V?$allocator@VAsciiString@@@_STL@@@_STL@@QAEAAV01@ABV01@@Z,0x000DE2C0,,,undecided
?addSide@SidesList@@QAEXPBVDict@@@Z,0x000E0640,1,0,consistent
??0PlayerTemplate@@QAE@XZ,0x000E3760,0,0,consistent
?getRequiresList@ProductionPrerequisite@@QBE?AVUnicodeString@@PBVPlayer@@@Z,0x000E4BE0,,,undecided
??0TeamTemplateInfo@@QAE@PAVDict@@@Z,0x000EFEB0,1,1,consistent
?updateGenericScripts@Team@@QAEXXZ,0x000F1430,0,0,consistent
??0Team@@QAE@PAVTeamPrototype@@I@Z,0x000F7790,2,2,consistent
?createInactiveTeam@TeamFactory@@QAEPAVTeam@@ABVAsciiString@@@Z,0x000F7AB0,1,2,reads-more
?rva000FB3F0@Rva000FB3F0@@QAEXPBVThingTemplate@@PAVRva000D9680Player@@@Z,0x000FB3F0,2,2,consistent
?writeDict@DataChunkOutput@@QAEXABVDict@@@Z,0x001043B0,1,1,consistent
?newMap@Radar@@UAEXPAVTerrainLogic@@@Z,0x001078B0,1,1,consistent
??0Radar@@QAE@XZ,0x00107FE0,0,0,consistent
?getVetUpgradeName@@YA?AVAsciiString@@W4VeterancyLevel@@@Z,0x0010AD90,,,undecided
?canAffordUpgrade@UpgradeCenter@@QBE_NPAVPlayer@@PBVUpgradeTemplate@@_N@Z,0x0010AF70,3,4,reads-more
?parsePreferredAgainst@WeaponTemplateSet@@CAXPAVINI@@PAX1PBX@Z,0x0010FE90,,,undecided
?loadGame@GameState@@QAE?AW4SaveCode@@UAvailableGameInfo@@@Z,0x001109CF,,,undecided
??1GameStateMap@@,0x00112BF0,,,undecided
??0ObjectModule@@QAE@PAVThing@@PBVModuleData@@@Z,0x00113C60,2,2,consistent
??0OathbreakersFadeAwayBehaviorModuleData@@QAE@XZ,0x00125CE0,0,0,consistent
??0SpawnUnitBehaviorModuleData@@QAE@XZ,0x00125CE0,0,0,consistent
??0RunOffMapBehaviorModuleData@@QAE@XZ,0x00126760,0,0,consistent
??0RubbleRiseUpdateModuleData@@QAE@XZ,0x00127AD0,0,0,consistent
??1UpgradeModuleModuleData@@UAE@XZ,0x00128FA0,0,0,consistent
??4?$vector@VArmorTemplateSet@@V?$allocator@VArmorTemplateSet@@@_STL@@@_STL@@QAEAAV01@ABV01@@Z,0x00136D60,,,undecided
?parseModuleName@ThingTemplate@@KAXPAVINI@@PAX1PBX@Z,0x001458A0,,,undecided
?parseArbitraryFXIntoMap@@YAXPAVINI@@PAX1PBX@Z,0x00145C80,,,undecided
?initForLTA@ThingTemplate@@QAEXABVAsciiString@@@Z,0x00147F10,1,1,consistent
??0AIDockMachine@@,0x0014F7C0,,,undecided
??0AIGuardMachine@@QAE@PAVObject@@VAsciiString@@@Z,0x0015D1D0,,,undecided
??0AIGuardRetaliateMachine@@,0x0015F240,,,undecided
?checkReadyTeams@AIPlayer@@MAEXXZ,0x00162560,0,0,consistent
?doUpgradesAndSkills@AIPlayer@@MAEXXZ,0x001628F0,0,,undecided
?selectTeamToBuild@AIPlayer@@MAE_NXZ,0x00163220,0,0,consistent
?buildUpgrade@AIPlayer@@QAEXABVAsciiString@@@Z,0x001636D0,1,1,consistent
?buildSpecificAITeam@AIPlayer@@UAEXPAVTeamPrototype@@_N@Z,0x001650F0,2,2,consistent
?queueDozer@AIPlayer@@MAEXXZ,0x001657E0,0,0,consistent
?queueSupplyTruck@AIPlayer@@,0x00165D50,,,undecided
?selectTeamToReinforce@AIPlayer@@MAE_NH@Z,0x00167080,1,1,consistent
?updateBridgeRepair@AIPlayer@@IAEXXZ,0x00167930,0,3,reads-more
?isAGoodIdeaToBuildTeam@AIPlayer@@MAE_NPAVTeamPrototype@@@Z,0x00167E80,1,0,consistent
?startMoveSound@AIInternalMoveToState@@AAEXXZ,0x0016E6C0,0,0,consistent
??4?$vector@W4ScienceType@@V?$allocator@W4ScienceType@@@_STL@@@_STL@@QAEAAV01@ABV01@@Z,0x00170228,,,undecided
?onEnter@AIMoveToState@@UAE?AW4StateReturnType@@XZ,0x00173470,,,undecided
?update@AIFollowPathState@@UAE?AW4StateReturnType@@XZ,0x00179150,,,undecided
?onEnter@AIFollowWaypointPathState@@UAE?AW4StateReturnType@@XZ,0x0017A8E0,,,undecided
?onEnter@AIPanicState@@UAE?AW4StateReturnType@@XZ,0x0017B680,,,undecided
?update@AIAttackFireWeaponState@@UAE?AW4StateReturnType@@XZ,0x0017C250,,,undecided
?chooseVictim@AIAttackSquadState@@QAEPAVObject@@XZ,0x0017D2F0,0,0,consistent
?update@AIHuntState@@UAE?AW4StateReturnType@@XZ,0x0017E480,,,undecided
??0AttackStateMachine@@QAE@PAVObject@@PAVAIAttackState@@VAsciiString@@_N33@Z,0x0017F570,,,undecided
?updateInternal@AIAttackApproachTargetState@@AAE?AW4StateReturnType@@XZ,0x001827C0,,,undecided
?onEnter@AIAttackAimAtTargetState@@UAE?AW4StateReturnType@@XZ,0x00183E40,,,undecided
?onEnter@AIAttackState@@UAE?AW4StateReturnType@@XZ,0x00184580,,,undecided
??0AIStateMachine@@QAE@PAVObject@@VAsciiString@@@Z,0x00185A20,,,undecided
?update@AIMoveToState@@UAE?AW4StateReturnType@@XZ,0x00188290,,,undecided
?update@AIFollowWaypointPathState@@UAE?AW4StateReturnType@@XZ,0x001888D9,,,undecided
?validateSides@SidesList@@QAE_NXZ,0x0019C920,0,0,consistent
??0SidesList@@QAE@XZ,0x0019EA80,0,0,consistent
?prepareForMP_or_Skirmish@SidesList@@QAEXXZ,0x001A0390,0,0,consistent
?createTower@Bridge@@QAEPAVObject@@PAUCoord3D@@W4BridgeTowerType@@PBVThingTemplate@@PAV2@@Z,0x001A9730,4,4,consistent
??0Locomotor@@IAE@PBVLocomotorTemplate@@@Z,0x001B60E0,1,1,consistent
?parseLocomotorTemplateDefinition@LocomotorStore@@SAXPAVINI@@@Z,0x001BAEC0,1,,undecided
?getSingleLogicalBonePositionOnTurret@Object@@QBE_NW4WhichTurretType@@PBDPAUCoord3D@@PAVMatrix3D@@@Z,0x001C1820,4,,undecided
?getBattlePlansActiveSpecific@Player@@QBEHW4BattlePlanStatus@@@Z,0x001C4310,1,2,reads-more
?setTriggerAreaFlagsForChangeInPosition@Object@@IAEXXZ,0x001C8E7D,0,,undecided
?getHealthBoxDimensions@Object@@QBE_NAAM0@Z,0x001C9E64,,,undecided
??1InactiveBody@@UAE@XZ,0x001CEFC0,0,1,reads-more
?updateObjValuesFromMapProperties@Object@@QAEXPAVDict@@@Z,0x001D0610,1,1,consistent
?doCommandButtonAtPosition@Object@@QAEXPBVCommandButton@@PBUCoord3D@@W4CommandSourceType@@@Z,0x001D1FA0,3,4,reads-more
??0Object@@QAE@PBVThingTemplate@@ABV?$BitFlags@$0CN@@@PAVTeam@@@Z,0x001D29A0,,,undecided
?parse@ApplyRandomForceNugget@@SAXPAVINI@@PAX1PBX@Z,0x001D8800,,,undecided
??0?$_Vector_base@VAsciiString@@V?$allocator@VAsciiString@@@_STL@@@_STL@@QAE@IABV?$allocator@VAsciiString@@@1@@Z,0x001D95B0,,,undecided
??0Weapon@@QAE@XZ,0x001E74B0,0,0,consistent
?reloadWithBonus@Weapon@@IAEXPBVObject@@ABVWeaponBonus@@_N@Z,0x001E8720,3,3,consistent
??1AutoAbilityBehaviorModuleData@@UAE@XZ,0x001EDCA0,0,0,consistent
??1OathbreakersFadeAwayBehavior@@UAE@XZ,0x001F1370,0,2,reads-more
??0BezierProjectileBehavior@@QAE@PAVThing@@PBVModuleData@@@Z,0x001F1470,2,2,consistent
?resolveFX@BridgeBehavior@@IAEXXZ,0x001F2AF0,0,0,consistent
??0BridgeBehavior@@QAE@PAVThing@@PBVModuleData@@@Z,0x001F3390,2,2,consistent
?update@BridgeBehavior@@UAE?AW4UpdateSleepTime@@XZ,0x001F38A0,,,undecided
?createScaffolding@BridgeBehavior@@UAEXXZ,0x001F3F10,0,0,consistent
?handleObjectsOnBridgeOnDie@BridgeBehavior@@IAEXXZ,0x001F4F40,0,0,consistent
??0ClearanceTestingSlowDeathBehaviorModuleData@@QAE@XZ,0x001F72D0,0,0,consistent
??1CostModifierUpgrade@@UAE@XZ,0x001F8970,0,2,reads-more
?getModuleNameKey@WorkerAIUpdate@@UBE?AW4NameKeyType@@XZ,0x001F8AB0,,,undecided
??0MobMemberSlavedUpdate@@QAE@PAVThing@@PBVModuleData@@@Z,0x001FB5D0,2,2,consistent
??0FireWeaponWhenDeadBehavior@@QAE@PAVThing@@PBVModuleData@@@Z,0x001FBC70,2,2,consistent
??0GateOpenAndCloseBehaviorModuleData@@QAE@XZ,0x001FCEC0,0,0,consistent
??0GiantBirdSlowDeathBehaviorModuleData@@QAE@XZ,0x001FFE40,0,0,consistent
?toAngle@Coord2D@@QBEMXZ,0x001a5cb0,0,0,consistent
??1ReplenishUnitsBehavior@@UAE@XZ,0x00204B50,0,0,consistent
??1ShareExperienceBehavior@@UAE@XZ,0x00205AC0,0,1,reads-more
?parse@?$BitFlags@$0HF@@@QAEXPAVINI@@PAVAsciiString@@@Z,0x00209240,,,undecided
?beginSlowDeath@SlowDeathBehavior@@UAEXPBVDamageInfo@@@Z,0x00209BB0,1,0,consistent
?onDie@SlowDeathBehavior@@UAEXPBVDamageInfo@@@Z,0x0020A150,1,,undecided
??0ActiveBodyModuleData@@QAE@XZ,0x0020F7C0,0,0,consistent
??1RespawnBodyModuleData@@UAE@XZ,0x00211D40,0,1,reads-more
??0ShroudCrateCollideModuleData@@QAE@XZ,0x00217870,0,0,consistent
??0MoneyCrateCollideModuleData@@QAE@XZ,0x00217870,0,0,consistent
??0HealCrateCollideModuleData@@QAE@XZ,0x00217870,0,0,consistent
??0ConvertToCarBombCrateCollideModuleData@@QAE@XZ,0x00217870,0,0,consistent
??0GarrisonContain@@QAE@PAVThing@@PBVModuleData@@@Z,0x0021D820,2,2,consistent
?loadGarrisonPoints@GarrisonContain@@IAEXXZ,0x0021EB50,0,0,consistent
?exitObjectViaDoor@GarrisonContain@@UAEXPAVObject@@W4ExitDoorType@@@Z,0x0021FDC0,2,1,consistent
??0CaveContainModuleData@@QAE@XZ,0x00227200,0,0,consistent
??0OpenContainModuleData@@QAE@XZ,0x00227200,0,0,consistent
??0OpenContain@@QAE@PAVThing@@PBVModuleData@@@Z,0x002277A0,2,2,consistent
??0HordeSiegeEngineContainModuleData@@QAE@XZ,0x0022CB80,0,0,consistent
??0GarrisonContainModuleData@@QAE@XZ,0x0022F7E0,0,0,consistent
?postProcessLoad@WeaponStore@@UAEXXZ,0x0023E5F0,0,3,reads-more
??0HordeContain@@QAE@PAVThing@@PBVModuleData@@@Z,0x0023EAF0,2,2,consistent
??0HordeGarrisonContain@@QAE@PAVThing@@PBVModuleData@@@Z,0x00248F90,2,2,consistent
??1HordeGarrisonContain@@UAE@XZ,0x00249820,0,0,consistent
??1HordeTransportContain@@UAE@XZ,0x0024C530,0,0,consistent
?onDie@Rva0024EB00@@UAEXPBVDamageInfo@@@Z,0x0024EB00,1,0,consistent
??0ArrowStormUpdate@@QAE@PAVThing@@PBVModuleData@@@Z,0x002576E0,2,2,consistent
?doSpecialPowerAtObject@CashHackSpecialPower@@UAEXPAVObject@@I@Z,0x00258800,2,,undecided
?_M_insert_overflow@?$vector@UICoord2D@@V?$allocator@UICoord2D@@@_STL@@@_STL@@IAEXPAUICoord2D@@ABU3@ABU__false_type@2@I_N@Z,0x00258BF0,,,undecided
??0CashHackSpecialPowerModuleData@@QAE@XZ,0x00258D70,0,0,consistent
??1SiegeDeployHordeSpecialPower@@UAE@XZ,0x00265ED0,0,4,reads-more
rva_00267d80_SpecialDisguiseUpdate_slot15,0x00267D80,,,undecided
??1PlayerHealSpecialPowerModuleData@@UAE@XZ,0x00268CB0,0,0,consistent
??1StopSpecialPowerModuleData@@UAE@XZ,0x002693E0,0,2,reads-more
??1DarknessSpecialPowerModuleData@@UAE@XZ,0x002693E0,0,2,reads-more
??1DefectorSpecialPowerModuleData@@UAE@XZ,0x0026AE90,0,2,reads-more
??1AssaultTransportAIUpdate@@UAE@XZ,0x00271DB0,0,1,reads-more
??1WanderAIUpdate@@UAE@XZ,0x00271DB0,0,1,reads-more
??1TransportAIUpdate@@UAE@XZ,0x00271DB0,0,1,reads-more
??1AnimalAIUpdate@@UAE@XZ,0x0027E5A0,0,0,consistent
??0AIUpdateInterface@@QAE@PAVThing@@PBVModuleData@@@Z,0x0027F4B0,2,2,consistent
??0AttributeModifierAuraUpdate@@QAE@PAVThing@@PBVModuleData@@@Z,0x002800D0,2,2,consistent
??1AttributeModifierAuraUpdate@@UAE@XZ,0x002803F0,0,0,consistent
??0AutoDepositUpdate@@QAE@PAVThing@@PBVModuleData@@@Z,0x00280D90,2,2,consistent
??0AutoFindHealingUpdate@@QAE@PAVThing@@PBVModuleData@@@Z,0x00281480,2,2,consistent
??1AutoPickUpUpdate@@UAE@XZ,0x00281F40,0,0,consistent
??0BannerCarrierUpdateModuleData@@QAE@XZ,0x00284600,0,0,consistent
??0BannerCarrierUpdate@@QAE@PAVThing@@PBVModuleData@@@Z,0x00285F10,2,0,consistent
??0BattlePlanUpdate@@QAE@PAVThing@@PBVModuleData@@@Z,0x00286260,2,2,consistent
?setStatus@BattlePlanUpdate@@IAEXW4TransitionStatus@@@Z,0x00286440,1,1,consistent
??1PointDefenseLaserUpdate@@UAE@XZ,0x00287410,0,1,reads-more
??1SmartBombTargetHomingUpdate@@UAE@XZ,0x00287410,0,1,reads-more
??0BoneFXUpdateModuleData@@QAE@XZ,0x00288340,0,0,consistent
??1BroadcastStealthUpdate@@UAE@XZ,0x00289E50,0,0,consistent
??1CivilianSpawnUpdate@@UAE@XZ,0x0028A5A0,0,0,consistent
?update@FireSpreadUpdate@@UAE?AW4UpdateSleepTime@@XZ,0x00292900,,,undecided
?tryToIgnite@FlammableUpdate@@QAEXXZ,0x00293990,0,0,consistent
??0LargeGroupAudioUpdateModuleData@@QAE@XZ,0x002971F0,0,0,consistent
??1LargeGroupBonusUpdate@@UAE@XZ,0x00297930,0,0,consistent
?isPointOnWall@PathfindLayer@@QAE_NPAW4ObjectID@@HPBUCoord3D@@@Z,0x00299080,3,0,consistent
??0PartTheHeavensUpdateModuleData@@QAE@XZ,0x00299E10,0,0,consistent
??0PhysicsBehaviorModuleData@@QAE@XZ,0x0029A090,0,0,consistent
??0ProductionUpdateModuleData@@QAE@XZ,0x0029FB70,0,0,consistent
??0ProneUpdate@@QAE@PAVThing@@PBVModuleData@@@Z,0x0029FE70,2,2,consistent
??1WeaponSetSpecialAbilityUpdate@@UAE@XZ,0x002A9850,0,0,consistent
??1SpecialEnemySenseUpdate@@UAE@XZ,0x002AB0F0,0,0,consistent
?update@StealthDetectorUpdate@@,0x002AB690,,,undecided
??0StealthUpdate@@QAE@PAVThing@@PBVModuleData@@@Z,0x002ACB70,2,2,consistent
?onDie@StructureToppleUpdate@@UAEXPBVDamageInfo@@@Z,0x002AE520,1,0,consistent
?update@StructureCollapseUpdate@@UAE?AW4UpdateSleepTime@@XZ,0x002AE950,,,undecided
?doDamageLine@StructureToppleUpdate@@IAEXPAVObject@@PBVWeaponTemplate@@MMMM@Z,0x002AF8F9,6,,undecided
?findGoodBuildOrRepairPosition@DozerAIUpdate@@SA_NPBVObject@@0AAUCoord3D@@@Z,0x002B6C40,,,undecided
?findObjectToRepair@@YAPAVObject@@PAV1@@Z,0x002B82D0,1,0,consistent
?newTask@DozerAIUpdate@@UAEXW4DozerTask@@PAVObject@@@Z,0x002B8A00,2,2,consistent
?update@DozerActionPickActionPosState@@UAE?AW4StateReturnType@@XZ,0x002B8E10,,,undecided
??0FoundationAIUpdate@@QAE@PAVThing@@PBVModuleData@@@Z,0x002BA040,2,2,consistent
??0GiantBirdAIUpdate@@QAE@PAVThing@@PBVModuleData@@@Z,0x002C2430,2,2,consistent
??0SupplyTruckStateMachine@@QAE@PAVObject@@VAsciiString@@@Z,0x002C6430,,,undecided
??0SupplyTruckAIUpdate@@QAE@PAVThing@@PBVModuleData@@@Z,0x002C6AE0,2,2,consistent
?doRotateCameraTowardObject@ScriptActions@@IAEXABVAsciiString@@MMMM@Z,0x002EE060,5,,undecided
?getModuleNameKey@FlammableUpdate@@UBE?AW4NameKeyType@@XZ,0x002EFB20,,,undecided
?doPlaySoundEffect@ScriptActions@@IAEXABVAsciiString@@@Z,0x002F22A0,1,1,consistent
?doTeamHuntWithCommandButton@ScriptActions@@,0x002F7B80,,,undecided
?ParseActionFalseDataChunk@ScriptAction@@SA_NAAVDataChunkInput@@PAUDataChunkInfo@@PAX@Z,0x002F8A50,3,3,consistent
?d_002f8fd0@@YAXXZ,0x002F8FD0,,,undecided
?createUnitOnTeamAt@ScriptActions@@IAEXABVAsciiString@@000@Z,0x002F92A5,,,undecided
?doForceObjectSelection@ScriptActions@@IAEXABVAsciiString@@0_N0@Z,0x002FAF10,,,undecided
?doTeamUseCommandButtonOnNearestEnemy@ScriptActions@@IAEXABVAsciiString@@0@Z,0x002FB170,,,undecided
?doRemoveCommandBarButton@ScriptActions@@IAEXABVAsciiString@@0@Z,0x002FC570,,,undecided
?doTeamUseCommandButtonOnNearestObjectType@ScriptActions@@IAEXABVAsciiString@@00@Z,0x002FE110,,,undecided
?doSkirmishCommandButtonOnMostValuable@ScriptActions@@IAEXABVAsciiString@@0M_N@Z,0x002FF770,,,undecided
?doUnitGarrisonNearestBuilding@ScriptActions@@IAEXABVAsciiString@@@Z,0x00302630,1,1,consistent
?executeAction@ScriptActions@@UAEXPAVScriptAction@@@Z,0x00303BF0,1,,undecided
?evaluateSkirmishSuppliesWithinDistancePerimeter@ScriptConditions@@IAE_NPAVParameter@@000@Z,0x0032D300,,,undecided
?getUiText@Parameter@@QBE?AVAsciiString@@XZ,0x00352E80,,,undecided
?WriteScriptDataChunk@Script@@SAXAAVDataChunkOutput@@PAV1@@Z,0x00357B30,2,3,reads-more
?ReadParameter@Parameter@@SAPAV1@AAVDataChunkInput@@@Z,0x00357FC0,1,0,consistent
?ParseScriptsDataChunk@ScriptList@@SA_NAAVDataChunkInput@@PAUDataChunkInfo@@PAX@Z,0x0035BFB0,3,2,consistent
?ParseScript@Script@@SAPAV1@AAVDataChunkInput@@G@Z,0x0035C0C0,2,2,consistent
?update@VictoryConditions@@,0x0035F920,,,undecided
??0CastleBehavior@@QAE@PAVThing@@PBVModuleData@@@Z,0x00376250,2,2,consistent
??0SpyVisionUpdateModuleData@@QAE@XZ,0x00377D70,0,0,consistent
??1CreateCrateDie@@UAE@XZ,0x00379440,0,1,reads-more
?dup_003865b0@@YAXXZ,0x003865B0,,,undecided
?endMenu@EstablishConnectionsMenu@@,0x00387A50,,,undecided
?init@GameLogic@@UAEXXZ,0x0038A1F0,0,0,consistent
?deleteLoadScreen@GameLogic@@QAEXXZ,0x0038D100,0,0,consistent
?populateRandomStartPosition@@YAXPAVGameInfo@@@Z,0x00390F90,1,1,consistent
?startNewGame@GameLogic@@QAEX_N@Z,0x00394260,1,1,consistent
?closeWindows@GameLogic@@QAEXXZ,0x00396950,0,0,consistent
?doSetRallyPoint@@YAXPAVObject@@ABUCoord3D@@@Z,0x00396D40,2,4,reads-more
?logicMessageDispatcher@GameLogic@@,0x00397540,,,undecided
?init@MainMenuMediumScaleUpTransition@@UAEXPAVGameWindow@@@Z,0x003A4C80,1,1,consistent
?clientSafeQuickDoesPathExistForUI@Pathfinder@@QAE_NABVLocomotorSet@@PBUCoord3D@@1@Z,0x003D96A3,,,undecided
?isAttackViewBlockedByObstacle@Pathfinder@@QAE_NPBVObject@@ABUCoord3D@@01@Z,0x003EA980,,,undecided
?moveAllies@Pathfinder@@QAE_NPAVObject@@PAVPath@@@Z,0x003EBA30,2,3,reads-more
?findPath@Pathfinder@@EAEPAVPath@@PAVObject@@ABVLocomotorSet@@PBUCoord3D@@2@Z,0x003F2F60,,,undecided
?findClosestPath@Pathfinder@@EAEPAVPath@@PAVObject@@ABVLocomotorSet@@PBUCoord3D@@PAU5@_NM4@Z,0x003F3460,,,undecided
?optimize@Path@@QAEXPBVObject@@H_N@Z,0x00401660,3,3,consistent
?drawContained@Drawable@@AAEXPBUIRegion2D@@@Z,0x00414E40,1,0,consistent
?mangleCustomAudioName@Drawable@@QBEXPAVDynamicAudioEventInfo@@@Z,0x00417330,1,1,consistent
?setCaptionText@Drawable@@QAEXABVUnicodeString@@@Z,0x00418880,1,1,consistent
??1TooltipUpgrade@@UAE@XZ,0x00418B50,0,1,reads-more
?drawEnthusiastic@Drawable@@AAEXPBUIRegion2D@@@Z,0x0041A780,1,0,consistent
?calcPhysicsXformWheels@Drawable@@IAEXPBVLocomotor@@AAUPhysicsXformInfo@1@@Z,0x0041F2A0,2,1,consistent
?tryUnderAttackEvent@Radar@@,0x004271B0,,,undecided
?initMapStringFile@GameTextManager@@UAEXABVAsciiString@@@Z,0x00438D50,1,1,consistent
??0SuperweaponInfo@@QAE@W4ObjectID@@I_N111ABVAsciiString@@H1HPBVSpecialPowerTemplate@@@Z,0x0043D8C0,,,undecided
?setRadiusCursor@InGameUI@@UAEXW4RadiusCursorType@@PBVSpecialPowerTemplate@@W4WeaponSlotType@@@Z,0x0043DBE0,3,4,reads-more
?hideIdleWorkerLayout@InGameUI@@EAEXXZ,0x0043FA90,0,0,consistent
?createReplayControl@InGameUI@@IAEXXZ,0x00440B40,0,0,consistent
?playCameoMovie@InGameUI@@UAEXABVAsciiString@@@Z,0x00441AF0,1,1,consistent
?rva00441D30@InGameUI@@UAEXVUnicodeString@@H@Z,0x00441D30,,,undecided
?createMouseoverHint@InGameUI@@,0x004445C0,,,undecided
?selectAllUnitsByTypeAcrossMap@InGameUI@@UAEHV?$BitFlags@$0HE@@@0@Z,0x00446550,,,undecided
?postDraw@InGameUI@@UAEXXZ,0x004469F0,0,0,consistent
??1InGameUI@@UAE@XZ,0x0044AE70,0,0,consistent
??0InGameUI@@QAE@XZ,0x0044B800,0,0,consistent
?addSuperweapon@InGameUI@@UAEXHABVAsciiString@@W4ObjectID@@PBVSpecialPowerTemplate@@@Z,0x0044C970,4,4,consistent
??$_M_find@VUnicodeString@@@?$_Rb_tree@VUnicodeString@@U?$pair@$$CBVUnicodeString@@_N@_STL@@U?$_Select1st@U?$pair@$$CBVUnicodeString@@_N@_STL@@@3@UUnicodeStringLessThan@@V?$allocator@U?$pair@$$CBVUnicodeString@@_N@_STL@@@3@@_STL@@ABEPAU?$_Rb_tree_node@U?$pair@$$CBVUnicodeString@@_N@_STL@@@1@ABVUnicodeString@@@Z,0x0044D4C0,,,undecided
?filterLine@LanguageFilter@@QAEXAAVUnicodeString@@@Z,0x0044DB90,1,1,consistent
?init@LanguageFilter@@UAEXXZ,0x0044E7A0,0,,undecided
?copyFromBigToDir@@YAXABVAsciiString@@0@Z,0x004508D0,,,undecided
?getMapPreviewImage@@YAPAVImage@@VAsciiString@@@Z,0x004516E0,,,undecided
?ParseObjectDataChunk@@YA_NAAVDataChunkInput@@PAUDataChunkInfo@@PAX@Z,0x00454760,3,2,consistent
?update@WaypointMap@@QAEXXZ,0x00454EF0,0,0,consistent
?write@SkirmishPreferences@@,0x004559A0,,,undecided
?addMap@MapCache@@AAE_NVAsciiString@@0PAUFileInfo@@_N@Z,0x00456A90,,,undecided
?getDefaultMap@@YA?AVAsciiString@@_N@Z,0x00457FB0,,,undecided
?assignDefaultGadgetLook@GameWindowManager@@UAEXPAVGameWindow@@PAVGameFont@@_N@Z,0x004800FC,3,,undecided
?erase@?$list@PAVGameWindow@@V?$allocator@PAVGameWindow@@@_STL@@@_STL@@QAE?AU?$_,0x00483310,,,undecided
?setWindowText@@YAXPAVGameWindow@@VAsciiString@@@Z,0x004864E0,,,undecided
?createGadget@@YAPAVGameWindow@@PADPAXPAVOpen2479440Record@@PAV1@@Z,0x00486B10,4,4,consistent
?parseWindow@@YAPAVGameWindow@@PAVFile@@PAD@Z,0x00487F80,2,2,consistent
?winCreateLayout@GameWindowManager@@UAEPAVWindowLayout@@VAsciiString@@@Z,0x004889A0,,,undecided
?winCreateFromScript@GameWindowManager@@UAEPAVGameWindow@@VAsciiString@@PAVWindowLayoutInfo@@@Z,0x00488B80,,,undecided
?initSpecialPowershortcutBar@ControlBar@@QAEXPAVPlayer@@@Z,0x0049F1C0,1,1,consistent
?setControlBarSchemeByPlayer@ControlBar@@QAEXPAVPlayer@@@Z,0x0049F8B0,1,1,consistent
?setControlBarSchemeByPlayerTemplate@ControlBar@@QAEXPBVPlayerTemplate@@@Z,0x0049FC90,1,1,consistent
?populateSpecialPowerShortcut@ControlBar@@IAEXPAVPlayer@@@Z,0x004A04C0,1,1,consistent
?populatePurchaseScience@ControlBar@@IAEXPAVPlayer@@@Z,0x004A0B90,1,1,consistent
?init@ControlBar@@UAEXXZ,0x004A0F70,0,0,consistent
?evaluateContextUI@ControlBar@@IAEXXZ,0x004A2500,0,0,consistent
?onRemoving@RiderChangeContain@@UAEXPAVObject@@@Z,0x004A747F,1,,undecided
??1ControlBar@@UAE@XZ,0x004A9980,0,0,consistent
?initObserverControls@ControlBar@@QAEXXZ,0x004A9CD0,0,0,consistent
?init@ControlBarScheme@@QAEXXZ,0x004ABA80,0,0,consistent
?setControlBarSchemeByPlayer@ControlBarSchemeManager@@QAEXPAVPlayer@@@Z,0x004AE080,1,0,consistent
?updateSlotExitImage@ControlBar@@QAEXPBVImage@@@Z,0x004AEE00,1,2,reads-more
?GadgetListBoxMultiInput@@YA?AW4WindowMsgHandledType@@PAVGameWindow@@III@Z,0x004B9A50,,,undecided
?GadgetListBoxSystem@@YA?AW4WindowMsgHandledType@@PAVGameWindow@@III@Z,0x004B9F10,,,undecided
?GadgetPushButtonInput@@YA?AW4WindowMsgHandledType@@PAVGameWindow@@III@Z,0x004BBFC0,,,undecided
?GadgetTabControlCreateSubPanes@@YAXPAVGameWindow@@@Z,0x004BDE80,1,1,consistent
?setStartingCash@LANPreferences@@,0x004CEC00,,,undecided
?UpdateRemoteIPList@@YAXXZ,0x004D2D80,0,0,consistent
?PopulateCustomLadderListBox@@YAXPAVGameWindow@@@Z,0x004D5D90,1,,undecided
?PopulateCustomLadderComboBox@@YAXXZ,0x004D6420,0,0,consistent
?PopupHostGameInit@@YAXPAVWindowLayout@@PAX@Z,0x004D68C0,2,0,consistent
?PopupHostGameSystem@@YA?AW4WindowMsgHandledType@@PAVGameWindow@@III@Z,0x004D6EE0,,,undecided
?GameSpyPlayerInfoOverlaySystem@@YA?AW4WindowMsgHandledType@@PAVGameWindow@@III@Z,0x004D99C0,,,undecided
?InitBuddyControls@@YAXH@Z,0x004EA9D0,1,1,consistent
?getLocalProfileID@GameSpyBuddyMessageQueue@@UAEHXZ,0x004EBE30,0,0,consistent
?WOLBuddyOverlayInit@@YAXPAVWindowLayout@@PAX@Z,0x004EC6E0,2,0,consistent
?showNotificationBox@@YAXVAsciiString@@VUnicodeString@@@Z,0x004ECD10,,,undecided
?BuddyControlSystem@@YA?AW4WindowMsgHandledType@@PAVGameWindow@@III@Z,0x004ED400,,,undecided
?RequestBuddyAdd@@YAXHVAsciiString@@@Z,0x004EDAD0,,,undecided
?HandleBuddyResponses@@YAXXZ,0x004EE510,0,0,consistent
?WOLBuddyOverlayRCMenuSystem@@YA?AW4WindowMsgHandledType@@PAVGameWindow@@III@Z,0x004EFED0,,,undecided
?playerTooltip@@YAXPAVGameWindow@@PAVWinInstanceData@@I@Z,0x004FA800,3,,undecided
?WOLLobbyMenuInit@@YAXPAVWindowLayout@@PAX@Z,0x004FBBE0,2,0,consistent
?WOLLobbyMenuSystem@@YA?AW4WindowMsgHandledType@@PAVGameWindow@@III@Z,0x004FC7C0,,,undecided
?WOLLobbyMenuUpdate@@YAXPAVWindowLayout@@PAX@Z,0x004FD9B0,2,0,consistent
?checkLogin@@YAXXZ,0x004FFFC0,0,,undecided
?WOLLoginMenuUpdate@@YAXPAVWindowLayout@@PAX@Z,0x005001D0,2,,undecided
?WOLLoginMenuInit@@YAXPAVWindowLayout@@PAX@Z,0x00500A20,2,,undecided
?WOLLoginMenuSystem@@YA?AW4WindowMsgHandledType@@PAVGameWindow@@III@Z,0x00501B90,,,undecided
?updateNumPlayersOnline@@YAXXZ,0x0050BA40,0,0,consistent
??1MultiPlayerLoadScreen@@,0x0052C220,,,undecided
?populateGroupRoomListbox@@YAXPAVGameWindow@@@Z,0x005397D0,1,0,consistent
?_bfme_save@BfmeAptScreenOptions@@QAEXPBD@Z,0x00560280,1,0,consistent
?_M_copy@?$_Rb_tree@W4NameKeyType@@U?$pair@$$CBW4NameKeyType@@M@_STL@@U?$_Select1st@U?$pair@$$CBW4NameKeyType@@M@_STL@@@3@U?$less@W4NameKeyType@@@3@V?$allocator@U?$pair@$$CBW4NameKeyType@@M@_STL@@@3@@_STL@@AAEPAU?$_Rb_tree_node@U?$pair@$$CBW4NameKeyType@@M@_STL@@@2@PAU32@0@Z,0x005671E0,,,undecided
?setPortraitByObject@ControlBar@@IAEXPAVObject@@@Z,0x0059A664,1,,undecided
?newDisplayString@W3DDisplayStringManager@@UAEPAVDisplayString@@XZ,0x005A5AE0,0,0,consistent
?executeHotKey@HotKeyManager@@QAE_NABVAsciiString@@@Z,0x005B3B2A,1,,undecided
?load@ImageCollection@@QAEXH@Z,0x005D23A0,1,0,consistent
??1PointEmissionVolumeModuleTemplate@FXParticleSystem@@UAE@XZ,0x005D58F0,0,0,consistent
??1LineEmissionVolumeModuleTemplate@FXParticleSystem@@UAE@XZ,0x005D5C20,0,0,consistent
??1BoxEmissionVolumeModuleTemplate@FXParticleSystem@@UAE@XZ,0x005D5F80,0,0,consistent
??1CylinderEmissionVolumeModuleTemplate@FXParticleSystem@@UAE@XZ,0x005D65B0,0,0,consistent
??1?$ConcreteModuleTemplate@V?$ModuleTag@$04$E?BOX_EMISSION_VOLUME_MODULE_KEY@FXParticleSystem@@3QBDB$E?BOX_EMISSION_VOLUME_MODULE_NAME@2@3QBDBVBoxEmissionVolumeModule@2@VBoxEmissionVolumeModuleTemplate@2@V?$DefaultParticleModule@$04@2@V?$DefaultParticleModuleTemplate@$04@2@@FXParticleSystem@@@FXParticleSystem@@QAE@XZ,0x005D65B0,,,undecided
?freeZones@ZoneBlock@@IAEXXZ,0x005D65B0,0,0,consistent
??1LightningEmissionModuleTemplate@FXParticleSystem@@UAE@XZ,0x005D6B60,0,0,consistent
??1OrthoEmissionVelocityModuleTemplate@FXParticleSystem@@UAE@XZ,0x005D6FC0,0,0,consistent
??1HemisphericalEmissionVelocityModuleTemplate@FXParticleSystem@@UAE@XZ,0x005D7520,0,0,consistent
??1CylindricalEmissionVelocityModuleTemplate@FXParticleSystem@@UAE@XZ,0x005D78F0,0,0,consistent
??1OutwardEmissionVelocityModuleTemplate@FXParticleSystem@@UAE@XZ,0x005D7D00,0,0,consistent
??1?$ConcreteModuleTemplate@UOrthoEmissionVelocityModuleTag@FXParticleSystem@@@FXParticleSystem@@UAE@XZ,0x005DB6F0,,,undecided
??1?$ConcreteModuleTemplate@V?$ModuleTag@$03$E?SPHERICAL_EMISSION_VELOCITY_MODULE_KEY@FXParticleSystem@@3QBDB$E?SPHERICAL_EMISSION_VELOCITY_MODULE_NAME@2@3QBDBVSphericalEmissionVelocityModule@2@VSphericalEmissionVelocityModuleTemplate@2@V?$DefaultParticleModule@$03@2@V?$DefaultParticleModuleTemplate@$03@2@@FXParticleSystem@@@FXParticleSystem@@UAE@XZ,0x005DB850,,,undecided
??1?$ConcreteModuleTemplate@V?$ModuleTag@$03$E?HEMISPHERICAL_EMISSION_VELOCITY_MODULE_KEY@FXParticleSystem@@3QBDB$E?HEMISPHERICAL_EMISSION_VELOCITY_MODULE_NAME@2@3QBDBVHemisphericalEmissionVelocityModule@2@VHemisphericalEmissionVelocityModuleTemplate@2@V?$DefaultParticleModule@$03@2@V?$DefaultParticleModuleTemplate@$03@2@@FXParticleSystem@@@FXParticleSystem@@UAE@XZ,0x005DB9D0,,,undecided
??1?$ConcreteModuleTemplate@V?$ModuleTag@$03$E?CYLINDRICAL_EMISSION_VELOCITY_MODULE_KEY@FXParticleSystem@@3QBDB$E?CYLINDRICAL_EMISSION_VELOCITY_MODULE_NAME@2@3QBDBVCylindricalEmissionVelocityModule@2@VCylindricalEmissionVelocityModuleTemplate@2@V?$DefaultParticleModule@$03@2@V?$DefaultParticleModuleTemplate@$03@2@@FXParticleSystem@@@FXParticleSystem@@UAE@XZ,0x005DBB50,,,undecided
??1?$ConcreteModuleTemplate@V?$ModuleTag@$03$E?OUTWARD_EMISSION_VELOCITY_MODULE_KEY@FXParticleSystem@@3QBDB$E?OUTWARD_EMISSION_VELOCITY_MODULE_NAME@2@3QBDBVOutwardEmissionVelocityModule@2@VOutwardEmissionVelocityModuleTemplate@2@V?$DefaultParticleModule@$03@2@V?$DefaultParticleModuleTemplate@$03@2@@FXParticleSystem@@@FXParticleSystem@@UAE@XZ,0x005DBCF0,,,undecided
??1?$ConcreteModuleTemplate@UPointEmissionVolumeModuleTag@FXParticleSystem@@@FXParticleSystem@@UAE@XZ,0x005DBEA0,,,undecided
??1?$ConcreteModuleTemplate@V?$ModuleTag@$04$E?LINE_EMISSION_VOLUME_MODULE_KEY@FXParticleSystem@@3QBDB$E?LINE_EMISSION_VOLUME_MODULE_NAME@2@3QBDBVLineEmissionVolumeModule@2@VLineEmissionVolumeModuleTemplate@2@V?$DefaultParticleModule@$04@2@V?$DefaultParticleModuleTemplate@$04@2@@FXParticleSystem@@@FXParticleSystem@@UAE@XZ,0x005DC030,,,undecided
??1?$ConcreteModuleTemplate@V?$ModuleTag@$04$E?BOX_EMISSION_VOLUME_MODULE_KEY@FXParticleSystem@@3QBDB$E?BOX_EMISSION_VOLUME_MODULE_NAME@2@3QBDBVBoxEmissionVolumeModule@2@VBoxEmissionVolumeModuleTemplate@2@V?$DefaultParticleModule@$04@2@V?$DefaultParticleModuleTemplate@$04@2@@FXParticleSystem@@@FXParticleSystem@@UAE@XZ,0x005DC1E0,,,undecided
??1?$ConcreteModuleTemplate@V?$ModuleTag@$04$E?SPHERE_EMISSION_VOLUME_MODULE_KEY@FXParticleSystem@@3QBDB$E?SPHERE_EMISSION_VOLUME_MODULE_NAME@2@3QBDBVSphereEmissionVolumeModule@2@VSphereEmissionVolumeModuleTemplate@2@V?$DefaultParticleModule@$04@2@V?$DefaultParticleModuleTemplate@$04@2@@FXParticleSystem@@@FXParticleSystem@@UAE@XZ,0x005DC370,,,undecided
??1?$ConcreteModuleTemplate@V?$ModuleTag@$04$E?CYLINDER_EMISSION_VOLUME_MODULE_KEY@FXParticleSystem@@3QBDB$E?CYLINDER_EMISSION_VOLUME_MODULE_NAME@2@3QBDBVCylinderEmissionVolumeModule@2@VCylinderEmissionVolumeModuleTemplate@2@V?$DefaultParticleModule@$04@2@V?$DefaultParticleModuleTemplate@$04@2@@FXParticleSystem@@@FXParticleSystem@@UAE@XZ,0x005DC510,,,undecided
??1?$ConcreteModuleTemplate@V?$ModuleTag@$04$E?LIGHTNING_EMISSION_MODULE_KEY@FXParticleSystem@@3QBDB$E?LIGHTNING_EMISSION_MODULE_NAME@2@3QBDBVLightningEmissionModule@2@VLightningEmissionModuleTemplate@2@V?$DefaultParticleModule@$04@2@V?$DefaultParticleModuleTemplate@$04@2@@FXParticleSystem@@@FXParticleSystem@@UAE@XZ,0x005DC6A0,,,undecided
?createTemplate@?$ConcreteModuleClass@V?$ModuleTag@$05$E?STREAK_DRAW_MODULE_KEY@FXParticleSystem@@3QBDB$E?STREAK_DRAW_MODULE_NAME@2@3QBDBVStreakDrawModule@2@VStreakDrawModuleTemplate@2@V?$DefaultParticleModule@$05@2@V?$DefaultParticleModuleTemplate@$05@2@@FXParticleSystem@@@FXParticleSystem@@UBEPAVStreakDrawModuleTemplate@2@PAVINI@@@Z,0x005DF000,,,undecided
?createTemplate@?$ConcreteModuleClass@V?$ModuleTag@$05$E?STREAK_DRAW_MODULE_KEY@FXParticleSystem@@3QBDB$E?STREAK_DRAW_MODULE_NAME@2@3QBDBVStreakDrawModule@2@VStreakDrawModuleTemplate@2@V?$DefaultParticleModule@$05@2@V?$DefaultParticleModuleTemplate@$05@2@@FXParticleSystem@@@FXParticleSystem@@QBEPAVStreakDrawModuleTemplate@2@PAVINI@@@Z,0x005DF000,,,undecided
?createModule@?$ConcreteModuleTemplate@V?$DefaultModuleTag@$05@FXParticleSystem@@@FXParticleSystem@@QAEPAV?$DefaultModule@$05@2@AAV?$TrackingPtr@VParticleSystem@FXParticleSystem@@@@@Z,0x005E8780,,,undecided
?createModule@?$ConcreteModuleTemplate@V?$DefaultModuleTag@$05@FXParticleSystem@@@FXParticleSystem@@UAEPAV?$DefaultModule@$05@2@AAV?$TrackingPtr@VParticleSystem@FXParticleSystem@@@@@Z,0x005E8780,,,undecided
?createModule@?$ConcreteModuleTemplate@V?$ModuleTag@$05$E?STREAK_DRAW_MODULE_KEY@FXParticleSystem@@3QBDB$E?STREAK_DRAW_MODULE_NAME@2@3QBDBVStreakDrawModule@2@VStreakDrawModuleTemplate@2@V?$DefaultParticleModule@$05@2@V?$DefaultParticleModuleTemplate@$05@2@@FXParticleSystem@@@FXParticleSystem@@UAEPAVStreakDrawModule@2@AAV?$TrackingPtr@VParticleSystem@FXParticleSystem@@@@@Z,0x005E8810,,,undecided
?createModule@?$ConcreteModuleTemplate@V?$ModuleTag@$05$E?STREAK_DRAW_MODULE_KEY@FXParticleSystem@@3QBDB$E?STREAK_DRAW_MODULE_NAME@2@3QBDBVStreakDrawModule@2@VStreakDrawModuleTemplate@2@V?$DefaultParticleModule@$05@2@V?$DefaultParticleModuleTemplate@$05@2@@FXParticleSystem@@@FXParticleSystem@@QAEPAVStreakDrawModule@2@AAV?$TrackingPtr@VParticleSystem@FXParticleSystem@@@@@Z,0x005E8810,,,undecided
?createModule@?$ConcreteModuleTemplate@V?$DefaultModuleTag@$02@FXParticleSystem@@@FXParticleSystem@@UAEPAV?$DefaultModule@$02@2@AAV?$TrackingPtr@VParticleSystem@FXParticleSystem@@@@@Z,0x005E8B80,,,undecided
?createModule@?$ConcreteModuleTemplate@V?$DefaultModuleTag@$02@FXParticleSystem@@@FXParticleSystem@@QAEPAV?$DefaultModule@$02@2@AAV?$TrackingPtr@VParticleSystem@FXParticleSystem@@@@@Z,0x005E8B80,,,undecided
?createModule@?$ConcreteModuleTemplate@V?$ModuleTag@$04$E?LIGHTNING_EMISSION_MODULE_KEY@FXParticleSystem@@3QBDB$E?LIGHTNING_EMISSION_MODULE_NAME@2@3QBDBVLightningEmissionModule@2@VLightningEmissionModuleTemplate@2@V?$DefaultParticleModule@$04@2@V?$DefaultParticleModuleTemplate@$04@2@@FXParticleSystem@@@FXParticleSystem@@QAEPAVLightningEmissionModule@2@AAV?$TrackingPtr@VParticleSystem@FXParticleSystem@@@@@Z,0x005E9180,,,undecided
?createModule@?$ConcreteModuleTemplate@V?$ModuleTag@$04$E?LIGHTNING_EMISSION_MODULE_KEY@FXParticleSystem@@3QBDB$E?LIGHTNING_EMISSION_MODULE_NAME@2@3QBDBVLightningEmissionModule@2@VLightningEmissionModuleTemplate@2@V?$DefaultParticleModule@$04@2@V?$DefaultParticleModuleTemplate@$04@2@@FXParticleSystem@@@FXParticleSystem@@UAEPAVLightningEmissionModule@2@AAV?$TrackingPtr@VParticleSystem@FXParticleSystem@@@@@Z,0x005E9180,,,undecided
?createModule@?$ConcreteModuleTemplate@V?$ModuleTag@$01$E?RENDEROBJECT_UPDATE_MODULE_KEY@FXParticleSystem@@3QBDB$E?RENDEROBJECT_UPDATE_MODULE_NAME@2@3QBDBVRenderObjectUpdateModule@2@VRenderObjectUpdateModuleTemplate@2@VRenderObjectParticleUpdateModule@2@VRenderObjectParticleUpdateModuleTemplate@2@@FXParticleSystem@@@FXParticleSystem@@QAEPAVRenderObjectUpdateModule@2@AAV?$TrackingPtr@VParticleSystem@FXParticleSystem@@@@@Z,0x005EC040,,,undecided
?createModule@?$ConcreteModuleTemplate@V?$ModuleTag@$01$E?RENDEROBJECT_UPDATE_MODULE_KEY@FXParticleSystem@@3QBDB$E?RENDEROBJECT_UPDATE_MODULE_NAME@2@3QBDBVRenderObjectUpdateModule@2@VRenderObjectUpdateModuleTemplate@2@VRenderObjectParticleUpdateModule@2@VRenderObjectParticleUpdateModuleTemplate@2@@FXParticleSystem@@@FXParticleSystem@@UAEPAVRenderObjectUpdateModule@2@AAV?$TrackingPtr@VParticleSystem@FXParticleSystem@@@@@Z,0x005EC040,,,undecided
??0LightningEmissionInfo@FXParticleSystem@@QAE@XZ,0x005FAFE0,0,0,consistent
??0DefaultPhysicsModuleInfo@FXParticleSystem@@QAE@XZ,0x005FD9E0,0,0,consistent
?dup_005ff310@@YAXXZ,0x005FF310,,,undecided
??0AnimationSoundClientBehavior@@QAE@PAVThing@@PBVModuleData@@@Z,0x00605380,2,2,consistent
?setMap@GameInfo@@QAEXVAsciiString@@@Z,0x00620510,,,undecided
?isSandbox@GameInfo@@QAE_NXZ,0x00621600,0,3,reads-more
??0GameSpyConfig@@QAE@VAsciiString@@@Z,0x00628BA0,,,undecided
??0LadderList@@QAE@XZ,0x0062C020,0,0,consistent
?populateBuddyGames@@YAXXZ,0x0062CCE0,0,0,consistent
?gameTooltip@@YAXPAVGameWindow@@PAVWinInstanceData@@I@Z,0x0062CFF0,3,,undecided
?joinBestGroupRoom@GameSpyInfo@@UAEXXZ,0x00634EF2,0,,undecided
?startThread@GameSpyBuddyMessageQueue@@UAEXXZ,0x0063C650,0,0,consistent
?dup_0063D210@@YAXXZ,0x0063D210,,,undecided
?Thread_Function@GameResultsThreadClass@@UAEXXZ,0x00641E70,0,0,consistent
??A?$map@VAsciiString@@UCoord3D@@U?$less@VAsciiString@@@_STL@@V?$allocator@U?$pair@$$CBVAsciiString@@UCoord3D@@@_STL@@@4@@_STL@@QAEAAUCoord3D@@ABVAsciiString@@@Z,0x0064E690,,,undecided
_BFMENetworkBackendEventCallback@40,0x006549C0,,,undecided
?parsePlayerKVPairs@GameSpyPSMessageQueueInterface@@,0x00659670,,,undecided
_BFMENetworkRegisteredCallback,0x0065C260,,,undecided
?dispatchEvents@BFMENetworkBackend@@QAEXXZ,0x0065CA50,0,0,consistent
?isPlayerConnectedDefaultTimeout@BFMEConnectionManager@@QAE_NH@Z,0x00662A50,1,1,consistent
?isPlayerConnectedForTimeout@BFMEConnectionManager@@QAE_NHI@Z,0x00662B00,2,2,consistent
?queueLocalCommand@BFMEConnectionManager@@QAEXPAX@Z,0x00662E80,1,2,reads-more
?sendDisconnectScreenOffCommand@BFMEConnectionManager@@QAEXH@Z,0x00663A60,1,1,consistent
?sendFrameInfoToPlayer@BFMEConnectionManager@@QAEXH@Z,0x00665ED0,1,0,consistent
?buildPlayerStatusText@BFMEConnectionManager@@QAEXPAX@Z,0x00666300,1,1,consistent
?attachPlayersFromGameInfo@BFMEConnectionManager@@QAEXPAX@Z,0x00666610,1,1,consistent
?sendFileChunk@BFMEConnectionManager@@QAEXPBDHH@Z,0x00666A10,3,3,consistent
?resolvePlayerFromName@BFMEConnectionManager@@QAEXPAX@Z,0x00667060,1,1,consistent
?beginPlayerLeave@BFMEConnectionManager@@QAEXPAX@Z,0x00667320,1,1,consistent
?destroy@BFMEConnectionManager@@QAEXXZ,0x00668D90,0,0,consistent
?init@BFMEConnectionManager@@QAEXXZ,0x00669050,0,0,consistent
?construct@BFMEConnectionManager@@QAEPAXXZ,0x00669630,0,0,consistent
?update@BFMEConnectionManager@@QAEXXZ,0x0066AB30,0,2,reads-more
?update@BFMEDisconnectManager@@QAEXPAX@Z,0x0066C8D0,1,1,consistent
?detectFirewall@FirewallHelperClass@@QAE_NXZ,0x0066FCC0,0,0,consistent
?update@LANAPI@@,0x006870F0,,,undecided
??A?$map@VUnicodeString@@V1@U?$less@VUnicodeString@@@_STL@@V?$allocator@U?$pair@$$CBVUnicodeString@@V1@@_STL@@@3@@_STL@@QAEAAVUnicodeString@@ABV2@@Z,0x00690370,,,undecided
?isMusicAlreadyLoaded@AudioManager@@UBE_NXZ,0x006AC1A0,0,0,consistent
?init@AudioManager@@,0x006B8220,,,undecided
?drawEvents@W3DRadar@@IAEXHHHH@Z,0x006C3170,4,4,consistent
?updateShorelineTiles@BaseHeightMapRenderObjClass@@QAEXHHHHPAVWorldHeightMap@@@Z,0x006C76B0,5,5,consistent
??0BaseHeightMapRenderObjClass@@QAE@XZ,0x006CFAE0,0,0,consistent
?load@W3DBridge@@QAE_NW4BodyDamageType@@@Z,0x006D8C10,1,1,consistent
?gatherDebugStats@W3DDisplay@@,0x006F0300,,,undecided
?winCreate@GameWindowManager@@UAEPAVGameWindow@@PAV2@IHHHHP6A?AW4WindowMsgHandledType@@0III@ZPAVWinInstanceData@@@Z,0x006F5A90,,,undecided
?Set_Name@GameFileClass@@QAEXPBD@Z,0x006F63B0,1,1,consistent
?loadD3DCursorTextures@W3DMouse@@,0x00701330,,,undecided
??0W3DPropBuffer@@QAE@XZ,0x00702FF0,0,0,consistent
?updateSegLighting@RoadSegment@@QAEXXZ,0x007040D0,0,0,consistent
?Customized_Render@RTS3DScene@@UAEXAAVRenderInfoClass@@@Z,0x007143B0,1,1,consistent
?Flush@RTS3DScene@@QAEXAAVRenderInfoClass@@@Z,0x007158F0,1,1,consistent
?doTesselatedUpdate@W3DTerrainBackground@@QAEXABUIRegion2D@@PAVWorldHeightMap@@_N@Z,0x0072C7F0,3,3,consistent
?flush@TerrainTracksRenderObjClassSystem@@QAEXXZ,0x0072FEB0,0,0,consistent
??0W3DWaypointBuffer@@,0x007468B0,,,undecided
?ParseLightingDataChunk@WorldHeightMap@@KA_NAAVDataChunkInput@@PAUDataChunkInfo@@PAX@Z,0x00747FF0,3,2,consistent
?deleteTriggers@PolygonTrigger@@QAEXXZ,0x00748860,0,0,consistent
??0WorldHeightMap@@QAE@PAVChunkInputStream@@_N@Z,0x0074EB10,2,2,consistent
?getCurrentBonePositions@W3DModelDraw@@UBEHPBDHPAUCoord3D@@PAVMatrix3D@@H@Z,0x0075FC70,5,,undecided
?updateBonesForClientParticleSystems@W3DModelDraw@@UAE_NXZ,0x00762F40,0,,undecided
?flashAsSelected@Drawable@@QAEXPBURGBColor@@@Z,0x0076E4F0,1,3,reads-more
?tryToRecruit@Team@@QAEPAVObject@@PBVThingTemplate@@PBUCoord3D@@M@Z,0x0076E90A,3,,undecided
??0ModelConditionInfo@@QAE@XZ,0x00776330,0,0,consistent
?validateCachedBones@ModelConditionInfo@@ABEXPAVRenderObjectClass@@@Z,0x00778590,1,2,reads-more
??1W3DModelDraw@@MAE@XZ,0x0077B090,0,0,consistent
?_M_insert_overflow@?$vector@UModelConditionInfo@@V?$allocator@UModelConditionInfo@@@_STL@@@_STL@@IAEXPAUModelConditionInfo@@ABU3@ABU__false_type@2@I_N@Z,0x0077C000,,,undecided
?parseConditionState@W3DModelDrawModuleData@@CAXPAVINI@@PAX1PBX@Z,0x0077C860,,,undecided
?parseConditionState@W3DModelDrawModuleData@@,0x0077C860,,,undecided
?W3DPowerDrawA@@YAXPAVGameWindow@@PAVWinInstanceData@@@Z,0x0079AEC0,2,,undecided
?W3DCommandBarGenExpDraw@@YAXPAVGameWindow@@PAVWinInstanceData@@@Z,0x0079B7D0,2,,undecided
?drawSkinnyBorder@@YAXHHHH@Z,0x0079BCA0,4,4,consistent
?W3DCommandBarHelpPopupDraw@@YAXPAVGameWindow@@PAVWinInstanceData@@@Z,0x0079C7E0,2,,undecided
?generateVertexBuffer@WaterRenderObjClass@@IAEJHHH_N@Z,0x0079EAB0,4,4,consistent
?ReAcquireResources@WaterRenderObjClass@@QAEXXZ,0x007A0500,0,0,consistent
?init@WaterRenderObjClass@@QAEHMMMPAVSceneClass@@W4WaterType@@@Z,0x007A5200,5,,undecided
?TestWaterUpdate@@YAXXZ,0x007ACBD0,0,,undecided
?renderShadows@W3DProjectedShadowManager@@QAEHAAVRenderInfoClass@@@Z,0x007B6D30,1,0,consistent
?RenderDynamicMeshVolume@W3DVolumetricShadow@@IAEXHHPBVMatrix3D@@@Z,0x007BC270,3,2,consistent
?Update@W3DVolumetricShadow@@IAEXXZ,0x007BF7D0,0,1,reads-more
?Set@Matrix4D@@QAEAAV1@ABVCoord3D@@M@Z,0x007e61c0,2,2,consistent
??0Matrix4D@@QAE@ABVCoord3D@@M@Z,0x007e7a30,2,2,consistent
_CommUdpProcess,0x00817B30,,,undecided
?init@VideoPlayer@@UAEXXZ,0x0081CB30,0,0,consistent
??1?$vector@UVideo@@V?$allocator@UVideo@@@_STL@@@_STL@@QAE@XZ,0x0081D040,,,undecided
?getNextQuotedAsciiString@INI@@QAE?AVAsciiString@@XZ,0x00851540,,,undecided
?prepFile@INI@@IAEXVAsciiString@@W4INILoadType@@@Z,0x00853610,,,undecided
?dup_00853ec0@@YAXXZ,0x00853EC0,,,undecided
?generateGameSpyGameResultsPacket@GameSpyStagingRoom@@,0x0085E420,,,undecided
?Get_DX8_Render_State_Name@DX8Wrapper@@SAPBDK@Z,0x00873DA0,1,,undecided
?_Init@MemoryPool@@YAXXZ,0x008827D0,0,0,consistent
?_Allocate@MemoryPool@@YAPAXIW4AllocType@1@@Z,0x00882960,2,2,consistent
?_Free@MemoryPool@@YAXPAXW4AllocType@1@@Z,0x00882BA0,2,2,consistent
?_VerifyIntegrity@MemoryPool@@YAXXZ,0x00882D50,0,0,consistent
?releaseBuffer@BFMERetailAsciiString@@AAEXXZ,0x00887940,0,1,reads-more
??1LayoutFilename@@QAE@XZ,0x00887940,0,1,reads-more
??1AIUpdateModuleData@@UAE@XZ,0x00887940,0,1,reads-more
?releaseBuffer@AsciiString@@IAEXXZ,0x00887940,0,1,reads-more
??1?$_Rb_tree@IU?$pair@$$CBI_N@_STL@@U?$_Select1st@U?$pair@$$CBI_N@_STL@@@2@U?$less@I@2@V?$allocator@U?$pair@$$CBI_N@_STL@@@2@@_STL@@QAE@XZ,0x00887940,,,undecided
?freeBytes@AsciiString@@AAEXXZ,0x00887940,0,1,reads-more
??1BFMEPlayerTemplateAsciiString@@QAE@XZ,0x00887940,0,1,reads-more
??0BuddyInfo@@QAE@ABV0@@Z,0x00887B60,1,,undecided
??0?$list@PAVFXNugget@@V?$allocator@PAVFXNugget@@@_STL@@@_STL@@QAE@ABV01@@Z,0x00887B60,,,undecided
??0GameSpyGroupRoom@@QAE@ABV0@@Z,0x00887B60,1,,undecided
??4AudioEventRTS@@QAEAAV0@ABV0@@Z,0x00887C90,1,2,reads-more
??0ModelConditionInfo@@QAE@ABU0@@Z,0x00887C90,1,2,reads-more
?set@UnicodeString@@QAEXABV1@@Z,0x00887C90,1,2,reads-more
??1?$_List_base@UICoord2D@@V?$allocator@UICoord2D@@@_STL@@@_STL@@QAE@XZ,0x008881D0,,,undecided
??0BFMEPlayerTemplateAsciiString@@QAE@PBD@Z,0x00888BC0,1,,undecided
??0BFMERetailAsciiString@@QAE@PBD@Z,0x00888BC0,1,,undecided
??0AsciiString@@QAE@ABVUnicodeString@@@Z,0x00889090,1,2,reads-more
??YAsciiString@@QAEAAV0@ABVUnicodeString@@@Z,0x00889140,1,2,reads-more
?AddOutput@Debug@@AAEXPBDI@Z,0x0088A8F0,2,2,consistent
?ExecCommand@Debug@@AAEXPBD0@Z,0x0088ABA0,,,undecided
?PostStaticInit@Debug@@CAXXZ,0x0088AF60,0,0,consistent
?AssertBegin@Debug@@SAAAV1@PBDH0@Z,0x0088B530,,,undecided
?CrashDone@Debug@@QAE_N_N@Z,0x0088BB60,1,1,consistent
?ExceptionFilter@DebugExceptionhandler@@SGJPAU_EXCEPTION_POINTERS@@@Z,0x0088E5F0,1,1,consistent
?ExpandMagic@DebugIOFlat@@CAXPBD0PAD@Z,0x008900A0,,,undecided
?_M_initialize_map@?$_Deque_base@PAVPartitionCell@@V?$allocator@PAVPartitionCell@@@_STL@@@_STL@@IAEXI@Z,0x008FA150,,,undecided
?Set_Device_Resolution@WW3D@@SA?AW4WW3DErrorType@@HHHH_N@Z,0x008FD1C0,,,undecided
?Create_Render_Obj@@YAPAVRenderObjClass@@PBD@Z,0x008FF290,1,1,consistent
?Create_Render_Obj@W3DAssetManager@@QAEPAVRenderObjClass@@XZ,0x009004A0,0,6,reads-more
??4?$VectorClass@VStringClass@@@@QAEAAV0@ABV0@@Z,0x00905C80,,,undecided
?Reset_Device@DX8Wrapper@@SA_N_N@Z,0x009082B0,1,0,consistent
?Get_DX8_Render_State_Value_Name@DX8Wrapper@@,0x009095A0,,,undecided
?Shutdown@DX8Wrapper@@SAXXZ,0x0090B640,0,0,consistent
?Get_HAnim@@YAPAVHAnimClass@@PBD@Z,0x0090BF00,1,1,consistent
?Load_Animation@W3DAnimationLoader@@QAEXXZ,0x0090C080,0,0,consistent
?Render@PointGroupClass@@QAEXAAVRenderInfoClass@@H@Z,0x00917B70,2,2,consistent
?Compute_Caps@DX8Caps@@QAEXW4WW3DFormat@@ABU_D3DADAPTER_IDENTIFIER9@@PAUIDirect3D9@@@Z,0x0091C230,3,2,consistent
?_Init_Filters@TextureFilterClass@@SAXW4TextureFilterMode@1@@Z,0x00920D10,1,1,consistent
?Recolor_Mesh@W3DAssetManager@@QAEHH@Z,0x0092DF50,1,1,consistent
??4?$VectorClass@VProxyClass@@@@QAEAAV0@ABV0@@Z,0x0092F810,,,undecided
?Resize@?$VectorClass@UFileInfoStruct@MixFileCreator@@@@UAE_NHPBUFileInfoStruct@MixFileCreator@@@Z,0x009302C0,,,undecided
?Render@Render2DClass@@QAEXXZ,0x00933E50,0,0,consistent
?Load_Asset_Catalog@@YA_NPAX@Z,0x00938150,1,1,consistent
?Load_Asset_Dat@@YA_NXZ,0x00938620,0,2,reads-more
?Insert_Triangles@SortingRendererClass@@SAXABVSphereClass@@GGGG@Z,0x0093B340,5,5,consistent
?Create_GDI_Font@FontCharsClass@@AAEXPBD@Z,0x0093C570,1,1,consistent
?Build_Textures@Render2DSentenceClass@@AAEXXZ,0x0093DD60,0,0,consistent
?releaseBuffer@UnicodeString@@IAEXXZ,0x009409F0,0,0,consistent
?Build_Sentence_Not_Centered@Render2DSentenceClass@@AAE?AVVector2@@PBGPAH1_N@Z,0x00942430,,,undecided
?Set@Matrix3D@@QAEXABVMatrix3x3@@ABVVector3@@@Z,0x00964150,2,2,consistent
?Save_W3D@AggregateDefClass@@UAE?AW4WW3DErrorType@@AAVChunkSaveClass@@@Z,0x00980590,,,undecided
?Render@LineGroupClass@@QAEXAAVRenderInfoClass@@@Z,0x0098ED30,1,1,consistent
?bfmeBlurRows@@YAXPAX0IHH@Z,0x009B6C80,,,undecided
?bfmeBlurRowsMmx@@YAXPAX0IHH@Z,0x009BD660,,,undecided
?_M_initialize_map@?$_Deque_base@PAVSightingInfo@@V?$allocator@PAVSightingInfo@@@_STL@@@_STL@@IAEXI@Z,0x009ED640,,,undecided
?Add_Prototype_Impl@AssetRegistry@@QAEXPAX@Z,0x009EF1A0,1,1,consistent
??$_M_allocate_and_copy@PBUICoord2D@@@?$vector@UICoord2D@@V?$allocator@UICoord2D@@@_STL@@@_STL@@IAEPAUICoord2D@@IPBU2@0@Z,0x009F5370,,,undecided
__alloca_probe,0x009F6C60,,,undecided
__chkstk,0x009F6C60,,,undecided
??_M@YGXPAXIHP6EX0@Z@Z,0x009F6D76,,,undecided
__ftol2,0x009F6E38,,,undecided
??_L@YGXPAXIHP6EX0@Z1@Z,0x009F6EE4,,,undecided
__CIacos,0x009F7256,,,undecided
_D3DXVec4Transform@12,0x009FAA48,,,undecided
?writeINI@ParticleSystemTemplate@FXParticleSystem@@QBEXAAVFile@@I@Z,0x5ccab0,2,2,consistent
?releaseBuffer@?$StringBase@D@@AAEXXZ,0x887940,,,undecided
?ensureUniqueBufferOfSize@?$StringBase@D@@AAEXH_NPBDH1H@Z,0x8879d0,,,undecided
??0?$StringBase@D@@AAE@ABV0@@Z,0x887b60,,,undecided
?getBufferForRead@?$StringBase@D@@QAEPADH@Z,0x887be0,,,undecided
?set@?$StringBase@D@@QAEXABV1@@Z,0x887c90,,,undecided
?toLower@?$StringBase@D@@QAEXXZ,0x887da0,,,undecided
?toUpper@?$StringBase@D@@QAEXXZ,0x887e90,,,undecided
?removeLastChar@?$StringBase@D@@QAEXXZ,0x887f80,,,undecided
?format_va@?$StringBase@D@@QAEXPBDPAD@Z,0x888060,,,undecided
?nextToken@?$StringBase@D@@QAE_NPAV1@PBD@Z,0x8880e0,,,undecided
?releaseBuffer@?$StringBase@G@@AAEXXZ,0x8881d0,,,undecided
?ensureUniqueBufferOfSize@?$StringBase@G@@AAEXH_NPBGH1H@Z,0x888260,,,undecided
??0?$StringBase@G@@AAE@ABV0@@Z,0x888400,,,undecided
?getBufferForRead@?$StringBase@G@@QAEPAGH@Z,0x888480,,,undecided
?set@?$StringBase@G@@QAEXABV1@@Z,0x888530,,,undecided
?toLower@?$StringBase@G@@QAEXXZ,0x888640,,,undecided
?toUpper@?$StringBase@G@@QAEXXZ,0x888740,,,undecided
?removeLastChar@?$StringBase@G@@QAEXXZ,0x888840,,,undecided
?format_va@?$StringBase@G@@QAEXPBGPAD@Z,0x888930,,,undecided
?nextToken@?$StringBase@G@@QAE_NPAV1@PBG@Z,0x8889b0,,,undecided
??0?$StringBase@D@@AAE@PBDH@Z,0x888b80,,,undecided
??0?$StringBase@D@@AAE@PBD@Z,0x888bc0,,,undecided
?set@?$StringBase@D@@QAEXABV1@HH@Z,0x888c10,,,undecided
?trim@?$StringBase@D@@QAEXXZ,0x888ca0,,,undecided
??0?$StringBase@G@@AAE@PBGH@Z,0x888da0,,,undecided
??0?$StringBase@G@@AAE@PBG@Z,0x888de0,,,undecided
?set@?$StringBase@G@@QAEXABV1@HH@Z,0x888e40,,,undecided
??0?$StringBase@D@@AAE@ABV0@HH@Z,0x888f90,,,undecided
??0?$StringBase@G@@AAE@ABV0@HH@Z,0x888fc0,,,undecided
