file_offset	va	entries	verdict	identifier_share	nul_terminated	dwords_if_bitflags	first_name	last_name	names
0x00ea6918	0x012a6918	304	NAME_TABLE	1.0	yes	10	TOPPLED	EMOTION_UNCONTROLLABLY_AFRAID	TOPPLED FRONTCRUSHED BACKCRUSHED DAMAGED REALLYDAMAGED RUBBLE SPECIAL_DAMAGED NIGHT SNOW PARACHUTING GARRISONED ENEMYNEAR WEAPONSET_VETERAN WEAPONSET_ELITE WEAPONSET_HERO WEAPONSET_PASSENGER_TYPE_ONE WEAPONSET_PASSENGER_TYPE_TWO WEAPONSET_PLAYER_UPGRADE WEAPONSTATE_ONE WEAPONSTATE_TWO WEAPONSTATE_THREE DOOR_1_OPENING DOOR_1_CLOSING DOOR_1_WAITING_OPEN DOOR_1_WAITING_TO_CLOSE DOOR_2_OPENING DOOR_2_CLOSING DOOR_2_WAITING_OPEN DOOR_2_WAITING_TO_CLOSE DOOR_3_OPENING DOOR_3_CLOSING DOOR_3_WAITING_OPEN DOOR_3_WAITING_TO_CLOSE DOOR_4_OPENING DOOR_4_CLOSING DOOR_4_WAITING_OPEN DOOR_4_WAITING_TO_CLOSE ATTACKING ATTACKING_STRUCTURE PREATTACK_A FIRING_A FIRING_OR_PREATTACK_A FIRING_OR_RELOADING_A BETWEEN_FIRING_SHOTS_A RELOADING_A PREATTACK_B FIRING_B FIRING_OR_PREATTACK_B FIRING_OR_RELOADING_B BETWEEN_FIRING_SHOTS_B RELOADING_B PREATTACK_C FIRING_C FIRING_OR_PREATTACK_C FIRING_OR_RELOADING_C BETWEEN_FIRING_SHOTS_C RELOADING_C TURRET_ROTATE POST_RUBBLE POST_COLLAPSE MOVING DYING EMOTION_ALERT EMOTION_AFRAID EMOTION_TERROR EMOTION_PANIC AWAITING_CONSTRUCTION PARTIALLY_CONSTRUCTED ACTIVELY_BEING_CONSTRUCTED UNIT_ACTIVELY_BEING_CONSTRUCTED PRONE FREEFALL ACTIVELY_CONSTRUCTING CONSTRUCTION_COMPLETE RADAR_EXTENDING RADAR_UPGRADED PANICKING AFLAME SMOLDERING BURNED DOCKING DOCKING_BEGINNING DOCKING_ACTIVE DOCKING_ENDING CARRYING FLOODED LOADED PASSENGER TRANSPORT_MOVING TRANSPORT_STOPPED CLUB JETAFTERBURNER JETEXHAUST PACKING PREPARING UNPACKING PACKING_TYPE_1 PACKING_TYPE_2 PACKING_TYPE_3 DEPLOYED OVER_WATER POWER_PLANT_UPGRADED CLIMBING SOLD RAPPELLING ARMED POWER_PLANT_UPGRADING SPECIAL_CHEERING CONTINUOUS_FIRE_SLOW CONTINUOUS_FIRE_MEAN CONTINUOUS_FIRE_FAST RAISING_FLAG CAPTURED EXPLODED_FLAILING EXPLODED_BOUNCING SPLATTED USING_WEAPON_A USING_WEAPON_B USING_WEAPON_C PREORDER STUNNED_FLAILING STUNNED WANDER WALKING CHARGING TURN_LEFT TURN_RIGHT ACCELERATE DECELERATE TURN_LEFT_HIGH_SPEED TURN_RIGHT_HIGH_SPEED DESTROYED_FRONT DESTROYED_RIGHT DESTROYED_BACK DESTROYED_LEFT WEAPONSET_GARRISONED WEAPONLOCK_PRIMARY WEAPONLOCK_SECONDARY WEAPONLOCK_TERTIARY DEATH_1 DEATH_2 DEATH_3 DEATH_4 DECAY THROWN_PROJECTILE ABOUT_TO_HIT BACKING_UP ENGAGED DEFLECT_SPECIAL_POWER WEAPONSET_CLOSE_RANGE WEAPONSTATE_CLOSE_RANGE WEAPONSET_RAMPAGE RAMPAGE_ANIMATION_ONLY STUNNED_STANDING_UP REACT_1 REACT_2 REACT_3 REACT_4 REACT_5 REACT_6 SELECTED GUARDING HIT_REACTION HIT_LEVEL_1 HIT_LEVEL_2 HIT_LEVEL_3 GRAB_BUILDING_CHUNK DEATH_5 AIM_HIGH AIM_STRAIGHT AIM_LOW AIM_NEAR AIM_FAR DIVING USER_1 USER_2 USER_3 USER_4 USER_5 SWOOPING BURNT_MODEL BURNT_TEXTURE WEAPONSET_CONTESTING_BUILDING DEBUG PASSENGER_VARIATION_1 PASSENGER_VARIATION_2 PASSENGER_VARIATION_3 PASSENGER_VARIATION_4 PASSENGER_VARIATION_5 EMOTION_GUNG_HO EMOTION_LOOK_TO_SKY EMOTION_CELEBRATING EMOTION_AMUSED EMOTION_MORALE_HIGH EMOTION_MORALE_LOW EMOTION_COWER USING_SPECIAL_ABILITY WORLD_BUILDER SIEGE_CONTAIN LEVELED SPECIAL_POWER_1 SPECIAL_POWER_2 SPECIAL_POWER_3 MOUNTED OATH_FULLFILLED RESURRECTED DESTROYED_WEAPON JUST_BUILT BASE_BUILD HERO RIDER1 RIDER2 RIDER3 RIDER4 RIDER5 RIDER6 RIDER7 RIDER8 WEAPONSET_RIDER1 WEAPONSET_RIDER2 WEAPONSET_RIDER3 WEAPONSET_RIDER4 WEAPONSET_RIDER5 WEAPONSET_RIDER6 WEAPONSET_RIDER7 WEAPONSET_RIDER8 WEAPONSET_SPECIAL_ONE WEAPONSET_SPECIAL_TWO WADING SWIMMING WEAPONSET_CONTAINED WEAPONSTATE_CONTAINED HORDE_EMPTY SPECIAL_WEAPON_ONE SPECIAL_WEAPON_TWO SPECIAL_WEAPON_THREE WEAPONSET_MOUNTED EATING CHANT_FOR_GROND WEAPONSET_ENRAGED WEAPONSET_SPECIAL_UPGRADE RUNNING_OFF_MAP ONE_RING PRIMARY_FORMATION ALTERNATE_FORMATION HARVEST_PREPARATION HARVEST_ACTION SPECIAL_ENEMY_NEAR HIDDEN PUTTING_ON_RING TAKING_OFF_RING UPGRADE_BOILING_OIL UPGRADE_GARRISON UPGRADE_POSTERN_GATE UPGRADE_TREBUCHET UPGRADE_NUMENOR_STONEWORK UPGRADE_BLANK2 UPGRADE_BLANK3 UPGRADE_BLANK4 DRILL0 DRILL1 DRILL2 DRILL3 DRILL4 RIDERLESS DRAFTED UPGRADED_ARMOR DISGUISED WEAPONSET_TOGGLE_1 WEAPONSET_TOGGLE_2 WEAPONSET_TOGGLE_3 WEAPONSET_HERO_MODE DOCKING_PRE_DOCK TURRET_ANGLE_0 TURRET_ANGLE_90 TURRET_ANGLE_180 TURRET_ANGLE_270 USING_COMBO_LOCOMOTOR WAR_CHANT EMOTION_QUARRELSOME QUARRELSOME_FIGHTING UNCONTROLLABLE INITIAL_ENRAGED ARMORSET_VETERAN ARMORSET_ELITE ARMORSET_HERO ARMORSET_WEAK_VERSUS_BASEDEFENSES ARMORSET_ALTERNATE_FORMATION ARMORSET_MOUNTED ARMORSET_PLAYER_UPGRADE ARMORSET_PLAYER_UPGRADE_2 ARMORSET_PLAYER_UPGRADE_3 ARMORSET_UNBESIEGEABLE EMOTION_TAUNTING EMOTION_DOOM EMOTION_POINTING WEAPON_TOGGLING INVULNERABLE MARCHING UPGRADE_ECONOMY_BONUS COMING_OUT_OF_FACTORY DESTROYED_WHILST_BEING_CONSTRUCTED COLLAPSING EMOTION_UNCONTROLLABLY_AFRAID
0x00ec80d0	0x012c80d0	184	UNCERTAIN	0.641	no	6	american	LC_TIME	american ENU american english ENU american-english ENU australian ENA belgian NLB canadian ENC chh ZHH chi ZHI chinese CHS chinese-hongkong ZHH chinese-simplified CHS chinese-singapore ZHI chinese-traditional CHT dutch-belgian NLB english-american ENU english-aus ENA english-belize ENL english-can ENC english-caribbean ENB english-ire ENI english-jamaica ENJ english-nz ENZ english-south africa ENS english-trinidad y tobago ENT english-uk ENG english-us ENU english-usa ENU french-belgian FRB french-canadian FRC french-luxembourg FRL french-swiss FRS german-austrian DEA german-lichtenstein DEC german-luxembourg DEL german-swiss DES irish-english ENI italian-swiss ITS norwegian NOR norwegian-bokmal NOR norwegian-nynorsk NON portuguese-brazilian PTB spanish-argentina ESS spanish-bolivia ESB spanish-chile ESL spanish-colombia ESO spanish-costa rica ESC spanish-dominican republic ESD spanish-ecuador ESF spanish-el salvador ESE spanish-guatemala ESG spanish-honduras ESH spanish-mexican ESM spanish-modern ESN spanish-nicaragua ESI spanish-panama ESA spanish-paraguay ESZ spanish-peru ESR spanish-puerto rico ESU spanish-uruguay ESY spanish-venezuela ESV swedish-finland SVF swiss DES uk ENG us ENU usa ENU america USA britain GBR china CHN czech CZE england GBR great britain GBR holland NLD hong-kong HKG new-zealand NZL nz NZL pr china CHN pr-china CHN puerto-rico PRI slovak SVK south africa ZAF south korea KOR south-africa ZAF south-korea KOR trinidad & tobago TTO uk GBR united-kingdom GBR united-states USA us USA true false LC_ALL LC_COLLATE LC_CTYPE LC_MONETARY LC_NUMERIC LC_TIME
0x00eaa068	0x012aa068	181	NAME_TABLE	1.0	yes	6	OBSTACLE	MOVE_FOR_NOONE	OBSTACLE SELECTABLE IMMOBILE CAN_ATTACK STICK_TO_TERRAIN_SLOPE CAN_CAST_REFLECTIONS SHRUBBERY STRUCTURE INFANTRY CAVALRY MONSTER MACHINE AIRCRAFT HUGE_VEHICLE DOZER SWARM_DOZER HARVESTER COMMANDCENTER CASTLE_CENTER SALVAGER WEAPON_SALVAGER TRANSPORT BRIDGE LANDMARK_BRIDGE BRIDGE_TOWER PROJECTILE PRELOAD NO_GARRISON CASTLE_KEEP WAVE_EFFECT NO_COLLIDE REPAIR_PAD HEAL_PAD STEALTH_GARRISON SUPPLY_GATHERING_CENTER AIRFIELD DRAWABLE_ONLY MP_COUNT_FOR_VICTORY REBUILD_HOLE SCORE SCORE_CREATE SCORE_DESTROY NO_HEAL_ICON CAN_RAPPEL PARACHUTABLE CAN_BE_REPULSED MOB_NEXUS IGNORED_IN_GUI CRATE CAPTURABLE CLEARED_BY_BUILD SMALL_MISSILE ALWAYS_VISIBLE UNATTACKABLE MINE CLEANUP_HAZARD PORTABLE_STRUCTURE ALWAYS_SELECTABLE ATTACK_NEEDS_LINE_OF_SIGHT WALK_ON_TOP_OF_WALL DEFENSIVE_WALL FS_POWER FS_FACTORY FS_BASE_DEFENSE FS_TECHNOLOGY AIRCRAFT_PATH_AROUND LOW_OVERLAPPABLE FORCEATTACKABLE AUTO_RALLYPOINT OATHBREAKER POWERED PRODUCED_AT_HELIPAD DRONE CAN_SEE_THROUGH_STRUCTURE BALLISTIC_MISSILE CLICK_THROUGH SUPPLY_SOURCE_ON_PREVIEW PARACHUTE GARRISONABLE_UNTIL_DESTROYED BOAT IMMUNE_TO_CAPTURE HULK SHOW_PORTRAIT_WHEN_CONTROLLED SPAWNS_ARE_THE_WEAPONS CANNOT_BUILD_NEAR_SUPPLIES SUPPLY_SOURCE REVEAL_TO_ALL DISGUISER INERT HERO IGNORES_SELECT_ALL DONT_AUTO_CRUSH_INFANTRY SIEGE_TOWER TREE SHRUB CLUB ROCK THROWN_OBJECT GRAB_AND_KILL OPTIMIZED_PROP ENVIRONMENT DEFLECT_BY_SPECIAL_POWER WORKING_PASSENGER BASE_FOUNDATION NEED_BASE_FOUNDATION REACT_WHEN_SELECTED GIMLI ORC HORDE COMBO_HORDE NONOCCLUDING NO_FREEWILL_ENTER CAN_USE_SIEGE_TOWER CAN_RIDE_SIEGE_LADDER TACTICAL_MARKER PATH_THROUGH_EACH_OTHER NOTIFY_OF_PREATTACK GARRISON MELEE_HORDE BASE_SITE INERT_SHROUD_REVEALER OCL_BIT SPELL_BOOK DEPRECATED PATH_THROUGH_INFANTRY NO_FORMATION_MOVEMENT NO_BASE_CAPTURE ARMY_SUMMARY HOBBIT NOT_AUTOACQUIRABLE URUK CHUNK_VENDOR ARCHER MOVE_ONLY FS_CASH_PRODUCER ROCK_VENDOR BLOCKING_GATE CAN_RIDE_BATTERING_RAM SIEGE_LADDER MINE_TRIGGER BUFF GRAB_AND_DROP PORTER SCARY CRITTER_EMITTER SALT_LICK CAN_ATTACK_WALLS IGNORE_FOR_VICTORY DO_NOT_CLASSIFY WALL_UPGRADE ARMY_OF_DEAD TAINT BASE_DEFENSE_FOUNDATION NOT_SELLABLE WEBBED ____OBSOLETE____ BUILD_FOR_FREE IGNORE_FOR_EVA_SPEECH_POSITION MADE_OF_WOOD MADE_OF_METAL MADE_OF_STONE MADE_OF_DIRT FACE_AWAY_FROM_CASTLE_KEEP BANNER I_WANT_TO_EAT_YOU INDUSTRY_AFFECTED GANDALF ARAGORN HAS_HEALTH_BAR BIG_MONSTER DEPLOYED_MINE CANNOT_RETALIATE CREEP TAINTEFFECT TROLL VITAL_FOR_BASE_SURVIVAL DO_NOT_PICK_ME_WHEN_BUILDING SUMMONED HIDE_IF_FOGGED ALWAYS_SHOW_HOUSE_COLOR MOVE_FOR_NOONE
0x00ea8d40	0x012a8d40	116	NAME_TABLE	1.0	yes	4	SPECIAL_INVALID	SPECIAL_HARVEST	SPECIAL_INVALID SPECIAL_DAISY_CUTTER SPECIAL_PARADROP_AMERICA SPECIAL_CARPET_BOMB SPECIAL_CLUSTER_MINES SPECIAL_UP_FOR_GRABS_2 SPECIAL_UP_FOR_GRABS_3 SPECIAL_UP_FOR_GRABS_4 SPECIAL_NEUTRON_MISSILE SPECIAL_UP_FOR_GRABS SPECIAL_DEFECTOR SPECIAL_TERROR_CELL SPECIAL_AMBUSH SPECIAL_BLACK_MARKET_NUKE SPECIAL_ANTHRAX_BOMB SPECIAL_SCUD_STORM SPECIAL_PRINCE_OF_DOL_ARMOTH SPECIAL_CRATE_DROP SPECIAL_A10_THUNDERBOLT_STRIKE SPECIAL_DETONATE_DIRTY_NUKE SPECIAL_ARTILLERY_BARRAGE SPECIAL_MISSILE_DEFENDER_LASER_GUIDED_MISSILES SPECIAL_REMOTE_CHARGES SPECIAL_TIMED_CHARGES SPECIAL_HACKER_DISABLE_BUILDING SPECIAL_TANKHUNTER_TNT_ATTACK SPECIAL_BLACKLOTUS_CAPTURE_BUILDING SPECIAL_MAN_THE_WALLS SPECIAL_OSGILIATH_VETERANS SPECIAL_INFANTRY_CAPTURE_BUILDING SPECIAL_RADAR_VAN_SCAN SPECIAL_SPY_DRONE SPECIAL_DISGUISE_AS_VEHICLE SPECIAL_REPAIR_VEHICLES SPECIAL_PARTICLE_UPLINK_CANNON SPECIAL_RANGER_AMBUSH SPECIAL_CHANGE_BATTLE_PLANS SPECIAL_CIA_INTELLIGENCE SPECIAL_CLEANUP_AREA SPECIAL_GRAB_PASSENGER SPECIAL_GRAB_CHUNK SPECIAL_SPAWN_ORCS SPECIAL_RAIN_OF_FIRE SPECIAL_CHARGE_ATTACK SPECIAL_PART_THE_HEAVENS SPECIAL_DEFLECT_PROJECTILES SPECIAL_SIEGEDEPLOY SPECIAL_STOP SPECIAL_ARROW_STORM SPECIAL_SWOOP_ATTACK SPECIAL_LEVEL_ATTACK SPECIAL_LEVEL_POSITION SPECIAL_GIVE_UPGRADE SPECIAL_ROUSING_SPEECH SPECIAL_GENERAL_TARGETLESS SPECIAL_GENERAL_TARGETLESS_TWO SPECIAL_SHIELD_BUBBLE SPECIAL_TOGGLE_MOUNTED SPECIAL_WIZARD_BLAST SPECIAL_GLORIOUS_CHARGE SPECIAL_WOUND_ARROW SPECIAL_HERO_MODE SPECIAL_FLAMING_SWORD SPECIAL_FIRE_WHIP SPECIAL_BALROG_BREATH SPECIAL_MTTROLL_BORED SPECIAL_BALROG_WINGS SPECIAL_BALROG_SCREAM SPECIAL_TRAINING SPECIAL_TELEKENETIC_PUSH SPECIAL_REVEAL_MAP_AREA SPECIAL_KNIFE_ATTACK SPECIAL_SPAWN_OATHBREAKERS SPECIAL_TRIGGER_ATTRIBUTE_MODIFIER SPECIAL_DOMINATE_ENEMY SPECIAL_WORD_OF_POWER SPECIAL_KNIFE_FIGHTER SPECIAL_SPELL_BOOK_CLOUD_BREAK SPECIAL_SPELL_BOOK_BALROG_ALLY SPECIAL_SPELL_BOOK_CALL_THE_HORDE SPECIAL_SPELL_BOOK_DARKNESS SPECIAL_SPELL_BOOK_DEVASTATION SPECIAL_SPELL_BOOK_EYE_OF_SAURON SPECIAL_SPELL_BOOK_FREEZING_RAIN SPECIAL_SPELL_BOOK_FUEL_THE_FIRES SPECIAL_SPELL_BOOK_INDUSTRY SPECIAL_SPELL_BOOK_PLUS_1_NAZGUL SPECIAL_SPELL_BOOK_PLUS_100_COMMAND_POINTS SPECIAL_SPELL_BOOK_TAINT SPECIAL_SPELL_BOOK_WAR_CHANT SPECIAL_SPELL_BOOK_ANDURIL SPECIAL_SPELL_BOOK_ARMY_OF_THE_DEAD SPECIAL_SPELL_BOOK_DRAFT SPECIAL_SPELL_BOOK_EAGLE_ALLIES SPECIAL_SPELL_BOOK_ELVEN_ALLIES SPECIAL_SPELL_BOOK_ELVEN_GIFTS SPECIAL_SPELL_BOOK_ELVEN_WOOD SPECIAL_SPELL_BOOK_ENT_ALLIES SPECIAL_SPELL_BOOK_GANDALF_THE_WHITE SPECIAL_SPELL_BOOK_HEAL SPECIAL_SPELL_BOOK_ROHAN_ALLIES SPECIAL_SPELL_BOOK_PALANTIR_VISION SPECIAL_ATHELAS SPECIAL_AT_VISIBLE_OBJECT SPECIAL_SARUMAN_FIRE_BALL SPECIAL_DISGUISE SPECIAL_SMITE_CANCELDISGUISE SPECIAL_ATTRIBUTEMOD_CANCELDISGUISE SPECIAL_KINGS_FAVOR SPECIAL_FAKE_LEADERSHIP_BUTTON SPECIAL_GIVE_UPGRADE_NEAREST SPECIAL_SCREECH SPECIAL_REPAIR_STRUCTURE SPECIAL_EAT SPECIAL_GIMLI_LEAP SPECIAL_HARVEST
0x00ea6670	0x012a6670	86	NAME_TABLE	1.0	yes	3	DESTROYED	BUILD_BEING_CANCELED	DESTROYED CAN_ATTACK UNDER_CONSTRUCTION UNSELECTABLE NO_COLLISIONS NO_ATTACK AIRBORNE_TARGET PARACHUTING REPULSOR HIJACKED AFLAME BURNED WET IS_FIRING_WEAPON IS_BRAKING STEALTHED HIDDEN DETECTED CAN_STEALTH SOLD UNDERGOING_REPAIR RECONSTRUCTING IS_ATTACKING NO_AUTO_ACQUIRE USING_ABILITY IS_AIMING_WEAPON NO_ATTACK_FROM_AI IGNORING_STEALTH IS_MELEE_ATTACKING GUARD_SELECTION DEATH_1 DEATH_2 DEATH_3 DEATH_4 DEATH_5 CONTESTED CONTESTING_BUILDING HORDE_MEMBER RIDERLESS RIDER_IS_PILOT RIDER1 RIDER2 RIDER3 RIDER4 RIDER5 RIDER6 RIDER7 RIDER8 IMMOBILE FLEE_OFF_MAP NOT_IN_WORLD INAUDIBLE CHANTING ENRAGED CREATE_DRAWABLE_WITH_LOW_DETAIL SINKING RAMPAGING INSIDE_GARRISON DEPLOYED UNATTACKABLE ENCLOSED TEMPORARILY_DEFECTED TAGGED DEPLOYING BLOODTHIRSTY PORTER_TAGGED GRAB_AND_DROP STAND_GROUND UNCONTROLLABLY_SCARED SPECIAL_ABILITY_PACKING_UNPACKING_OR_USING PLEASE_EAT_ME UPDATING_AI HUNT_WHEN_IDLE IGNORE_AI_COMMAND RUNNING_DOWN_FROM_BEHIND DO_NOT_SCORE CAN_NOT_WALK_ON MARCH_OF_DEATH DO_NOT_PICK_ME INHERITED_FROM_ALLY_TEAM SWITCHED_WEAPONS END_FIRE_STATE BOOKENDING ELVISH_EXPRESSLY INSIDE_CASTLE BUILD_BEING_CANCELED
0x00ed7018	0x012d7018	70	UNCERTAIN	0.329	no	3	Unknown ATI Device	i815	Unknown ATI Device Rage II Rage II+ Rage IIc PCI Rage IIc AGP Rage 128 Mobility Rage 128 Mobility M3 Rage 128 Mobility M4 Rage 128 PRO ULTRA Rage 128 4X Rage 128 PRO GL Rage 128 PRO VR Rage 128 GL Rage 128 VR Rage PRO Rage PRO Mobility Mobility Radeon Mobility Radeon VE(M6) Radeon VE Radeon DDR Radeon Mobility R7500 R7500 R8500 Unknown 3DLabs Device Permedia 300SX 500TX Delta MX Gamma Permedia2S (ST) Permedia3 R3 Permedia4 R4 G2 Oxygen VX1 TI P1 Permedia2 Unknown 3Dfx Device Voodoo 5500 AGP Voodoo 3 Banshee Voodoo 2 Voodoo Graphics Voodoo Rush Unknown Matrox Device G550 G400 G200 AGP G200 PCI G100 PCI G100 AGP Millennium II AGP Millennium II PCI Mystique Millennium Parhelia Parhelia AGP 8X Unknown PowerVR Device Kyro Unknown S3 Device Savage MX Savage 4 Savage 200 Unknown Intel Device i810 i810e i815
0x00eac410	0x012ac410	58	NAME_TABLE	1.0	yes	2	NONE	ATMOSPHERIC_EFFECTS	NONE STRUCTURE UNIT SHRUBBERY MISC_MAN_MADE MISC_NATURAL DEBRIS SYSTEM AUDIO TEST FOR_REVIEW ROAD WAYPOINT EMITTERS SCORCH OBSOLETE NEXT GONDOR ROHAN MORDOR ISENGARD NEUTRAL PROPS HEROES TROOPS REGION MINAS_TIRITH OSGILIATH DEAD_MARSHES EDORAS HELMS_DEEP PATHS_OF_DEAD FANGORN_FOREST MISTY_MOUNTAINS RIVENDELL MORIA SHIRE MISC_VILLAGE MISC_TALL_GRASSLAND MISC_TOWN MISC_WOODLAND MISC_WATER ROCKS TREES WEATHERTOP LOTHLORIEN AMON_HEN CIRITH_UNGOL ITHILIEN MOUNTAINS GRASSLANDS FORESTS BARREN AI TACTICAL_MARKERS CINEMATICS SKYBOXES ATMOSPHERIC_EFFECTS
0x00eb6078	0x012b6078	53	NAME_TABLE	1.0	yes	2	NONE	PALANTIR_VISION	NONE ATTACK_DAMAGE_AREA ATTACK_SCATTER_AREA ATTACK_CONTINUE_AREA GUARD_AREA EMERGENCY_REPAIR FRIENDLY_SPECIALPOWER OFFENSIVE_SPECIALPOWER SUPERWEAPON_SCATTER_AREA PARTICLECANNON A10STRIKE CARPETBOMB DAISYCUTTER PARADROP REVEAL_MAP_AREA SPELL_BOOK_ELVEN_WOOD SPELL_BOOK_TAINT NUCLEARMISSILE ARTILLERYBARRAGE CLUSTERMINES SCUDSTORM ANTHRAXBOMB AMBUSH RADAR SPYDRONE ARROWSTORM LIGHTNING_SWORD SUMMON_BALROG FIRE_BREATH TRAINING LEAP SUMMON_OATH_BREAKERS ATHELAS FELL_BEAST_SWOOP EAGLE_SWOOP INDUSTRY DEVASTATION TAINT EYE_OF_SAURON HEAL ELVEN_ALLIES ROHAN_ALLIES ELVEN_WOOD ENT_ALLIES ARMY_OF_THE_DEAD EAGLE_ALLIES KINGS_FAVOR DOMINATE SPEECH_CRAFT CAPTAIN_OF_GONDOR ARCHERY_TRAINING WAR_CHANT PALANTIR_VISION
0x00eb5f80	0x012b5f80	51	NAME_TABLE	1.0	yes	2	NONE	HORDE_SET_FORMATION	NONE FOUNDATION_CONSTRUCT FOUNDATION_CONSTRUCT_CANCEL UNIT_BUILD CANCEL_UNIT_BUILD PLAYER_UPGRADE OBJECT_UPGRADE CASTLE_UPGRADE CANCEL_UPGRADE ATTACK_MOVE GUARD GUARD_WITHOUT_PURSUIT GUARD_FLYING_UNITS_ONLY STOP WAYPOINTS EXIT_CONTAINER EVACUATE EVACUATE_CONTESTED EXECUTE_UNUSED_01 BEACON_DELETE SET_RALLY_POINT SELL FIRE_WEAPON SPECIAL_POWER PURCHASE_SCIENCE COMBATDROP SWITCH_WEAPON AUTOCAST_WEAPON HIJACK_VEHICLE CONVERT_TO_CARBOMB PLACE_BEACON SPECIAL_POWER_FROM_COMMAND_CENTER CASTLE_UNPACK CASTLE_PACK TOGGLE_WEAPON HORDE_TOGGLE_FORMATION SPELL_BOOK ONE_RING CREW_EVACUATE BLOODTHIRSTY CLOSE_GATE OPEN_GATE TOGGLE_GATE TOGGLE_WEAPONSET REVIVE MONSTERDOCK TOGGLE_NO_AUTO_ACQUIRE WAKE_AUTO_PICKUP CASTLE_UNPACK_EXPLICIT_OBJECT START_SELF_REPAIR HORDE_SET_FORMATION
0x00eb85d0	0x012b85d0	50	NAME_TABLE	1.0	yes	2	None	PickUp	None Normal Arrow Scroll Target Move AttackMove AttackObj ForceAttackObj ForceAttackGround Build InvalidBuild GenericInvalid Select EnterFriendly EnterAggressive SetRallyPoint GetRepaired GetHealed DoRepair ResumeConstruction CaptureBuilding SnipeVehicle LaserGuidedMissiles TankHunterTNTAttack StabAttack PlaceRemoteCharge PlaceTimedCharge Defector Dock FireFlame FireBomb PlaceBeacon DisguiseAsVehicle Waypoint OutRange StabAttackInvalid PlaceChargeInvalid Hack ParticleUplinkCannon LivingWorldZoom LightPointParticle JoinHorde WeaponUpgrade ArmorUpgrade Beam Bombard Axe EvilAbilityObj PickUp
0x00ed4be8	0x012d4be8	50	NAME_TABLE	1.0	no	2	Hello	know	Hello He Him the this that though rough cough obviously But but bye begin beginning beginnings of our ourselves yourselves to together togetherness from either I A return However that example yet quickly all if were includes always never not small returns set basic Entered with used shown you know
0x00ea80a8	0x012a80a8	47	NAME_TABLE	0.979	yes	2	NONE	LOTR_NEW	NONE NEXT Region Minas_Tirith Osgiliath Dead_Marshes Edoras Helm's_Deep Paths_of_Dead Fangorn_Forest Misty_Mountains Rivendell Moria The_Shire Isengard Mordor Misc_Village Misc_Grassland Misc_Town Misc_Woodland Misc_Water Type Grass Rock Dirt Snow Cliff Misc DESERT_1 DESERT_2 DESERT_3 EASTERN_EUROPE_1 EASTERN_EUROPE_2 EASTERN_EUROPE_3 SWISS_1 SWISS_2 SWISS_3 SNOW_1 SNOW_2 SNOW_3 ASPHALT CONCRETE TRANSITION SAND WOOD BLEND_EDGE LOTR_NEW
0x00ed6f78	0x012d6f78	39	UNCERTAIN	0.154	yes	2	Unknown NVidia device	Quadro DCC	Unknown NVidia device GeForce3 Quadro2 PRO GeForce2 Go GeForce2 ULTRA GeForce2 GTS Quadro GeForce DDR GeForce 256 TNT2 Aladdin TNT2 TNT2 ULTRA TNT2 Vanta TNT2 M64 TNT RIVA 128 TNT Vanta NV1 GeForce2 MXGeForce4 Ti 4600 GeForce4 Ti 4400 GeForce4 Ti GeForce4 Ti 4200 GeForce4 MX 460 GeForce4 MX 440 GeForce4 MX 420 GeForce4 GeForce4 Go 440 GeForce4 Go 420 GeForce4 Go 420 32M GeForce4 Go 440 64M GeForce4 Go GeForce3 Ti 500 GeForce3 Ti 200 GeForce2 Integrated GeForce2 Ti Quadro2 MXR//EX//GO GeFORCE2_MX 100//200 GeFORCE2_MX 400 Quadro DCC
0x00eb3dc0	0x012b3dc0	38	NAME_TABLE	0.974	no	2	ShellMainMenuCampaignPushed	Cine_Insane	ShellMainMenuCampaignPushed ShellMainMenuCampaignHighlighted ShellMainMenuCampaignUnhighlighted ShellMainMenuSkirmishPushed ShellMainMenuSkirmishHighlighted ShellMainMenuSkirmishUnhighlighted ShellMainMenuOptionsPushed ShellMainMenuOptionsHighlighted ShellMainMenuOptionsUnhighlighted ShellMainMenuOnlinePushed ShellMainMenuOnlineHighlighted ShellMainMenuOnlineUnhighlighted ShellMainMenuNetworkPushed ShellMainMenuNetworkHighlighted ShellMainMenuNetworkUnhighlighted ShellMainMenuExitPushed ShellMainMenuExitHighlighted ShellMainMenuExitUnhighlighted ShellGeneralsOnlineLogin ShellGeneralsOnlineLogout ShellGeneralsOnlineEnteredFromGame ShellOptionsOpened ShellOptionsClosed ShellSkirmishOpened ShellSkirmishClosed ShellSkirmishEnteredFromGame ShellLANOpened ShellLANClosed ShellLANEnteredFromGame Ground Air Ground or Air Subtle Normal Strong Severe Cine_Extreme Cine_Insane
0x00eb5ef8	0x012b5ef8	32	NAME_TABLE	0.969	yes	1	NEED_TARGET_ENEMY_OBJECT	CANCELABLE	NEED_TARGET_ENEMY_OBJECT NEED_TARGET_NEUTRAL_OBJECT NEED_TARGET_ALLY_OBJECT NO_PLAY_UNIT_SPECIFIC_SOUND_FOR_AUTO_ABILITY ALLOW_SHRUBBERY_TARGET NEED_TARGET_POS NEED_UPGRADE NEED_SPECIAL_POWER_SCIENCE OK_FOR_MULTI_SELECT CONTEXTMODE_COMMAND CHECK_LIKE NEEDS_CASTLE_KINDOF ATTACK_OBJECTS_POSITION OPTION_ONE OPTION_TWO OPTION_THREE NOT_QUEUEABLE SINGLE_USE_COMMAND ---DO-NOT-USE--- SCRIPT_ONLY IGNORES_UNDERPOWERED ALLOW_ROCK_TARGET HIDE_WHILE_DISABLED TOGGLE_IMAGE_ON_WEAPON TOGGLE_IMAGE_ON_WEAPONSET TOGGLE_IMAGE_ON_FORMATION MOUNTED_ONLY UNMOUNTED_ONLY NONPRESSABLE AUTO_ABILITY_TRIGGERED ON_GROUND_ONLY CANCELABLE
0x00eb69e4	0x012b69e4	32	NAME_TABLE	0.969	yes	1	Peasant	StaticTextMapPreview	Peasant Page Squire Knight RoyalGuard CaptainOfTheGuard HighLord Prince King Wizard Scum Vermin Beast Goblin Orc MountainTroll Berserker DarkWizard RingWraith DarkLord GameSpyGameOptionsMenu.wnd GameSpyGameOptionsMenuParent MapWindow StaticTextGameName StaticTextTeam StaticTextFaction StaticTextColor StaticTextPlayers TextEntryMapDisplay ButtonSelectMap ButtonStart StaticTextMapPreview
0x00eb6d04	0x012b6d04	30	NAME_TABLE	1.0	yes	1	Peasant	Commander	Peasant Page Squire Knight RoyalGuard CaptainOfTheGuard HighLord Prince King Wizard Scum Vermin Beast Goblin Orc MountainTroll Berserker DarkWizard RingWraith DarkLord Private Corporal Sergeant Lieutenant Captain Major Colonel General Brigadier Commander
0x00eb7108	0x012b7108	30	NAME_TABLE	0.967	yes	1	Peasant	StaticTextMapPreview	Peasant Page Squire Knight RoyalGuard CaptainOfTheGuard HighLord Prince King Wizard Scum Vermin Beast Goblin Orc MountainTroll Berserker DarkWizard RingWraith DarkLord GameSpyGameOptionsMenu.wnd GameSpyGameOptionsMenuParent MapWindow StaticTextTeam StaticTextFaction StaticTextColor TextEntryMapDisplay ButtonSelectMap ButtonStart StaticTextMapPreview
0x00ead6b0	0x012ad6b0	29	NAME_TABLE	1.0	yes	1	VETERAN	WEAPONSET_ONE_RING_MODE	VETERAN ELITE HERO PLAYER_UPGRADE PASSENGER_TYPE_ONE PASSENGER_TYPE_TWO GARRISONED CLOSE_RANGE RAMPAGE CONTESTING_BUILDING WEAPON_RIDER1 WEAPON_RIDER2 WEAPON_RIDER3 WEAPON_RIDER4 WEAPON_RIDER5 WEAPON_RIDER6 WEAPON_RIDER7 WEAPON_RIDER8 SPECIAL_ONE SPECIAL_TWO CONTAINED MOUNTED ENRAGED SPECIAL_UPGRADE WEAPONSET_TOGGLE_1 WEAPONSET_TOGGLE_2 WEAPONSET_TOGGLE_3 WEAPONSET_HERO_MODE WEAPONSET_ONE_RING_MODE
0x00eb59f0	0x012b59f0	29	NAME_TABLE	1.0	yes	1	ACTIVE	WIN_STATUS_BLOCK_INPUT	ACTIVE TOGGLE DRAGABLE ENABLED HIDDEN ABOVE BELOW IMAGE TABSTOP NOINPUT NOFOCUS DESTROYED BORDER SMOOTH_TEXT ONE_LINE NO_FLUSH SEE_THRU RIGHT_CLICK WRAP_CENTERED CHECK_LIKE HOTKEY_TEXT USE_OVERLAY_STATES NOT_READY FLASHING ALWAYS_COLOR ON_MOUSE_DOWN WIN_STATUS_CIRCULAR WIN_STATUS_AVAIL_FLAG WIN_STATUS_BLOCK_INPUT
0x00eb7ff4	0x012b7ff4	29	UNCERTAIN	0.69	no	1	Peasant	imgContainer/ImageLevelIconD	Peasant Page Squire Knight RoyalGuard CaptainOfTheGuard HighLord Prince King Wizard Scum Vermin Beast Goblin Orc MountainTroll Berserker DarkWizard RingWraith DarkLord imgContainer/ImageA imgContainer/ImageB imgContainer/ImageC imgContainer/ImageD CreateComponents/ImageLevelIconMain imgContainer/ImageLevelIconA imgContainer/ImageLevelIconB imgContainer/ImageLevelIconC imgContainer/ImageLevelIconD
0x00ec84ec	0x012c84ec	29	NAME_TABLE	1.0	yes	1	hostname	score_t	hostname gamename gamever hostport mapname gametype gamevariant numplayers numteams maxplayers gamemode teamplay fraglimit teamfraglimit timeelapsed timelimit roundtime roundelapsed password groupid player_ score_ skill_ ping_ team_ deaths_ pid_ team_t score_t
0x00eb7ae4	0x012b7ae4	28	UNCERTAIN	0.714	yes	1	Peasant	OnlineProfile/componentImages/ImageLevelIconD	Peasant Page Squire Knight RoyalGuard CaptainOfTheGuard HighLord Prince King Wizard Scum Vermin Beast Goblin Orc MountainTroll Berserker DarkWizard RingWraith DarkLord OnlineProfile/componentImages/ImageA OnlineProfile/componentImages/ImageB OnlineProfile/componentImages/ImageC OnlineProfile/componentImages/ImageD OnlineProfile/componentImages/ImageLevelIconA OnlineProfile/componentImages/ImageLevelIconB OnlineProfile/componentImages/ImageLevelIconC OnlineProfile/componentImages/ImageLevelIconD
0x00eb78c8	0x012b78c8	26	UNCERTAIN	0.769	yes	1	Peasant	OnlineHome/instance101/factionImageD	Peasant Page Squire Knight RoyalGuard CaptainOfTheGuard HighLord Prince King Wizard Scum Vermin Beast Goblin Orc MountainTroll Berserker DarkWizard RingWraith DarkLord OnlineHome/Gadgets/Image OnlineHome/Gadgets/ImageLevelIconMain OnlineHome/instance101/factionImageA OnlineHome/instance101/factionImageB OnlineHome/instance101/factionImageC OnlineHome/instance101/factionImageD
0x00ea8024	0x012a8024	25	NAME_TABLE	1.0	yes	1	Peasant	LEFT_DESTROYED	Peasant Page Squire Knight RoyalGuard CaptainOfTheGuard HighLord Prince King Wizard Scum Vermin Beast Goblin Orc MountainTroll Berserker DarkWizard RingWraith DarkLord NONE FRONT_DESTROYED RIGHT_DESTROYED BACK_DESTROYED LEFT_DESTROYED
0x00ea7d64	0x012a7d64	24	NAME_TABLE	1.0	yes	1	Peasant	SPAWN	Peasant Page Squire Knight RoyalGuard CaptainOfTheGuard HighLord Prince King Wizard Scum Vermin Beast Goblin Orc MountainTroll Berserker DarkWizard RingWraith DarkLord NONE HOLD KILL SPAWN
0x00eb550c	0x012b550c	24	NAME_TABLE	1.0	yes	1	Peasant	SPAWN	Peasant Page Squire Knight RoyalGuard CaptainOfTheGuard HighLord Prince King Wizard Scum Vermin Beast Goblin Orc MountainTroll Berserker DarkWizard RingWraith DarkLord NONE HOLD KILL SPAWN
0x00eb7be4	0x012b7be4	24	NAME_TABLE	1.0	yes	1	Peasant	SPAWN	Peasant Page Squire Knight RoyalGuard CaptainOfTheGuard HighLord Prince King Wizard Scum Vermin Beast Goblin Orc MountainTroll Berserker DarkWizard RingWraith DarkLord NONE HOLD KILL SPAWN
0x00eb7f10	0x012b7f10	24	NAME_TABLE	1.0	yes	1	Peasant	SPAWN	Peasant Page Squire Knight RoyalGuard CaptainOfTheGuard HighLord Prince King Wizard Scum Vermin Beast Goblin Orc MountainTroll Berserker DarkWizard RingWraith DarkLord NONE HOLD KILL SPAWN
0x00eb8084	0x012b8084	24	NAME_TABLE	1.0	yes	1	Peasant	SPAWN	Peasant Page Squire Knight RoyalGuard CaptainOfTheGuard HighLord Prince King Wizard Scum Vermin Beast Goblin Orc MountainTroll Berserker DarkWizard RingWraith DarkLord NONE HOLD KILL SPAWN
0x00eb9180	0x012b9180	24	NAME_TABLE	1.0	yes	1	Peasant	SPAWN	Peasant Page Squire Knight RoyalGuard CaptainOfTheGuard HighLord Prince King Wizard Scum Vermin Beast Goblin Orc MountainTroll Berserker DarkWizard RingWraith DarkLord NONE HOLD KILL SPAWN
0x00eb95ec	0x012b95ec	24	NAME_TABLE	1.0	yes	1	Peasant	SPAWN	Peasant Page Squire Knight RoyalGuard CaptainOfTheGuard HighLord Prince King Wizard Scum Vermin Beast Goblin Orc MountainTroll Berserker DarkWizard RingWraith DarkLord NONE HOLD KILL SPAWN
0x00ea70e0	0x012a70e0	23	NAME_TABLE	1.0	yes	1	FORCE	UNDEFINED	FORCE CRUSH SLASH PIERCE SIEGE STRUCTURAL FLAME HEALING UNRESISTABLE WATER PENALTY FALLING TOPPLING REFLECTED PASSENGER MAGIC CHOP HERO SPECIALIST URUK HERO_RANGED FLY_INTO UNDEFINED
0x00ea85e8	0x012a85e8	23	NAME_TABLE	1.0	yes	1	FORCE	UNDEFINED	FORCE CRUSH SLASH PIERCE SIEGE STRUCTURAL FLAME HEALING UNRESISTABLE WATER PENALTY FALLING TOPPLING REFLECTED PASSENGER MAGIC CHOP HERO SPECIALIST URUK HERO_RANGED FLY_INTO UNDEFINED
0x00ea8648	0x012a8648	23	NAME_TABLE	1.0	yes	1	NORMAL	FADED	NORMAL NONE CRUSHED BURNED EXPLODED POISONED TOPPLED FLOODED SUICIDED LASERED DETONATED SPLATTED POISONED_BETA EXTRA_2 EXTRA_3 EXTRA_4 EXTRA_5 EXTRA_6 EXTRA_7 EXTRA_8 KNOCKBACK SUPERNATURAL FADED
0x00eacc70	0x012acc70	23	NAME_TABLE	1.0	yes	1	FORCE	UNDEFINED	FORCE CRUSH SLASH PIERCE SIEGE STRUCTURAL FLAME HEALING UNRESISTABLE WATER PENALTY FALLING TOPPLING REFLECTED PASSENGER MAGIC CHOP HERO SPECIALIST URUK HERO_RANGED FLY_INTO UNDEFINED
0x00ead348	0x012ad348	23	NAME_TABLE	1.0	yes	1	FORCE	UNDEFINED	FORCE CRUSH SLASH PIERCE SIEGE STRUCTURAL FLAME HEALING UNRESISTABLE WATER PENALTY FALLING TOPPLING REFLECTED PASSENGER MAGIC CHOP HERO SPECIALIST URUK HERO_RANGED FLY_INTO UNDEFINED
0x00ead3a8	0x012ad3a8	23	NAME_TABLE	1.0	yes	1	NORMAL	FADED	NORMAL NONE CRUSHED BURNED EXPLODED POISONED TOPPLED FLOODED SUICIDED LASERED DETONATED SPLATTED POISONED_BETA EXTRA_2 EXTRA_3 EXTRA_4 EXTRA_5 EXTRA_6 EXTRA_7 EXTRA_8 KNOCKBACK SUPERNATURAL FADED
0x00eae700	0x012ae700	23	NAME_TABLE	1.0	yes	1	FORCE	UNDEFINED	FORCE CRUSH SLASH PIERCE SIEGE STRUCTURAL FLAME HEALING UNRESISTABLE WATER PENALTY FALLING TOPPLING REFLECTED PASSENGER MAGIC CHOP HERO SPECIALIST URUK HERO_RANGED FLY_INTO UNDEFINED
0x00eae760	0x012ae760	23	NAME_TABLE	1.0	yes	1	NORMAL	FADED	NORMAL NONE CRUSHED BURNED EXPLODED POISONED TOPPLED FLOODED SUICIDED LASERED DETONATED SPLATTED POISONED_BETA EXTRA_2 EXTRA_3 EXTRA_4 EXTRA_5 EXTRA_6 EXTRA_7 EXTRA_8 KNOCKBACK SUPERNATURAL FADED
0x00eaf420	0x012af420	23	NAME_TABLE	1.0	yes	1	FORCE	UNDEFINED	FORCE CRUSH SLASH PIERCE SIEGE STRUCTURAL FLAME HEALING UNRESISTABLE WATER PENALTY FALLING TOPPLING REFLECTED PASSENGER MAGIC CHOP HERO SPECIALIST URUK HERO_RANGED FLY_INTO UNDEFINED
0x00eaf688	0x012af688	23	NAME_TABLE	1.0	yes	1	FORCE	UNDEFINED	FORCE CRUSH SLASH PIERCE SIEGE STRUCTURAL FLAME HEALING UNRESISTABLE WATER PENALTY FALLING TOPPLING REFLECTED PASSENGER MAGIC CHOP HERO SPECIALIST URUK HERO_RANGED FLY_INTO UNDEFINED
0x00eb1c90	0x012b1c90	23	NAME_TABLE	1.0	yes	1	NORMAL	FADED	NORMAL NONE CRUSHED BURNED EXPLODED POISONED TOPPLED FLOODED SUICIDED LASERED DETONATED SPLATTED POISONED_BETA EXTRA_2 EXTRA_3 EXTRA_4 EXTRA_5 EXTRA_6 EXTRA_7 EXTRA_8 KNOCKBACK SUPERNATURAL FADED
0x00eb3558	0x012b3558	23	NAME_TABLE	1.0	yes	1	FORCE	UNDEFINED	FORCE CRUSH SLASH PIERCE SIEGE STRUCTURAL FLAME HEALING UNRESISTABLE WATER PENALTY FALLING TOPPLING REFLECTED PASSENGER MAGIC CHOP HERO SPECIALIST URUK HERO_RANGED FLY_INTO UNDEFINED
0x00eb35b8	0x012b35b8	23	NAME_TABLE	1.0	yes	1	NORMAL	FADED	NORMAL NONE CRUSHED BURNED EXPLODED POISONED TOPPLED FLOODED SUICIDED LASERED DETONATED SPLATTED POISONED_BETA EXTRA_2 EXTRA_3 EXTRA_4 EXTRA_5 EXTRA_6 EXTRA_7 EXTRA_8 KNOCKBACK SUPERNATURAL FADED
0x00ead4b0	0x012ad4b0	22	NAME_TABLE	1.0	yes	1	GARRISONED	SOLO_AI_HARD	GARRISONED HORDE CONTINUOUS_FIRE_MEAN CONTINUOUS_FIRE_FAST NATIONALISM PLAYER_UPGRADE DRONE_SPOTTING DEMORALIZED_OBSOLETE ENTHUSIASTIC VETERAN ELITE HERO BATTLEPLAN_BOMBARDMENT BATTLEPLAN_HOLDTHELINE BATTLEPLAN_SEARCHANDDESTROY SUBLIMINAL SOLO_HUMAN_EASY SOLO_HUMAN_NORMAL SOLO_HUMAN_HARD SOLO_AI_EASY SOLO_AI_NORMAL SOLO_AI_HARD
0x00eb158c	0x012b158c	21	NAME_TABLE	1.0	yes	1	SAME_CURRENTHEALTH	AUTO_HEAL	SAME_CURRENTHEALTH PRESERVE_RATIO ADD_CURRENT_HEALTH_TOO ATTRIBUTE_NONE ARMOR DAMAGE_ADD DAMAGE_MULT RESIST_FEAR EXPERIENCE RANGE SPEED CRUSH_DECELERATE RESIST_KNOCKBACK SPELL_DAMAGE RECHARGE_TIME PRODUCTION HEALTH VISION BOUNTY_PERCENTAGE MINIMUM_CRUSH_VELOCITY AUTO_HEAL
0x00ee6040	0x012e6040	21	UNCERTAIN	0.81	yes	1	UNKNOWN	<undefined>	UNKNOWN Geometry Animation Texture Pathfind Vis Sound CullingData Strings GameData PhysicsData W3dData StaticAllocations GameInit Renderer Network BINK <undefined> <undefined> <undefined> <undefined>
0x00ea7cc8	0x012a7cc8	20	NAME_TABLE	1.0	no	1	Peasant	DarkLord	Peasant Page Squire Knight RoyalGuard CaptainOfTheGuard HighLord Prince King Wizard Scum Vermin Beast Goblin Orc MountainTroll Berserker DarkWizard RingWraith DarkLord
0x00ea7df0	0x012a7df0	20	NAME_TABLE	1.0	yes	1	Peasant	DarkLord	Peasant Page Squire Knight RoyalGuard CaptainOfTheGuard HighLord Prince King Wizard Scum Vermin Beast Goblin Orc MountainTroll Berserker DarkWizard RingWraith DarkLord
0x00ea81b4	0x012a81b4	20	NAME_TABLE	1.0	yes	1	Peasant	DarkLord	Peasant Page Squire Knight RoyalGuard CaptainOfTheGuard HighLord Prince King Wizard Scum Vermin Beast Goblin Orc MountainTroll Berserker DarkWizard RingWraith DarkLord
0x00ea92b4	0x012a92b4	20	NAME_TABLE	1.0	yes	1	Peasant	DarkLord	Peasant Page Squire Knight RoyalGuard CaptainOfTheGuard HighLord Prince King Wizard Scum Vermin Beast Goblin Orc MountainTroll Berserker DarkWizard RingWraith DarkLord
0x00eb4400	0x012b4400	20	NAME_TABLE	1.0	yes	1	Peasant	DarkLord	Peasant Page Squire Knight RoyalGuard CaptainOfTheGuard HighLord Prince King Wizard Scum Vermin Beast Goblin Orc MountainTroll Berserker DarkWizard RingWraith DarkLord
0x00eb454c	0x012b454c	20	NAME_TABLE	1.0	yes	1	Peasant	DarkLord	Peasant Page Squire Knight RoyalGuard CaptainOfTheGuard HighLord Prince King Wizard Scum Vermin Beast Goblin Orc MountainTroll Berserker DarkWizard RingWraith DarkLord
0x00eb5858	0x012b5858	20	NAME_TABLE	1.0	yes	1	Peasant	DarkLord	Peasant Page Squire Knight RoyalGuard CaptainOfTheGuard HighLord Prince King Wizard Scum Vermin Beast Goblin Orc MountainTroll Berserker DarkWizard RingWraith DarkLord
0x00eb5dbc	0x012b5dbc	20	NAME_TABLE	1.0	yes	1	Peasant	DarkLord	Peasant Page Squire Knight RoyalGuard CaptainOfTheGuard HighLord Prince King Wizard Scum Vermin Beast Goblin Orc MountainTroll Berserker DarkWizard RingWraith DarkLord
0x00eb6860	0x012b6860	20	NAME_TABLE	1.0	yes	1	Peasant	DarkLord	Peasant Page Squire Knight RoyalGuard CaptainOfTheGuard HighLord Prince King Wizard Scum Vermin Beast Goblin Orc MountainTroll Berserker DarkWizard RingWraith DarkLord
0x00eb6984	0x012b6984	20	NAME_TABLE	1.0	yes	1	Peasant	DarkLord	Peasant Page Squire Knight RoyalGuard CaptainOfTheGuard HighLord Prince King Wizard Scum Vermin Beast Goblin Orc MountainTroll Berserker DarkWizard RingWraith DarkLord
0x00eb6bc0	0x012b6bc0	20	NAME_TABLE	1.0	yes	1	Peasant	DarkLord	Peasant Page Squire Knight RoyalGuard CaptainOfTheGuard HighLord Prince King Wizard Scum Vermin Beast Goblin Orc MountainTroll Berserker DarkWizard RingWraith DarkLord
0x00eb6c20	0x012b6c20	20	NAME_TABLE	1.0	yes	1	Peasant	DarkLord	Peasant Page Squire Knight RoyalGuard CaptainOfTheGuard HighLord Prince King Wizard Scum Vermin Beast Goblin Orc MountainTroll Berserker DarkWizard RingWraith DarkLord
0x00eb6c80	0x012b6c80	20	NAME_TABLE	1.0	yes	1	Peasant	DarkLord	Peasant Page Squire Knight RoyalGuard CaptainOfTheGuard HighLord Prince King Wizard Scum Vermin Beast Goblin Orc MountainTroll Berserker DarkWizard RingWraith DarkLord
0x00eb6de4	0x012b6de4	20	NAME_TABLE	1.0	yes	1	Peasant	DarkLord	Peasant Page Squire Knight RoyalGuard CaptainOfTheGuard HighLord Prince King Wizard Scum Vermin Beast Goblin Orc MountainTroll Berserker DarkWizard RingWraith DarkLord
0x00eb6e8c	0x012b6e8c	20	NAME_TABLE	1.0	yes	1	Peasant	DarkLord	Peasant Page Squire Knight RoyalGuard CaptainOfTheGuard HighLord Prince King Wizard Scum Vermin Beast Goblin Orc MountainTroll Berserker DarkWizard RingWraith DarkLord
0x00eb6f1c	0x012b6f1c	20	NAME_TABLE	1.0	yes	1	Peasant	DarkLord	Peasant Page Squire Knight RoyalGuard CaptainOfTheGuard HighLord Prince King Wizard Scum Vermin Beast Goblin Orc MountainTroll Berserker DarkWizard RingWraith DarkLord
0x00eb6fa8	0x012b6fa8	20	NAME_TABLE	1.0	no	1	Peasant	DarkLord	Peasant Page Squire Knight RoyalGuard CaptainOfTheGuard HighLord Prince King Wizard Scum Vermin Beast Goblin Orc MountainTroll Berserker DarkWizard RingWraith DarkLord
0x00eb7048	0x012b7048	20	NAME_TABLE	1.0	yes	1	Peasant	DarkLord	Peasant Page Squire Knight RoyalGuard CaptainOfTheGuard HighLord Prince King Wizard Scum Vermin Beast Goblin Orc MountainTroll Berserker DarkWizard RingWraith DarkLord
0x00eb70a8	0x012b70a8	20	NAME_TABLE	1.0	yes	1	Peasant	DarkLord	Peasant Page Squire Knight RoyalGuard CaptainOfTheGuard HighLord Prince King Wizard Scum Vermin Beast Goblin Orc MountainTroll Berserker DarkWizard RingWraith DarkLord
0x00eb71d4	0x012b71d4	20	NAME_TABLE	1.0	no	1	Peasant	DarkLord	Peasant Page Squire Knight RoyalGuard CaptainOfTheGuard HighLord Prince King Wizard Scum Vermin Beast Goblin Orc MountainTroll Berserker DarkWizard RingWraith DarkLord
0x00eb727c	0x012b727c	20	NAME_TABLE	1.0	yes	1	Peasant	DarkLord	Peasant Page Squire Knight RoyalGuard CaptainOfTheGuard HighLord Prince King Wizard Scum Vermin Beast Goblin Orc MountainTroll Berserker DarkWizard RingWraith DarkLord
0x00eb7368	0x012b7368	20	NAME_TABLE	1.0	yes	1	Peasant	DarkLord	Peasant Page Squire Knight RoyalGuard CaptainOfTheGuard HighLord Prince King Wizard Scum Vermin Beast Goblin Orc MountainTroll Berserker DarkWizard RingWraith DarkLord
0x00eb7470	0x012b7470	20	NAME_TABLE	1.0	yes	1	Peasant	DarkLord	Peasant Page Squire Knight RoyalGuard CaptainOfTheGuard HighLord Prince King Wizard Scum Vermin Beast Goblin Orc MountainTroll Berserker DarkWizard RingWraith DarkLord
0x00eb755c	0x012b755c	20	NAME_TABLE	1.0	yes	1	Peasant	DarkLord	Peasant Page Squire Knight RoyalGuard CaptainOfTheGuard HighLord Prince King Wizard Scum Vermin Beast Goblin Orc MountainTroll Berserker DarkWizard RingWraith DarkLord
0x00eb75e8	0x012b75e8	20	NAME_TABLE	1.0	no	1	Peasant	DarkLord	Peasant Page Squire Knight RoyalGuard CaptainOfTheGuard HighLord Prince King Wizard Scum Vermin Beast Goblin Orc MountainTroll Berserker DarkWizard RingWraith DarkLord
0x00eb76a4	0x012b76a4	20	NAME_TABLE	1.0	no	1	Peasant	DarkLord	Peasant Page Squire Knight RoyalGuard CaptainOfTheGuard HighLord Prince King Wizard Scum Vermin Beast Goblin Orc MountainTroll Berserker DarkWizard RingWraith DarkLord
0x00eb7804	0x012b7804	20	NAME_TABLE	1.0	yes	1	Peasant	DarkLord	Peasant Page Squire Knight RoyalGuard CaptainOfTheGuard HighLord Prince King Wizard Scum Vermin Beast Goblin Orc MountainTroll Berserker DarkWizard RingWraith DarkLord
0x00eb7864	0x012b7864	20	NAME_TABLE	1.0	yes	1	Peasant	DarkLord	Peasant Page Squire Knight RoyalGuard CaptainOfTheGuard HighLord Prince King Wizard Scum Vermin Beast Goblin Orc MountainTroll Berserker DarkWizard RingWraith DarkLord
0x00eb7944	0x012b7944	20	NAME_TABLE	1.0	yes	1	Peasant	DarkLord	Peasant Page Squire Knight RoyalGuard CaptainOfTheGuard HighLord Prince King Wizard Scum Vermin Beast Goblin Orc MountainTroll Berserker DarkWizard RingWraith DarkLord
0x00eb7b6c	0x012b7b6c	20	NAME_TABLE	1.0	yes	1	Peasant	DarkLord	Peasant Page Squire Knight RoyalGuard CaptainOfTheGuard HighLord Prince King Wizard Scum Vermin Beast Goblin Orc MountainTroll Berserker DarkWizard RingWraith DarkLord
0x00eb7cd8	0x012b7cd8	20	NAME_TABLE	1.0	yes	1	Peasant	DarkLord	Peasant Page Squire Knight RoyalGuard CaptainOfTheGuard HighLord Prince King Wizard Scum Vermin Beast Goblin Orc MountainTroll Berserker DarkWizard RingWraith DarkLord
0x00eb7dac	0x012b7dac	20	NAME_TABLE	1.0	yes	1	Peasant	DarkLord	Peasant Page Squire Knight RoyalGuard CaptainOfTheGuard HighLord Prince King Wizard Scum Vermin Beast Goblin Orc MountainTroll Berserker DarkWizard RingWraith DarkLord
0x00eb9120	0x012b9120	20	NAME_TABLE	1.0	yes	1	Peasant	DarkLord	Peasant Page Squire Knight RoyalGuard CaptainOfTheGuard HighLord Prince King Wizard Scum Vermin Beast Goblin Orc MountainTroll Berserker DarkWizard RingWraith DarkLord
0x00eb92d0	0x012b92d0	20	NAME_TABLE	1.0	yes	1	Peasant	DarkLord	Peasant Page Squire Knight RoyalGuard CaptainOfTheGuard HighLord Prince King Wizard Scum Vermin Beast Goblin Orc MountainTroll Berserker DarkWizard RingWraith DarkLord
0x00eb9330	0x012b9330	20	NAME_TABLE	1.0	yes	1	Peasant	DarkLord	Peasant Page Squire Knight RoyalGuard CaptainOfTheGuard HighLord Prince King Wizard Scum Vermin Beast Goblin Orc MountainTroll Berserker DarkWizard RingWraith DarkLord
0x00eb9390	0x012b9390	20	NAME_TABLE	1.0	no	1	Peasant	DarkLord	Peasant Page Squire Knight RoyalGuard CaptainOfTheGuard HighLord Prince King Wizard Scum Vermin Beast Goblin Orc MountainTroll Berserker DarkWizard RingWraith DarkLord
0x00eb9418	0x012b9418	20	NAME_TABLE	1.0	no	1	Peasant	DarkLord	Peasant Page Squire Knight RoyalGuard CaptainOfTheGuard HighLord Prince King Wizard Scum Vermin Beast Goblin Orc MountainTroll Berserker DarkWizard RingWraith DarkLord
0x00eb9484	0x012b9484	20	NAME_TABLE	1.0	yes	1	Peasant	DarkLord	Peasant Page Squire Knight RoyalGuard CaptainOfTheGuard HighLord Prince King Wizard Scum Vermin Beast Goblin Orc MountainTroll Berserker DarkWizard RingWraith DarkLord
0x00eb9520	0x012b9520	20	NAME_TABLE	1.0	yes	1	Peasant	DarkLord	Peasant Page Squire Knight RoyalGuard CaptainOfTheGuard HighLord Prince King Wizard Scum Vermin Beast Goblin Orc MountainTroll Berserker DarkWizard RingWraith DarkLord
0x00eb958c	0x012b958c	20	NAME_TABLE	1.0	yes	1	Peasant	DarkLord	Peasant Page Squire Knight RoyalGuard CaptainOfTheGuard HighLord Prince King Wizard Scum Vermin Beast Goblin Orc MountainTroll Berserker DarkWizard RingWraith DarkLord
0x00eb96dc	0x012b96dc	20	NAME_TABLE	1.0	yes	1	Peasant	DarkLord	Peasant Page Squire Knight RoyalGuard CaptainOfTheGuard HighLord Prince King Wizard Scum Vermin Beast Goblin Orc MountainTroll Berserker DarkWizard RingWraith DarkLord
0x00eb9778	0x012b9778	20	NAME_TABLE	1.0	yes	1	Peasant	DarkLord	Peasant Page Squire Knight RoyalGuard CaptainOfTheGuard HighLord Prince King Wizard Scum Vermin Beast Goblin Orc MountainTroll Berserker DarkWizard RingWraith DarkLord
0x00eb9818	0x012b9818	20	NAME_TABLE	1.0	no	1	Peasant	DarkLord	Peasant Page Squire Knight RoyalGuard CaptainOfTheGuard HighLord Prince King Wizard Scum Vermin Beast Goblin Orc MountainTroll Berserker DarkWizard RingWraith DarkLord
0x00ee4248	0x012e4248	20	NAME_TABLE	1.0	yes	1	UNKNOWN	VOID	UNKNOWN POSITION BLENDWEIGHT BLENDINDICES NORMAL PSIZE TEXCOORD TANGENT BINORMAL TESSFACTOR POSITIONT COLOR FOG DEPTH SAMPLE UNKNOWN COLOR POSITION PSIZE VOID
0x00ea6ed0	0x012a6ed0	18	NAME_TABLE	1.0	yes	1	ATTRIBUTE_NONE	AUTO_HEAL	ATTRIBUTE_NONE ARMOR DAMAGE_ADD DAMAGE_MULT RESIST_FEAR EXPERIENCE RANGE SPEED CRUSH_DECELERATE RESIST_KNOCKBACK SPELL_DAMAGE RECHARGE_TIME PRODUCTION HEALTH VISION BOUNTY_PERCENTAGE MINIMUM_CRUSH_VELOCITY AUTO_HEAL
0x00ea71e8	0x012a71e8	18	NAME_TABLE	1.0	yes	1	ATTRIBUTE_NONE	AUTO_HEAL	ATTRIBUTE_NONE ARMOR DAMAGE_ADD DAMAGE_MULT RESIST_FEAR EXPERIENCE RANGE SPEED CRUSH_DECELERATE RESIST_KNOCKBACK SPELL_DAMAGE RECHARGE_TIME PRODUCTION HEALTH VISION BOUNTY_PERCENTAGE MINIMUM_CRUSH_VELOCITY AUTO_HEAL
0x00ea8960	0x012a8960	18	NAME_TABLE	1.0	yes	1	ATTRIBUTE_NONE	AUTO_HEAL	ATTRIBUTE_NONE ARMOR DAMAGE_ADD DAMAGE_MULT RESIST_FEAR EXPERIENCE RANGE SPEED CRUSH_DECELERATE RESIST_KNOCKBACK SPELL_DAMAGE RECHARGE_TIME PRODUCTION HEALTH VISION BOUNTY_PERCENTAGE MINIMUM_CRUSH_VELOCITY AUTO_HEAL
0x00ea8b50	0x012a8b50	18	NAME_TABLE	1.0	yes	1	ATTRIBUTE_NONE	AUTO_HEAL	ATTRIBUTE_NONE ARMOR DAMAGE_ADD DAMAGE_MULT RESIST_FEAR EXPERIENCE RANGE SPEED CRUSH_DECELERATE RESIST_KNOCKBACK SPELL_DAMAGE RECHARGE_TIME PRODUCTION HEALTH VISION BOUNTY_PERCENTAGE MINIMUM_CRUSH_VELOCITY AUTO_HEAL
0x00eabf08	0x012abf08	18	NAME_TABLE	1.0	yes	1	ATTRIBUTE_NONE	AUTO_HEAL	ATTRIBUTE_NONE ARMOR DAMAGE_ADD DAMAGE_MULT RESIST_FEAR EXPERIENCE RANGE SPEED CRUSH_DECELERATE RESIST_KNOCKBACK SPELL_DAMAGE RECHARGE_TIME PRODUCTION HEALTH VISION BOUNTY_PERCENTAGE MINIMUM_CRUSH_VELOCITY AUTO_HEAL
0x00eac0e8	0x012ac0e8	18	NAME_TABLE	1.0	yes	1	ATTRIBUTE_NONE	AUTO_HEAL	ATTRIBUTE_NONE ARMOR DAMAGE_ADD DAMAGE_MULT RESIST_FEAR EXPERIENCE RANGE SPEED CRUSH_DECELERATE RESIST_KNOCKBACK SPELL_DAMAGE RECHARGE_TIME PRODUCTION HEALTH VISION BOUNTY_PERCENTAGE MINIMUM_CRUSH_VELOCITY AUTO_HEAL
0x00eac340	0x012ac340	18	NAME_TABLE	1.0	yes	1	ATTRIBUTE_NONE	AUTO_HEAL	ATTRIBUTE_NONE ARMOR DAMAGE_ADD DAMAGE_MULT RESIST_FEAR EXPERIENCE RANGE SPEED CRUSH_DECELERATE RESIST_KNOCKBACK SPELL_DAMAGE RECHARGE_TIME PRODUCTION HEALTH VISION BOUNTY_PERCENTAGE MINIMUM_CRUSH_VELOCITY AUTO_HEAL
0x00eac668	0x012ac668	18	NAME_TABLE	1.0	yes	1	ATTRIBUTE_NONE	AUTO_HEAL	ATTRIBUTE_NONE ARMOR DAMAGE_ADD DAMAGE_MULT RESIST_FEAR EXPERIENCE RANGE SPEED CRUSH_DECELERATE RESIST_KNOCKBACK SPELL_DAMAGE RECHARGE_TIME PRODUCTION HEALTH VISION BOUNTY_PERCENTAGE MINIMUM_CRUSH_VELOCITY AUTO_HEAL
0x00eac760	0x012ac760	18	NAME_TABLE	1.0	yes	1	ATTRIBUTE_NONE	AUTO_HEAL	ATTRIBUTE_NONE ARMOR DAMAGE_ADD DAMAGE_MULT RESIST_FEAR EXPERIENCE RANGE SPEED CRUSH_DECELERATE RESIST_KNOCKBACK SPELL_DAMAGE RECHARGE_TIME PRODUCTION HEALTH VISION BOUNTY_PERCENTAGE MINIMUM_CRUSH_VELOCITY AUTO_HEAL
0x00eac9c0	0x012ac9c0	18	NAME_TABLE	1.0	yes	1	ATTRIBUTE_NONE	AUTO_HEAL	ATTRIBUTE_NONE ARMOR DAMAGE_ADD DAMAGE_MULT RESIST_FEAR EXPERIENCE RANGE SPEED CRUSH_DECELERATE RESIST_KNOCKBACK SPELL_DAMAGE RECHARGE_TIME PRODUCTION HEALTH VISION BOUNTY_PERCENTAGE MINIMUM_CRUSH_VELOCITY AUTO_HEAL
0x00eaccd0	0x012accd0	18	NAME_TABLE	1.0	yes	1	ATTRIBUTE_NONE	AUTO_HEAL	ATTRIBUTE_NONE ARMOR DAMAGE_ADD DAMAGE_MULT RESIST_FEAR EXPERIENCE RANGE SPEED CRUSH_DECELERATE RESIST_KNOCKBACK SPELL_DAMAGE RECHARGE_TIME PRODUCTION HEALTH VISION BOUNTY_PERCENTAGE MINIMUM_CRUSH_VELOCITY AUTO_HEAL
0x00eacf38	0x012acf38	18	NAME_TABLE	1.0	yes	1	ATTRIBUTE_NONE	AUTO_HEAL	ATTRIBUTE_NONE ARMOR DAMAGE_ADD DAMAGE_MULT RESIST_FEAR EXPERIENCE RANGE SPEED CRUSH_DECELERATE RESIST_KNOCKBACK SPELL_DAMAGE RECHARGE_TIME PRODUCTION HEALTH VISION BOUNTY_PERCENTAGE MINIMUM_CRUSH_VELOCITY AUTO_HEAL
0x00ead078	0x012ad078	18	NAME_TABLE	1.0	yes	1	ATTRIBUTE_NONE	AUTO_HEAL	ATTRIBUTE_NONE ARMOR DAMAGE_ADD DAMAGE_MULT RESIST_FEAR EXPERIENCE RANGE SPEED CRUSH_DECELERATE RESIST_KNOCKBACK SPELL_DAMAGE RECHARGE_TIME PRODUCTION HEALTH VISION BOUNTY_PERCENTAGE MINIMUM_CRUSH_VELOCITY AUTO_HEAL
0x00ead528	0x012ad528	18	NAME_TABLE	1.0	yes	1	ATTRIBUTE_NONE	AUTO_HEAL	ATTRIBUTE_NONE ARMOR DAMAGE_ADD DAMAGE_MULT RESIST_FEAR EXPERIENCE RANGE SPEED CRUSH_DECELERATE RESIST_KNOCKBACK SPELL_DAMAGE RECHARGE_TIME PRODUCTION HEALTH VISION BOUNTY_PERCENTAGE MINIMUM_CRUSH_VELOCITY AUTO_HEAL
0x00ead838	0x012ad838	18	NAME_TABLE	1.0	yes	1	ATTRIBUTE_NONE	AUTO_HEAL	ATTRIBUTE_NONE ARMOR DAMAGE_ADD DAMAGE_MULT RESIST_FEAR EXPERIENCE RANGE SPEED CRUSH_DECELERATE RESIST_KNOCKBACK SPELL_DAMAGE RECHARGE_TIME PRODUCTION HEALTH VISION BOUNTY_PERCENTAGE MINIMUM_CRUSH_VELOCITY AUTO_HEAL
0x00eaddf8	0x012addf8	18	NAME_TABLE	1.0	yes	1	ATTRIBUTE_NONE	AUTO_HEAL	ATTRIBUTE_NONE ARMOR DAMAGE_ADD DAMAGE_MULT RESIST_FEAR EXPERIENCE RANGE SPEED CRUSH_DECELERATE RESIST_KNOCKBACK SPELL_DAMAGE RECHARGE_TIME PRODUCTION HEALTH VISION BOUNTY_PERCENTAGE MINIMUM_CRUSH_VELOCITY AUTO_HEAL
0x00eadfe8	0x012adfe8	18	NAME_TABLE	1.0	yes	1	ATTRIBUTE_NONE	AUTO_HEAL	ATTRIBUTE_NONE ARMOR DAMAGE_ADD DAMAGE_MULT RESIST_FEAR EXPERIENCE RANGE SPEED CRUSH_DECELERATE RESIST_KNOCKBACK SPELL_DAMAGE RECHARGE_TIME PRODUCTION HEALTH VISION BOUNTY_PERCENTAGE MINIMUM_CRUSH_VELOCITY AUTO_HEAL
0x00eae2f0	0x012ae2f0	18	NAME_TABLE	1.0	yes	1	ATTRIBUTE_NONE	AUTO_HEAL	ATTRIBUTE_NONE ARMOR DAMAGE_ADD DAMAGE_MULT RESIST_FEAR EXPERIENCE RANGE SPEED CRUSH_DECELERATE RESIST_KNOCKBACK SPELL_DAMAGE RECHARGE_TIME PRODUCTION HEALTH VISION BOUNTY_PERCENTAGE MINIMUM_CRUSH_VELOCITY AUTO_HEAL
0x00eaed98	0x012aed98	18	NAME_TABLE	1.0	yes	1	ATTRIBUTE_NONE	AUTO_HEAL	ATTRIBUTE_NONE ARMOR DAMAGE_ADD DAMAGE_MULT RESIST_FEAR EXPERIENCE RANGE SPEED CRUSH_DECELERATE RESIST_KNOCKBACK SPELL_DAMAGE RECHARGE_TIME PRODUCTION HEALTH VISION BOUNTY_PERCENTAGE MINIMUM_CRUSH_VELOCITY AUTO_HEAL
0x00eaef20	0x012aef20	18	NAME_TABLE	1.0	yes	1	ATTRIBUTE_NONE	AUTO_HEAL	ATTRIBUTE_NONE ARMOR DAMAGE_ADD DAMAGE_MULT RESIST_FEAR EXPERIENCE RANGE SPEED CRUSH_DECELERATE RESIST_KNOCKBACK SPELL_DAMAGE RECHARGE_TIME PRODUCTION HEALTH VISION BOUNTY_PERCENTAGE MINIMUM_CRUSH_VELOCITY AUTO_HEAL
0x00eaf018	0x012af018	18	NAME_TABLE	1.0	yes	1	ATTRIBUTE_NONE	AUTO_HEAL	ATTRIBUTE_NONE ARMOR DAMAGE_ADD DAMAGE_MULT RESIST_FEAR EXPERIENCE RANGE SPEED CRUSH_DECELERATE RESIST_KNOCKBACK SPELL_DAMAGE RECHARGE_TIME PRODUCTION HEALTH VISION BOUNTY_PERCENTAGE MINIMUM_CRUSH_VELOCITY AUTO_HEAL
0x00eaf150	0x012af150	18	NAME_TABLE	1.0	yes	1	ATTRIBUTE_NONE	AUTO_HEAL	ATTRIBUTE_NONE ARMOR DAMAGE_ADD DAMAGE_MULT RESIST_FEAR EXPERIENCE RANGE SPEED CRUSH_DECELERATE RESIST_KNOCKBACK SPELL_DAMAGE RECHARGE_TIME PRODUCTION HEALTH VISION BOUNTY_PERCENTAGE MINIMUM_CRUSH_VELOCITY AUTO_HEAL
0x00eaf290	0x012af290	18	NAME_TABLE	1.0	yes	1	ATTRIBUTE_NONE	AUTO_HEAL	ATTRIBUTE_NONE ARMOR DAMAGE_ADD DAMAGE_MULT RESIST_FEAR EXPERIENCE RANGE SPEED CRUSH_DECELERATE RESIST_KNOCKBACK SPELL_DAMAGE RECHARGE_TIME PRODUCTION HEALTH VISION BOUNTY_PERCENTAGE MINIMUM_CRUSH_VELOCITY AUTO_HEAL
0x00eaf760	0x012af760	18	NAME_TABLE	1.0	yes	1	ATTRIBUTE_NONE	AUTO_HEAL	ATTRIBUTE_NONE ARMOR DAMAGE_ADD DAMAGE_MULT RESIST_FEAR EXPERIENCE RANGE SPEED CRUSH_DECELERATE RESIST_KNOCKBACK SPELL_DAMAGE RECHARGE_TIME PRODUCTION HEALTH VISION BOUNTY_PERCENTAGE MINIMUM_CRUSH_VELOCITY AUTO_HEAL
0x00eafa78	0x012afa78	18	NAME_TABLE	1.0	yes	1	ATTRIBUTE_NONE	AUTO_HEAL	ATTRIBUTE_NONE ARMOR DAMAGE_ADD DAMAGE_MULT RESIST_FEAR EXPERIENCE RANGE SPEED CRUSH_DECELERATE RESIST_KNOCKBACK SPELL_DAMAGE RECHARGE_TIME PRODUCTION HEALTH VISION BOUNTY_PERCENTAGE MINIMUM_CRUSH_VELOCITY AUTO_HEAL
0x00eafae0	0x012afae0	18	NAME_TABLE	1.0	yes	1	ATTRIBUTE_NONE	AUTO_HEAL	ATTRIBUTE_NONE ARMOR DAMAGE_ADD DAMAGE_MULT RESIST_FEAR EXPERIENCE RANGE SPEED CRUSH_DECELERATE RESIST_KNOCKBACK SPELL_DAMAGE RECHARGE_TIME PRODUCTION HEALTH VISION BOUNTY_PERCENTAGE MINIMUM_CRUSH_VELOCITY AUTO_HEAL
0x00eafb88	0x012afb88	18	NAME_TABLE	1.0	yes	1	ATTRIBUTE_NONE	AUTO_HEAL	ATTRIBUTE_NONE ARMOR DAMAGE_ADD DAMAGE_MULT RESIST_FEAR EXPERIENCE RANGE SPEED CRUSH_DECELERATE RESIST_KNOCKBACK SPELL_DAMAGE RECHARGE_TIME PRODUCTION HEALTH VISION BOUNTY_PERCENTAGE MINIMUM_CRUSH_VELOCITY AUTO_HEAL
0x00eafc30	0x012afc30	18	NAME_TABLE	1.0	yes	1	ATTRIBUTE_NONE	AUTO_HEAL	ATTRIBUTE_NONE ARMOR DAMAGE_ADD DAMAGE_MULT RESIST_FEAR EXPERIENCE RANGE SPEED CRUSH_DECELERATE RESIST_KNOCKBACK SPELL_DAMAGE RECHARGE_TIME PRODUCTION HEALTH VISION BOUNTY_PERCENTAGE MINIMUM_CRUSH_VELOCITY AUTO_HEAL
0x00eafd00	0x012afd00	18	NAME_TABLE	1.0	yes	1	ATTRIBUTE_NONE	AUTO_HEAL	ATTRIBUTE_NONE ARMOR DAMAGE_ADD DAMAGE_MULT RESIST_FEAR EXPERIENCE RANGE SPEED CRUSH_DECELERATE RESIST_KNOCKBACK SPELL_DAMAGE RECHARGE_TIME PRODUCTION HEALTH VISION BOUNTY_PERCENTAGE MINIMUM_CRUSH_VELOCITY AUTO_HEAL
0x00eafd68	0x012afd68	18	NAME_TABLE	1.0	yes	1	ATTRIBUTE_NONE	AUTO_HEAL	ATTRIBUTE_NONE ARMOR DAMAGE_ADD DAMAGE_MULT RESIST_FEAR EXPERIENCE RANGE SPEED CRUSH_DECELERATE RESIST_KNOCKBACK SPELL_DAMAGE RECHARGE_TIME PRODUCTION HEALTH VISION BOUNTY_PERCENTAGE MINIMUM_CRUSH_VELOCITY AUTO_HEAL
0x00eafdf0	0x012afdf0	18	NAME_TABLE	1.0	yes	1	ATTRIBUTE_NONE	AUTO_HEAL	ATTRIBUTE_NONE ARMOR DAMAGE_ADD DAMAGE_MULT RESIST_FEAR EXPERIENCE RANGE SPEED CRUSH_DECELERATE RESIST_KNOCKBACK SPELL_DAMAGE RECHARGE_TIME PRODUCTION HEALTH VISION BOUNTY_PERCENTAGE MINIMUM_CRUSH_VELOCITY AUTO_HEAL
0x00eafef0	0x012afef0	18	NAME_TABLE	1.0	yes	1	ATTRIBUTE_NONE	AUTO_HEAL	ATTRIBUTE_NONE ARMOR DAMAGE_ADD DAMAGE_MULT RESIST_FEAR EXPERIENCE RANGE SPEED CRUSH_DECELERATE RESIST_KNOCKBACK SPELL_DAMAGE RECHARGE_TIME PRODUCTION HEALTH VISION BOUNTY_PERCENTAGE MINIMUM_CRUSH_VELOCITY AUTO_HEAL
0x00eafff0	0x012afff0	18	NAME_TABLE	1.0	yes	1	ATTRIBUTE_NONE	AUTO_HEAL	ATTRIBUTE_NONE ARMOR DAMAGE_ADD DAMAGE_MULT RESIST_FEAR EXPERIENCE RANGE SPEED CRUSH_DECELERATE RESIST_KNOCKBACK SPELL_DAMAGE RECHARGE_TIME PRODUCTION HEALTH VISION BOUNTY_PERCENTAGE MINIMUM_CRUSH_VELOCITY AUTO_HEAL
0x00eb0120	0x012b0120	18	NAME_TABLE	1.0	yes	1	ATTRIBUTE_NONE	AUTO_HEAL	ATTRIBUTE_NONE ARMOR DAMAGE_ADD DAMAGE_MULT RESIST_FEAR EXPERIENCE RANGE SPEED CRUSH_DECELERATE RESIST_KNOCKBACK SPELL_DAMAGE RECHARGE_TIME PRODUCTION HEALTH VISION BOUNTY_PERCENTAGE MINIMUM_CRUSH_VELOCITY AUTO_HEAL
0x00eb01c8	0x012b01c8	18	NAME_TABLE	1.0	yes	1	ATTRIBUTE_NONE	AUTO_HEAL	ATTRIBUTE_NONE ARMOR DAMAGE_ADD DAMAGE_MULT RESIST_FEAR EXPERIENCE RANGE SPEED CRUSH_DECELERATE RESIST_KNOCKBACK SPELL_DAMAGE RECHARGE_TIME PRODUCTION HEALTH VISION BOUNTY_PERCENTAGE MINIMUM_CRUSH_VELOCITY AUTO_HEAL
0x00eb02f0	0x012b02f0	18	NAME_TABLE	1.0	yes	1	ATTRIBUTE_NONE	AUTO_HEAL	ATTRIBUTE_NONE ARMOR DAMAGE_ADD DAMAGE_MULT RESIST_FEAR EXPERIENCE RANGE SPEED CRUSH_DECELERATE RESIST_KNOCKBACK SPELL_DAMAGE RECHARGE_TIME PRODUCTION HEALTH VISION BOUNTY_PERCENTAGE MINIMUM_CRUSH_VELOCITY AUTO_HEAL
0x00eb0398	0x012b0398	18	NAME_TABLE	1.0	yes	1	ATTRIBUTE_NONE	AUTO_HEAL	ATTRIBUTE_NONE ARMOR DAMAGE_ADD DAMAGE_MULT RESIST_FEAR EXPERIENCE RANGE SPEED CRUSH_DECELERATE RESIST_KNOCKBACK SPELL_DAMAGE RECHARGE_TIME PRODUCTION HEALTH VISION BOUNTY_PERCENTAGE MINIMUM_CRUSH_VELOCITY AUTO_HEAL
0x00eb0430	0x012b0430	18	NAME_TABLE	1.0	yes	1	ATTRIBUTE_NONE	AUTO_HEAL	ATTRIBUTE_NONE ARMOR DAMAGE_ADD DAMAGE_MULT RESIST_FEAR EXPERIENCE RANGE SPEED CRUSH_DECELERATE RESIST_KNOCKBACK SPELL_DAMAGE RECHARGE_TIME PRODUCTION HEALTH VISION BOUNTY_PERCENTAGE MINIMUM_CRUSH_VELOCITY AUTO_HEAL
0x00eb04d8	0x012b04d8	18	NAME_TABLE	1.0	yes	1	ATTRIBUTE_NONE	AUTO_HEAL	ATTRIBUTE_NONE ARMOR DAMAGE_ADD DAMAGE_MULT RESIST_FEAR EXPERIENCE RANGE SPEED CRUSH_DECELERATE RESIST_KNOCKBACK SPELL_DAMAGE RECHARGE_TIME PRODUCTION HEALTH VISION BOUNTY_PERCENTAGE MINIMUM_CRUSH_VELOCITY AUTO_HEAL
0x00eb0560	0x012b0560	18	NAME_TABLE	1.0	yes	1	ATTRIBUTE_NONE	AUTO_HEAL	ATTRIBUTE_NONE ARMOR DAMAGE_ADD DAMAGE_MULT RESIST_FEAR EXPERIENCE RANGE SPEED CRUSH_DECELERATE RESIST_KNOCKBACK SPELL_DAMAGE RECHARGE_TIME PRODUCTION HEALTH VISION BOUNTY_PERCENTAGE MINIMUM_CRUSH_VELOCITY AUTO_HEAL
0x00eb05e8	0x012b05e8	18	NAME_TABLE	1.0	yes	1	ATTRIBUTE_NONE	AUTO_HEAL	ATTRIBUTE_NONE ARMOR DAMAGE_ADD DAMAGE_MULT RESIST_FEAR EXPERIENCE RANGE SPEED CRUSH_DECELERATE RESIST_KNOCKBACK SPELL_DAMAGE RECHARGE_TIME PRODUCTION HEALTH VISION BOUNTY_PERCENTAGE MINIMUM_CRUSH_VELOCITY AUTO_HEAL
0x00eb06c0	0x012b06c0	18	NAME_TABLE	1.0	yes	1	ATTRIBUTE_NONE	AUTO_HEAL	ATTRIBUTE_NONE ARMOR DAMAGE_ADD DAMAGE_MULT RESIST_FEAR EXPERIENCE RANGE SPEED CRUSH_DECELERATE RESIST_KNOCKBACK SPELL_DAMAGE RECHARGE_TIME PRODUCTION HEALTH VISION BOUNTY_PERCENTAGE MINIMUM_CRUSH_VELOCITY AUTO_HEAL
0x00eb0748	0x012b0748	18	NAME_TABLE	1.0	yes	1	ATTRIBUTE_NONE	AUTO_HEAL	ATTRIBUTE_NONE ARMOR DAMAGE_ADD DAMAGE_MULT RESIST_FEAR EXPERIENCE RANGE SPEED CRUSH_DECELERATE RESIST_KNOCKBACK SPELL_DAMAGE RECHARGE_TIME PRODUCTION HEALTH VISION BOUNTY_PERCENTAGE MINIMUM_CRUSH_VELOCITY AUTO_HEAL
0x00eb07d0	0x012b07d0	18	NAME_TABLE	1.0	yes	1	ATTRIBUTE_NONE	AUTO_HEAL	ATTRIBUTE_NONE ARMOR DAMAGE_ADD DAMAGE_MULT RESIST_FEAR EXPERIENCE RANGE SPEED CRUSH_DECELERATE RESIST_KNOCKBACK SPELL_DAMAGE RECHARGE_TIME PRODUCTION HEALTH VISION BOUNTY_PERCENTAGE MINIMUM_CRUSH_VELOCITY AUTO_HEAL
0x00eb0878	0x012b0878	18	NAME_TABLE	1.0	yes	1	ATTRIBUTE_NONE	AUTO_HEAL	ATTRIBUTE_NONE ARMOR DAMAGE_ADD DAMAGE_MULT RESIST_FEAR EXPERIENCE RANGE SPEED CRUSH_DECELERATE RESIST_KNOCKBACK SPELL_DAMAGE RECHARGE_TIME PRODUCTION HEALTH VISION BOUNTY_PERCENTAGE MINIMUM_CRUSH_VELOCITY AUTO_HEAL
0x00eb09c8	0x012b09c8	18	NAME_TABLE	1.0	yes	1	ATTRIBUTE_NONE	AUTO_HEAL	ATTRIBUTE_NONE ARMOR DAMAGE_ADD DAMAGE_MULT RESIST_FEAR EXPERIENCE RANGE SPEED CRUSH_DECELERATE RESIST_KNOCKBACK SPELL_DAMAGE RECHARGE_TIME PRODUCTION HEALTH VISION BOUNTY_PERCENTAGE MINIMUM_CRUSH_VELOCITY AUTO_HEAL
0x00eb0c80	0x012b0c80	18	NAME_TABLE	1.0	yes	1	ATTRIBUTE_NONE	AUTO_HEAL	ATTRIBUTE_NONE ARMOR DAMAGE_ADD DAMAGE_MULT RESIST_FEAR EXPERIENCE RANGE SPEED CRUSH_DECELERATE RESIST_KNOCKBACK SPELL_DAMAGE RECHARGE_TIME PRODUCTION HEALTH VISION BOUNTY_PERCENTAGE MINIMUM_CRUSH_VELOCITY AUTO_HEAL
0x00eb0d08	0x012b0d08	18	NAME_TABLE	1.0	yes	1	ATTRIBUTE_NONE	AUTO_HEAL	ATTRIBUTE_NONE ARMOR DAMAGE_ADD DAMAGE_MULT RESIST_FEAR EXPERIENCE RANGE SPEED CRUSH_DECELERATE RESIST_KNOCKBACK SPELL_DAMAGE RECHARGE_TIME PRODUCTION HEALTH VISION BOUNTY_PERCENTAGE MINIMUM_CRUSH_VELOCITY AUTO_HEAL
0x00eb0db0	0x012b0db0	18	NAME_TABLE	1.0	yes	1	ATTRIBUTE_NONE	AUTO_HEAL	ATTRIBUTE_NONE ARMOR DAMAGE_ADD DAMAGE_MULT RESIST_FEAR EXPERIENCE RANGE SPEED CRUSH_DECELERATE RESIST_KNOCKBACK SPELL_DAMAGE RECHARGE_TIME PRODUCTION HEALTH VISION BOUNTY_PERCENTAGE MINIMUM_CRUSH_VELOCITY AUTO_HEAL
0x00eb0e78	0x012b0e78	18	NAME_TABLE	1.0	yes	1	ATTRIBUTE_NONE	AUTO_HEAL	ATTRIBUTE_NONE ARMOR DAMAGE_ADD DAMAGE_MULT RESIST_FEAR EXPERIENCE RANGE SPEED CRUSH_DECELERATE RESIST_KNOCKBACK SPELL_DAMAGE RECHARGE_TIME PRODUCTION HEALTH VISION BOUNTY_PERCENTAGE MINIMUM_CRUSH_VELOCITY AUTO_HEAL
0x00eb0f28	0x012b0f28	18	NAME_TABLE	1.0	yes	1	ATTRIBUTE_NONE	AUTO_HEAL	ATTRIBUTE_NONE ARMOR DAMAGE_ADD DAMAGE_MULT RESIST_FEAR EXPERIENCE RANGE SPEED CRUSH_DECELERATE RESIST_KNOCKBACK SPELL_DAMAGE RECHARGE_TIME PRODUCTION HEALTH VISION BOUNTY_PERCENTAGE MINIMUM_CRUSH_VELOCITY AUTO_HEAL
0x00eb0ff0	0x012b0ff0	18	NAME_TABLE	1.0	yes	1	ATTRIBUTE_NONE	AUTO_HEAL	ATTRIBUTE_NONE ARMOR DAMAGE_ADD DAMAGE_MULT RESIST_FEAR EXPERIENCE RANGE SPEED CRUSH_DECELERATE RESIST_KNOCKBACK SPELL_DAMAGE RECHARGE_TIME PRODUCTION HEALTH VISION BOUNTY_PERCENTAGE MINIMUM_CRUSH_VELOCITY AUTO_HEAL
0x00eb1088	0x012b1088	18	NAME_TABLE	1.0	yes	1	ATTRIBUTE_NONE	AUTO_HEAL	ATTRIBUTE_NONE ARMOR DAMAGE_ADD DAMAGE_MULT RESIST_FEAR EXPERIENCE RANGE SPEED CRUSH_DECELERATE RESIST_KNOCKBACK SPELL_DAMAGE RECHARGE_TIME PRODUCTION HEALTH VISION BOUNTY_PERCENTAGE MINIMUM_CRUSH_VELOCITY AUTO_HEAL
0x00eb12f8	0x012b12f8	18	NAME_TABLE	1.0	yes	1	ATTRIBUTE_NONE	AUTO_HEAL	ATTRIBUTE_NONE ARMOR DAMAGE_ADD DAMAGE_MULT RESIST_FEAR EXPERIENCE RANGE SPEED CRUSH_DECELERATE RESIST_KNOCKBACK SPELL_DAMAGE RECHARGE_TIME PRODUCTION HEALTH VISION BOUNTY_PERCENTAGE MINIMUM_CRUSH_VELOCITY AUTO_HEAL
0x00eb13b0	0x012b13b0	18	NAME_TABLE	1.0	yes	1	ATTRIBUTE_NONE	AUTO_HEAL	ATTRIBUTE_NONE ARMOR DAMAGE_ADD DAMAGE_MULT RESIST_FEAR EXPERIENCE RANGE SPEED CRUSH_DECELERATE RESIST_KNOCKBACK SPELL_DAMAGE RECHARGE_TIME PRODUCTION HEALTH VISION BOUNTY_PERCENTAGE MINIMUM_CRUSH_VELOCITY AUTO_HEAL
0x00eb14a0	0x012b14a0	18	NAME_TABLE	1.0	yes	1	ATTRIBUTE_NONE	AUTO_HEAL	ATTRIBUTE_NONE ARMOR DAMAGE_ADD DAMAGE_MULT RESIST_FEAR EXPERIENCE RANGE SPEED CRUSH_DECELERATE RESIST_KNOCKBACK SPELL_DAMAGE RECHARGE_TIME PRODUCTION HEALTH VISION BOUNTY_PERCENTAGE MINIMUM_CRUSH_VELOCITY AUTO_HEAL
0x00eb1760	0x012b1760	18	NAME_TABLE	1.0	yes	1	ATTRIBUTE_NONE	AUTO_HEAL	ATTRIBUTE_NONE ARMOR DAMAGE_ADD DAMAGE_MULT RESIST_FEAR EXPERIENCE RANGE SPEED CRUSH_DECELERATE RESIST_KNOCKBACK SPELL_DAMAGE RECHARGE_TIME PRODUCTION HEALTH VISION BOUNTY_PERCENTAGE MINIMUM_CRUSH_VELOCITY AUTO_HEAL
0x00eb19a8	0x012b19a8	18	NAME_TABLE	1.0	yes	1	ATTRIBUTE_NONE	AUTO_HEAL	ATTRIBUTE_NONE ARMOR DAMAGE_ADD DAMAGE_MULT RESIST_FEAR EXPERIENCE RANGE SPEED CRUSH_DECELERATE RESIST_KNOCKBACK SPELL_DAMAGE RECHARGE_TIME PRODUCTION HEALTH VISION BOUNTY_PERCENTAGE MINIMUM_CRUSH_VELOCITY AUTO_HEAL
0x00eb1ec8	0x012b1ec8	18	NAME_TABLE	1.0	yes	1	ATTRIBUTE_NONE	AUTO_HEAL	ATTRIBUTE_NONE ARMOR DAMAGE_ADD DAMAGE_MULT RESIST_FEAR EXPERIENCE RANGE SPEED CRUSH_DECELERATE RESIST_KNOCKBACK SPELL_DAMAGE RECHARGE_TIME PRODUCTION HEALTH VISION BOUNTY_PERCENTAGE MINIMUM_CRUSH_VELOCITY AUTO_HEAL
0x00eb2138	0x012b2138	18	NAME_TABLE	1.0	yes	1	ATTRIBUTE_NONE	AUTO_HEAL	ATTRIBUTE_NONE ARMOR DAMAGE_ADD DAMAGE_MULT RESIST_FEAR EXPERIENCE RANGE SPEED CRUSH_DECELERATE RESIST_KNOCKBACK SPELL_DAMAGE RECHARGE_TIME PRODUCTION HEALTH VISION BOUNTY_PERCENTAGE MINIMUM_CRUSH_VELOCITY AUTO_HEAL
0x00eb2488	0x012b2488	18	NAME_TABLE	1.0	yes	1	ATTRIBUTE_NONE	AUTO_HEAL	ATTRIBUTE_NONE ARMOR DAMAGE_ADD DAMAGE_MULT RESIST_FEAR EXPERIENCE RANGE SPEED CRUSH_DECELERATE RESIST_KNOCKBACK SPELL_DAMAGE RECHARGE_TIME PRODUCTION HEALTH VISION BOUNTY_PERCENTAGE MINIMUM_CRUSH_VELOCITY AUTO_HEAL
0x00eb2790	0x012b2790	18	NAME_TABLE	1.0	yes	1	ATTRIBUTE_NONE	AUTO_HEAL	ATTRIBUTE_NONE ARMOR DAMAGE_ADD DAMAGE_MULT RESIST_FEAR EXPERIENCE RANGE SPEED CRUSH_DECELERATE RESIST_KNOCKBACK SPELL_DAMAGE RECHARGE_TIME PRODUCTION HEALTH VISION BOUNTY_PERCENTAGE MINIMUM_CRUSH_VELOCITY AUTO_HEAL
0x00eb2a80	0x012b2a80	18	NAME_TABLE	1.0	yes	1	ATTRIBUTE_NONE	AUTO_HEAL	ATTRIBUTE_NONE ARMOR DAMAGE_ADD DAMAGE_MULT RESIST_FEAR EXPERIENCE RANGE SPEED CRUSH_DECELERATE RESIST_KNOCKBACK SPELL_DAMAGE RECHARGE_TIME PRODUCTION HEALTH VISION BOUNTY_PERCENTAGE MINIMUM_CRUSH_VELOCITY AUTO_HEAL
0x00eb3270	0x012b3270	18	NAME_TABLE	1.0	yes	1	ATTRIBUTE_NONE	AUTO_HEAL	ATTRIBUTE_NONE ARMOR DAMAGE_ADD DAMAGE_MULT RESIST_FEAR EXPERIENCE RANGE SPEED CRUSH_DECELERATE RESIST_KNOCKBACK SPELL_DAMAGE RECHARGE_TIME PRODUCTION HEALTH VISION BOUNTY_PERCENTAGE MINIMUM_CRUSH_VELOCITY AUTO_HEAL
0x00eb3428	0x012b3428	18	NAME_TABLE	1.0	yes	1	ATTRIBUTE_NONE	AUTO_HEAL	ATTRIBUTE_NONE ARMOR DAMAGE_ADD DAMAGE_MULT RESIST_FEAR EXPERIENCE RANGE SPEED CRUSH_DECELERATE RESIST_KNOCKBACK SPELL_DAMAGE RECHARGE_TIME PRODUCTION HEALTH VISION BOUNTY_PERCENTAGE MINIMUM_CRUSH_VELOCITY AUTO_HEAL
0x00eb3630	0x012b3630	18	NAME_TABLE	1.0	yes	1	ATTRIBUTE_NONE	AUTO_HEAL	ATTRIBUTE_NONE ARMOR DAMAGE_ADD DAMAGE_MULT RESIST_FEAR EXPERIENCE RANGE SPEED CRUSH_DECELERATE RESIST_KNOCKBACK SPELL_DAMAGE RECHARGE_TIME PRODUCTION HEALTH VISION BOUNTY_PERCENTAGE MINIMUM_CRUSH_VELOCITY AUTO_HEAL
0x00eb37c8	0x012b37c8	18	NAME_TABLE	1.0	yes	1	ATTRIBUTE_NONE	AUTO_HEAL	ATTRIBUTE_NONE ARMOR DAMAGE_ADD DAMAGE_MULT RESIST_FEAR EXPERIENCE RANGE SPEED CRUSH_DECELERATE RESIST_KNOCKBACK SPELL_DAMAGE RECHARGE_TIME PRODUCTION HEALTH VISION BOUNTY_PERCENTAGE MINIMUM_CRUSH_VELOCITY AUTO_HEAL
0x00eb3858	0x012b3858	18	NAME_TABLE	1.0	yes	1	ATTRIBUTE_NONE	AUTO_HEAL	ATTRIBUTE_NONE ARMOR DAMAGE_ADD DAMAGE_MULT RESIST_FEAR EXPERIENCE RANGE SPEED CRUSH_DECELERATE RESIST_KNOCKBACK SPELL_DAMAGE RECHARGE_TIME PRODUCTION HEALTH VISION BOUNTY_PERCENTAGE MINIMUM_CRUSH_VELOCITY AUTO_HEAL
0x00eb39f8	0x012b39f8	18	NAME_TABLE	1.0	yes	1	ATTRIBUTE_NONE	AUTO_HEAL	ATTRIBUTE_NONE ARMOR DAMAGE_ADD DAMAGE_MULT RESIST_FEAR EXPERIENCE RANGE SPEED CRUSH_DECELERATE RESIST_KNOCKBACK SPELL_DAMAGE RECHARGE_TIME PRODUCTION HEALTH VISION BOUNTY_PERCENTAGE MINIMUM_CRUSH_VELOCITY AUTO_HEAL
0x00eb3ac0	0x012b3ac0	18	NAME_TABLE	1.0	yes	1	ATTRIBUTE_NONE	AUTO_HEAL	ATTRIBUTE_NONE ARMOR DAMAGE_ADD DAMAGE_MULT RESIST_FEAR EXPERIENCE RANGE SPEED CRUSH_DECELERATE RESIST_KNOCKBACK SPELL_DAMAGE RECHARGE_TIME PRODUCTION HEALTH VISION BOUNTY_PERCENTAGE MINIMUM_CRUSH_VELOCITY AUTO_HEAL
0x00eb3b98	0x012b3b98	18	NAME_TABLE	1.0	yes	1	ATTRIBUTE_NONE	AUTO_HEAL	ATTRIBUTE_NONE ARMOR DAMAGE_ADD DAMAGE_MULT RESIST_FEAR EXPERIENCE RANGE SPEED CRUSH_DECELERATE RESIST_KNOCKBACK SPELL_DAMAGE RECHARGE_TIME PRODUCTION HEALTH VISION BOUNTY_PERCENTAGE MINIMUM_CRUSH_VELOCITY AUTO_HEAL
0x00eb4040	0x012b4040	18	NAME_TABLE	1.0	yes	1	ATTRIBUTE_NONE	AUTO_HEAL	ATTRIBUTE_NONE ARMOR DAMAGE_ADD DAMAGE_MULT RESIST_FEAR EXPERIENCE RANGE SPEED CRUSH_DECELERATE RESIST_KNOCKBACK SPELL_DAMAGE RECHARGE_TIME PRODUCTION HEALTH VISION BOUNTY_PERCENTAGE MINIMUM_CRUSH_VELOCITY AUTO_HEAL
0x00eb40b0	0x012b40b0	18	NAME_TABLE	1.0	yes	1	ATTRIBUTE_NONE	AUTO_HEAL	ATTRIBUTE_NONE ARMOR DAMAGE_ADD DAMAGE_MULT RESIST_FEAR EXPERIENCE RANGE SPEED CRUSH_DECELERATE RESIST_KNOCKBACK SPELL_DAMAGE RECHARGE_TIME PRODUCTION HEALTH VISION BOUNTY_PERCENTAGE MINIMUM_CRUSH_VELOCITY AUTO_HEAL
0x00eb4258	0x012b4258	18	NAME_TABLE	1.0	yes	1	ATTRIBUTE_NONE	AUTO_HEAL	ATTRIBUTE_NONE ARMOR DAMAGE_ADD DAMAGE_MULT RESIST_FEAR EXPERIENCE RANGE SPEED CRUSH_DECELERATE RESIST_KNOCKBACK SPELL_DAMAGE RECHARGE_TIME PRODUCTION HEALTH VISION BOUNTY_PERCENTAGE MINIMUM_CRUSH_VELOCITY AUTO_HEAL
0x00eb4328	0x012b4328	18	NAME_TABLE	1.0	yes	1	ATTRIBUTE_NONE	AUTO_HEAL	ATTRIBUTE_NONE ARMOR DAMAGE_ADD DAMAGE_MULT RESIST_FEAR EXPERIENCE RANGE SPEED CRUSH_DECELERATE RESIST_KNOCKBACK SPELL_DAMAGE RECHARGE_TIME PRODUCTION HEALTH VISION BOUNTY_PERCENTAGE MINIMUM_CRUSH_VELOCITY AUTO_HEAL
0x00eb4500	0x012b4500	18	NAME_TABLE	1.0	yes	1	ATTRIBUTE_NONE	AUTO_HEAL	ATTRIBUTE_NONE ARMOR DAMAGE_ADD DAMAGE_MULT RESIST_FEAR EXPERIENCE RANGE SPEED CRUSH_DECELERATE RESIST_KNOCKBACK SPELL_DAMAGE RECHARGE_TIME PRODUCTION HEALTH VISION BOUNTY_PERCENTAGE MINIMUM_CRUSH_VELOCITY AUTO_HEAL
0x00eb4608	0x012b4608	18	NAME_TABLE	1.0	yes	1	ATTRIBUTE_NONE	AUTO_HEAL	ATTRIBUTE_NONE ARMOR DAMAGE_ADD DAMAGE_MULT RESIST_FEAR EXPERIENCE RANGE SPEED CRUSH_DECELERATE RESIST_KNOCKBACK SPELL_DAMAGE RECHARGE_TIME PRODUCTION HEALTH VISION BOUNTY_PERCENTAGE MINIMUM_CRUSH_VELOCITY AUTO_HEAL
0x00eb4968	0x012b4968	18	NAME_TABLE	1.0	yes	1	ATTRIBUTE_NONE	AUTO_HEAL	ATTRIBUTE_NONE ARMOR DAMAGE_ADD DAMAGE_MULT RESIST_FEAR EXPERIENCE RANGE SPEED CRUSH_DECELERATE RESIST_KNOCKBACK SPELL_DAMAGE RECHARGE_TIME PRODUCTION HEALTH VISION BOUNTY_PERCENTAGE MINIMUM_CRUSH_VELOCITY AUTO_HEAL
0x00eb4f10	0x012b4f10	18	NAME_TABLE	1.0	yes	1	ATTRIBUTE_NONE	AUTO_HEAL	ATTRIBUTE_NONE ARMOR DAMAGE_ADD DAMAGE_MULT RESIST_FEAR EXPERIENCE RANGE SPEED CRUSH_DECELERATE RESIST_KNOCKBACK SPELL_DAMAGE RECHARGE_TIME PRODUCTION HEALTH VISION BOUNTY_PERCENTAGE MINIMUM_CRUSH_VELOCITY AUTO_HEAL
0x00eb5460	0x012b5460	18	NAME_TABLE	1.0	yes	1	ATTRIBUTE_NONE	AUTO_HEAL	ATTRIBUTE_NONE ARMOR DAMAGE_ADD DAMAGE_MULT RESIST_FEAR EXPERIENCE RANGE SPEED CRUSH_DECELERATE RESIST_KNOCKBACK SPELL_DAMAGE RECHARGE_TIME PRODUCTION HEALTH VISION BOUNTY_PERCENTAGE MINIMUM_CRUSH_VELOCITY AUTO_HEAL
0x00eb6168	0x012b6168	18	NAME_TABLE	1.0	yes	1	ATTRIBUTE_NONE	AUTO_HEAL	ATTRIBUTE_NONE ARMOR DAMAGE_ADD DAMAGE_MULT RESIST_FEAR EXPERIENCE RANGE SPEED CRUSH_DECELERATE RESIST_KNOCKBACK SPELL_DAMAGE RECHARGE_TIME PRODUCTION HEALTH VISION BOUNTY_PERCENTAGE MINIMUM_CRUSH_VELOCITY AUTO_HEAL
0x00eb62b0	0x012b62b0	18	NAME_TABLE	1.0	yes	1	ATTRIBUTE_NONE	AUTO_HEAL	ATTRIBUTE_NONE ARMOR DAMAGE_ADD DAMAGE_MULT RESIST_FEAR EXPERIENCE RANGE SPEED CRUSH_DECELERATE RESIST_KNOCKBACK SPELL_DAMAGE RECHARGE_TIME PRODUCTION HEALTH VISION BOUNTY_PERCENTAGE MINIMUM_CRUSH_VELOCITY AUTO_HEAL
0x00eb6388	0x012b6388	18	NAME_TABLE	1.0	yes	1	ATTRIBUTE_NONE	AUTO_HEAL	ATTRIBUTE_NONE ARMOR DAMAGE_ADD DAMAGE_MULT RESIST_FEAR EXPERIENCE RANGE SPEED CRUSH_DECELERATE RESIST_KNOCKBACK SPELL_DAMAGE RECHARGE_TIME PRODUCTION HEALTH VISION BOUNTY_PERCENTAGE MINIMUM_CRUSH_VELOCITY AUTO_HEAL
0x00eb6670	0x012b6670	18	NAME_TABLE	1.0	yes	1	ATTRIBUTE_NONE	AUTO_HEAL	ATTRIBUTE_NONE ARMOR DAMAGE_ADD DAMAGE_MULT RESIST_FEAR EXPERIENCE RANGE SPEED CRUSH_DECELERATE RESIST_KNOCKBACK SPELL_DAMAGE RECHARGE_TIME PRODUCTION HEALTH VISION BOUNTY_PERCENTAGE MINIMUM_CRUSH_VELOCITY AUTO_HEAL
0x00eb8218	0x012b8218	18	NAME_TABLE	1.0	yes	1	ATTRIBUTE_NONE	AUTO_HEAL	ATTRIBUTE_NONE ARMOR DAMAGE_ADD DAMAGE_MULT RESIST_FEAR EXPERIENCE RANGE SPEED CRUSH_DECELERATE RESIST_KNOCKBACK SPELL_DAMAGE RECHARGE_TIME PRODUCTION HEALTH VISION BOUNTY_PERCENTAGE MINIMUM_CRUSH_VELOCITY AUTO_HEAL
0x00eb8760	0x012b8760	18	NAME_TABLE	1.0	yes	1	ATTRIBUTE_NONE	AUTO_HEAL	ATTRIBUTE_NONE ARMOR DAMAGE_ADD DAMAGE_MULT RESIST_FEAR EXPERIENCE RANGE SPEED CRUSH_DECELERATE RESIST_KNOCKBACK SPELL_DAMAGE RECHARGE_TIME PRODUCTION HEALTH VISION BOUNTY_PERCENTAGE MINIMUM_CRUSH_VELOCITY AUTO_HEAL
0x00eba9d0	0x012ba9d0	18	NAME_TABLE	1.0	yes	1	ATTRIBUTE_NONE	AUTO_HEAL	ATTRIBUTE_NONE ARMOR DAMAGE_ADD DAMAGE_MULT RESIST_FEAR EXPERIENCE RANGE SPEED CRUSH_DECELERATE RESIST_KNOCKBACK SPELL_DAMAGE RECHARGE_TIME PRODUCTION HEALTH VISION BOUNTY_PERCENTAGE MINIMUM_CRUSH_VELOCITY AUTO_HEAL
0x00ea73e4	0x012a73e4	17	NAME_TABLE	1.0	yes	1	VeryLow	K7	VeryLow Low Medium High UltraHigh Custom VeryLow Low Medium High VeryHigh Low High XX P3 P4 K7
0x00ea7098	0x012a7098	16	NAME_TABLE	1.0	yes	1	SWORD_SLASH	UNDEFINED	SWORD_SLASH WITCH_KING_MORGUL_BLADE REFLECTED GOOD_ARROW_PIERCE EVIL_ARROW_PIERCE SMALL_ROCK BIG_ROCK CLUBBING FLAME MAGIC BALROG_SWORD BALROG_WHIP ELECTRIC GIMLI_LEAP STRUCTURAL UNDEFINED
0x00eac3c8	0x012ac3c8	16	NAME_TABLE	1.0	yes	1	NONE	OBSOLETE	NONE STRUCTURE UNIT SHRUBBERY MISC_MAN_MADE MISC_NATURAL DEBRIS SYSTEM AUDIO TEST FOR_REVIEW ROAD WAYPOINT EMITTERS SCORCH OBSOLETE
0x00eac510	0x012ac510	16	NAME_TABLE	1.0	yes	1	UNSPECIFIED	BUFF	UNSPECIFIED HORDE_UNIT CHARACTER_UNIT CAVALRY_UNIT MEDIUM_MONSTER LARGE_MONSTER PROP CIV_BUILDING WALL_PIECE FACTION_BUILDING LANDMARK_BUILDING GROUND_COVER BUSH TREE MACHINE BUFF
0x00ead300	0x012ad300	16	NAME_TABLE	1.0	yes	1	SWORD_SLASH	UNDEFINED	SWORD_SLASH WITCH_KING_MORGUL_BLADE REFLECTED GOOD_ARROW_PIERCE EVIL_ARROW_PIERCE SMALL_ROCK BIG_ROCK CLUBBING FLAME MAGIC BALROG_SWORD BALROG_WHIP ELECTRIC GIMLI_LEAP STRUCTURAL UNDEFINED
0x00eb33e0	0x012b33e0	16	NAME_TABLE	1.0	yes	1	SWORD_SLASH	UNDEFINED	SWORD_SLASH WITCH_KING_MORGUL_BLADE REFLECTED GOOD_ARROW_PIERCE EVIL_ARROW_PIERCE SMALL_ROCK BIG_ROCK CLUBBING FLAME MAGIC BALROG_SWORD BALROG_WHIP ELECTRIC GIMLI_LEAP STRUCTURAL UNDEFINED
0x00eb3510	0x012b3510	16	NAME_TABLE	1.0	yes	1	SWORD_SLASH	UNDEFINED	SWORD_SLASH WITCH_KING_MORGUL_BLADE REFLECTED GOOD_ARROW_PIERCE EVIL_ARROW_PIERCE SMALL_ROCK BIG_ROCK CLUBBING FLAME MAGIC BALROG_SWORD BALROG_WHIP ELECTRIC GIMLI_LEAP STRUCTURAL UNDEFINED
0x00eb5a68	0x012b5a68	16	NAME_TABLE	1.0	yes	1	PUSHBUTTON	COMBOBOX	PUSHBUTTON RADIOBUTTON CHECKBOX VERTSLIDER HORZSLIDER SCROLLLISTBOX ENTRYFIELD STATICTEXT PROGRESSBAR USER MOUSETRACK ANIMATED TABSTOP TABCONTROL TABPANE COMBOBOX
0x00ead164	0x012ad164	15	NAME_TABLE	1.0	no	1	LIKE_EXISTING	SPAWN_AROUND	LIKE_EXISTING ON_GROUND_ALIGNED SEND_IT_FLYING SEND_IT_UP SEND_IT_OUT RANDOM_FORCE FLOATING INHERIT_VELOCITY FORWARD_IMPACT REVERSE_IMPACT BUILDING_CHUNKS FADE_AND_DIE_ORNAMENT ANIMATED SET_ANGLE SPAWN_AROUND
0x00eacf84	0x012acf84	14	NAME_TABLE	1.0	yes	1	NO_FORMATION	UNUSED	NO_FORMATION CAVALRY1 CAVALRY2 CAVALRY3 MELEE1 MELEE2 MELEE3 RANGED1 RANGED2 RANGED3 ARTILLERY1 ARTILLERY2 ARTILLERY3 UNUSED
0x00eb1220	0x012b1220	14	NAME_TABLE	1.0	yes	1	SET_NORMAL	SET_COMBO3	SET_NORMAL SET_NORMAL_UPGRADED SET_FREEFALL SET_WANDER SET_PANIC SET_TAXIING SET_SUPERSONIC SET_MOUNTED SET_ENRAGED SET_SCARED SET_CONTAINED SET_COMBO SET_COMBO2 SET_COMBO3
0x00eb4f5c	0x012b4f5c	14	NAME_TABLE	1.0	yes	1	DefaultHeal	CarBomb	DefaultHeal StructureHeal VehicleHeal Demoralized_OBSOLETE BombTimed BombRemote Disabled BattlePlanIcon_Bombard BattlePlanIcon_HoldTheLine BattlePlanIcon_SeekAndDestroy Emoticon Enthusiastic Subliminal CarBomb
0x00eac304	0x012ac304	13	NAME_TABLE	1.0	yes	1	SHADOW_DECAL	SHADOW_MERGE_DECAL	SHADOW_DECAL SHADOW_VOLUME SHADOW_VOLUME_NEW SHADOW_DYNAMIC_PROJECTION SHADOW_DIRECTIONAL_PROJECTION SHADOW_ALPHA_DECAL SHADOW_ADDITIVE_DECAL SHADOW_VOLUME_NON_SELF_1 SHADOW_VOLUME_NON_SELF_2 SHADOW_VOLUME_NON_SELF_3 SHADOW_ALPHA_DECAL_DYNAMIC SHADOW_ADDITIVE_DECAL_DYNAMIC SHADOW_MERGE_DECAL
0x00ead114	0x012ad114	13	NAME_TABLE	1.0	yes	1	SHADOW_DECAL	SHADOW_MERGE_DECAL	SHADOW_DECAL SHADOW_VOLUME SHADOW_VOLUME_NEW SHADOW_DYNAMIC_PROJECTION SHADOW_DIRECTIONAL_PROJECTION SHADOW_ALPHA_DECAL SHADOW_ADDITIVE_DECAL SHADOW_VOLUME_NON_SELF_1 SHADOW_VOLUME_NON_SELF_2 SHADOW_VOLUME_NON_SELF_3 SHADOW_ALPHA_DECAL_DYNAMIC SHADOW_ADDITIVE_DECAL_DYNAMIC SHADOW_MERGE_DECAL
0x00eb5424	0x012b5424	13	NAME_TABLE	1.0	yes	1	SHADOW_DECAL	SHADOW_MERGE_DECAL	SHADOW_DECAL SHADOW_VOLUME SHADOW_VOLUME_NEW SHADOW_DYNAMIC_PROJECTION SHADOW_DIRECTIONAL_PROJECTION SHADOW_ALPHA_DECAL SHADOW_ADDITIVE_DECAL SHADOW_VOLUME_NON_SELF_1 SHADOW_VOLUME_NON_SELF_2 SHADOW_VOLUME_NON_SELF_3 SHADOW_ALPHA_DECAL_DYNAMIC SHADOW_ADDITIVE_DECAL_DYNAMIC SHADOW_MERGE_DECAL
0x00eb55d8	0x012b55d8	13	NAME_TABLE	1.0	yes	1	SHADOW_DECAL	SHADOW_MERGE_DECAL	SHADOW_DECAL SHADOW_VOLUME SHADOW_VOLUME_NEW SHADOW_DYNAMIC_PROJECTION SHADOW_DIRECTIONAL_PROJECTION SHADOW_ALPHA_DECAL SHADOW_ADDITIVE_DECAL SHADOW_VOLUME_NON_SELF_1 SHADOW_VOLUME_NON_SELF_2 SHADOW_VOLUME_NON_SELF_3 SHADOW_ALPHA_DECAL_DYNAMIC SHADOW_ADDITIVE_DECAL_DYNAMIC SHADOW_MERGE_DECAL
0x00ebb584	0x012bb584	13	NAME_TABLE	1.0	yes	1	SHADOW_DECAL	SHADOW_MERGE_DECAL	SHADOW_DECAL SHADOW_VOLUME SHADOW_VOLUME_NEW SHADOW_DYNAMIC_PROJECTION SHADOW_DIRECTIONAL_PROJECTION SHADOW_ALPHA_DECAL SHADOW_ADDITIVE_DECAL SHADOW_VOLUME_NON_SELF_1 SHADOW_VOLUME_NON_SELF_2 SHADOW_VOLUME_NON_SELF_3 SHADOW_ALPHA_DECAL_DYNAMIC SHADOW_ADDITIVE_DECAL_DYNAMIC SHADOW_MERGE_DECAL
0x00ea742c	0x012a742c	12	NAME_TABLE	1.0	yes	1	XX	R400	XX GF2 R100 PS11 GFXB GF3 R200 GF4 PS14 PS20 R300 R400
0x00ee4198	0x012e4198	12	NAME_TABLE	1.0	yes	1	tex1D	FRAGMENT	tex1D tex2D tex3D texCUBE bias proj UNKNOWN COLOR DEPTH TEXCOORD VOID FRAGMENT
0x00ea68d8	0x012a68d8	11	NAME_TABLE	1.0	yes	1	VETERAN	AS_TOWER	VETERAN ELITE HERO PLAYER_UPGRADE WEAK_VERSUS_BASEDEFENSES ALTERNATE_FORMATION MOUNTED PLAYER_UPGRADE_2 PLAYER_UPGRADE_3 UNBESIEGEABLE AS_TOWER
0x00ea8234	0x012a8234	11	NAME_TABLE	1.0	yes	1	UI	DEFAULT	UI WORLD SHROUDED GLOBAL VOICE PLAYER ALLIES ENEMIES EVERYONE FAKE DEFAULT
0x00ea9200	0x012a9200	11	NAME_TABLE	1.0	yes	1	DEFAULT	DISABLED_SCRIPT_UNDERPOWERED	DEFAULT DISABLED_UNUSED DISABLED_EMP DISABLED_HELD DISABLED_PARALYZED DISABLED_UNMANNED DISABLED_UNDERPOWERED DISABLED_FREEFALL DISABLED_TEMPORARILY_BUSY DISABLED_SCRIPT_DISABLED DISABLED_SCRIPT_UNDERPOWERED
0x00ead47c	0x012ad47c	11	NAME_TABLE	1.0	yes	1	ALLIES	MONSTERS	ALLIES ENEMIES NEUTRAL STRUCTURES SHRUBBERY PROJECTILES WALLS SMALL_MISSILES BALLISTIC_MISSILES CONTROLLED_STRUCTURES MONSTERS
0x00eb400c	0x012b400c	11	NAME_TABLE	1.0	yes	1	NONE	LEFT_DESTROYED	NONE DISABLED IRRADIATED POISONED FRENZY FRENZY_ALWAYS_ONUSER_SPECIFIED NONE FRONT_DESTROYED RIGHT_DESTROYED BACK_DESTROYED LEFT_DESTROYED
0x00eb7f9c	0x012b7f9c	11	NAME_TABLE	1.0	no	1	NumOfPlayers	NumberFormatter	NumOfPlayers ShowSaveReplay ShowCampaign ScoreGrandTotal heroVetCount unitsVetCount PlayerFaction numberOfObjectives ShowVictory objectivesPerScore NumberFormatter
0x00ec6fe8	0x012c6fe8	11	UNCERTAIN	0.0	no	1	Iterators used in expression are from different owners	Size of block passed to deallocate() doesn't match block size	Iterators used in expression are from different owners Iterator could not be dereferenced (past-the-end ?) Range [first,last) is invalid Iterator is not in range [first,last) Range [first,last) is not in range [start,finish) The advance would produce invalid iterator Iterator is singular (advanced beyond the bounds ?) Memory block deallocated twice Deallocating a block that was never allocated Deallocating a memory block allocated for another type Size of block passed to deallocate() doesn't match block size
0x00ed6f48	0x012d6f48	11	UNCERTAIN	0.818	yes	1	Unknown	Rendition	Unknown NVidia ATI Intel S3 PowerVR Matrox 3Dfx 3DLabs CirrusLogic Rendition
0x00ea687c	0x012a687c	10	NAME_TABLE	1.0	yes	1	TAUNT	ALERT	TAUNT CHEER HERO_CHEER POINT FEAR UNCONTROLLABLE_FEAR TERROR DOOM QUARRELSOME ALERT
0x00ea7538	0x012a7538	10	NAME_TABLE	1.0	yes	1	NONE	DISABLE	NONE MIN STRETCH_NO_CLOUDS HALF_CLOUDS NO_CLOUDS STRETCH_CLOUDS NO_WATER MAX AUTOMATIC DISABLE
0x00eabfb0	0x012abfb0	10	UNCERTAIN	0.5	yes	1	SG_EOF	X	SG_EOF .sav 00000000 Save\ Maps\ UserData\Maps\ S M U X
0x00eacee4	0x012acee4	10	NAME_TABLE	1.0	yes	1	TWO_LEGS	OTHER	TWO_LEGS FOUR_WHEELS HOVER WINGS FOUR_LEGS_HUGE GIANT_BIRD HORDE HUGE_TWO_LEGS TREADS OTHER
0x00ead450	0x012ad450	10	NAME_TABLE	1.0	yes	1	SELF	MINES	SELF ALLIES ENEMIES NEUTRALS SUICIDE NOT_SIMILAR NOT_AIRBORNE PROJECTILES SAME_HEIGHT_ONLY MINES
0x00eb6b44	0x012b6b44	10	NAME_TABLE	0.9	yes	1	LanGameOptionsMenu.wnd	StaticTextMapPreview	LanGameOptionsMenu.wnd LanGameOptionsMenuParent MapWindow StaticTextTeam StaticTextFaction StaticTextColor TextEntryMapDisplay ButtonSelectMap ButtonStart StaticTextMapPreview
0x00eb6ffc	0x012b6ffc	10	NAME_TABLE	1.0	yes	1	Private	Commander	Private Corporal Sergeant Lieutenant Captain Major Colonel General Brigadier Commander
0x00eacf10	0x012acf10	9	NAME_TABLE	1.0	yes	1	NO_Z_MOTIVE_FORCE	FLOATING_Z	NO_Z_MOTIVE_FORCE SEA_LEVEL SURFACE_RELATIVE_HEIGHT ABSOLUTE_HEIGHT FIXED_SURFACE_RELATIVE_HEIGHT FIXED_ABSOLUTE_HEIGHT FIXED_RELATIVE_TO_GROUND_AND_BUILDINGS RELATIVE_TO_HIGHEST_LAYER FLOATING_Z
0x00eb2228	0x012b2228	9	NAME_TABLE	1.0	yes	1	ATTACKING	HORDEBRAIN_NOT_STEALTHED	ATTACKING MOVING USING_ABILITY FIRING_PRIMARY FIRING_SECONDARY FIRING_TERTIARY MOUNTED AWAY_FROM_TREES HORDEBRAIN_NOT_STEALTHED
0x00eb22a0	0x012b22a0	9	NAME_TABLE	1.0	yes	1	ATTACKING	HORDEBRAIN_NOT_STEALTHED	ATTACKING MOVING USING_ABILITY FIRING_PRIMARY FIRING_SECONDARY FIRING_TERTIARY MOUNTED AWAY_FROM_TREES HORDEBRAIN_NOT_STEALTHED
0x00eb6a84	0x012b6a84	9	UNCERTAIN	0.889	yes	1	WOLQuickMatchMenu.wnd	ButtonStart	WOLQuickMatchMenu.wnd WOLQuickMatchMenuParent StaticTextTitle ButtonBack ButtonOptions ButtonBuddies ButtonWiden ButtonStop ButtonStart
0x00eb90e0	0x012b90e0	9	NAME_TABLE	1.0	yes	1	ZOOMED_IN	EVIL_CAMPAIGN	ZOOMED_IN ZOOMED_OUT ZOOMING_IN VISIBLE ONCE NO_KILL FADE_IN GOOD_CAMPAIGN EVIL_CAMPAIGN
0x00eb92a4	0x012b92a4	9	UNCERTAIN	0.0	yes	1	Menus/PopupPlayerInfo.wnd	Menus/OptionsMenu.wnd	Menus/PopupPlayerInfo.wnd Menus/WOLMapSelectMenu.wnd Menus/WOLBuddyOverlay.wnd Menus/WOLPageOverlay.wnd Menus/PopupHostGame.wnd Menus/PopupJoinGame.wnd Menus/PopupLadderSelect.wnd Menus/PopupLocaleSelect.wnd Menus/OptionsMenu.wnd
0x00ebb5dc	0x012bb5dc	9	NAME_TABLE	1.0	yes	1	RANDOMSTART	MAINTAIN_FRAME_ACROSS_STATES4	RANDOMSTART START_FRAME_FIRST START_FRAME_LAST ADJUST_HEIGHT_BY_CONSTRUCTION_PERCENT MAINTAIN_FRAME_ACROSS_STATES RESTART_ANIM_WHEN_COMPLETE MAINTAIN_FRAME_ACROSS_STATES2 MAINTAIN_FRAME_ACROSS_STATES3 MAINTAIN_FRAME_ACROSS_STATES4
0x00ed4d6c	0x012d4d6c	9	NAME_TABLE	1.0	yes	1	SymInitialize	SymCleanup	SymInitialize SymGetOptions SymSetOptions StackWalk SymFunctionTableAccess SymGetModuleBase SymGetSymFromAddr SymGetLineFromAddr SymCleanup
0x00ed9908	0x012d9908	9	UNCERTAIN	0.889	yes	1	<Unknown>	Transmeta	<Unknown> Intel UMC AMD Cyrix NextGen VIA Rise Transmeta
0x00ead620	0x012ad620	8	NAME_TABLE	1.0	yes	1	Max	SPAWN	Max Min Max Min NONE HOLD KILL SPAWN
0x00eb03e4	0x012b03e4	8	NAME_TABLE	1.0	yes	1	CREATE_AT_EDGE_NEAR_SOURCE	CREATE_CLOSEST_TO_SPAWN_POINT	CREATE_AT_EDGE_NEAR_SOURCE CREATE_AT_EDGE_NEAR_TARGET CREATE_AT_EDGE_NEAR_TARGET_AND_MOVE_TO_LOCATION CREATE_AT_LOCATION USE_OWNER_OBJECT CREATE_ABOVE_LOCATION CREATE_AT_EDGE_FARTHEST_FROM_TARGET CREATE_CLOSEST_TO_SPAWN_POINT
0x00eb9670	0x012b9670	8	NAME_TABLE	1.0	no	1	b_locale	b_rank2v2	b_locale b_wins b_losses b_points b_side b_pre b_rank1v1 b_rank2v2
0x00ea68b0	0x012a68b0	7	NAME_TABLE	1.0	yes	1	NONE	LEVEL	NONE LEADERSHIP FORMATION SPELL WEAPON STRUCTURE LEVEL
0x00eacfc0	0x012acfc0	7	NAME_TABLE	1.0	yes	1	GROUND	IMPASSABLE	GROUND WATER CLIFF AIR RUBBLE OBSTACLE IMPASSABLE
0x00ead574	0x012ad574	7	NAME_TABLE	1.0	yes	1	READY_TO_FIRE	IN_FOLLOW_THRU	READY_TO_FIRE OUT_OF_AMMO BETWEEN_FIRING_SHOTS RELOADING_CLIP PRE_ATTACK FIRING IN_FOLLOW_THRU
0x00eb3e78	0x012b3e78	7	UNCERTAIN	0.714	yes	1	Enabled	Player Targetable	Enabled Powered Indestructible Unsellable Selectable AI Recruitable Player Targetable
0x00eb66d8	0x012b66d8	7	UNCERTAIN	0.0	yes	1	EstablishConnectionsScreen.wnd:ButtonAccept1	EstablishConnectionsScreen.wnd:ButtonAccept7	EstablishConnectionsScreen.wnd:ButtonAccept1 EstablishConnectionsScreen.wnd:ButtonAccept2 EstablishConnectionsScreen.wnd:ButtonAccept3 EstablishConnectionsScreen.wnd:ButtonAccept4 EstablishConnectionsScreen.wnd:ButtonAccept5 EstablishConnectionsScreen.wnd:ButtonAccept6 EstablishConnectionsScreen.wnd:ButtonAccept7
0x00eb66f8	0x012b66f8	7	UNCERTAIN	0.0	yes	1	EstablishConnectionsScreen.wnd:StaticPlayer1Name	EstablishConnectionsScreen.wnd:StaticPlayer7Name	EstablishConnectionsScreen.wnd:StaticPlayer1Name EstablishConnectionsScreen.wnd:StaticPlayer2Name EstablishConnectionsScreen.wnd:StaticPlayer3Name EstablishConnectionsScreen.wnd:StaticPlayer4Name EstablishConnectionsScreen.wnd:StaticPlayer5Name EstablishConnectionsScreen.wnd:StaticPlayer6Name EstablishConnectionsScreen.wnd:StaticPlayer7Name
0x00eb6718	0x012b6718	7	UNCERTAIN	0.0	yes	1	EstablishConnectionsScreen.wnd:StaticPlayer1Status	EstablishConnectionsScreen.wnd:StaticPlayer7Status	EstablishConnectionsScreen.wnd:StaticPlayer1Status EstablishConnectionsScreen.wnd:StaticPlayer2Status EstablishConnectionsScreen.wnd:StaticPlayer3Status EstablishConnectionsScreen.wnd:StaticPlayer4Status EstablishConnectionsScreen.wnd:StaticPlayer5Status EstablishConnectionsScreen.wnd:StaticPlayer6Status EstablishConnectionsScreen.wnd:StaticPlayer7Status
0x00eb8a08	0x012b8a08	7	NAME_TABLE	1.0	yes	1	NONE	PING_PONG_BACKWARDS	NONE ONCE ONCE_BACKWARDS LOOP LOOP_BACKWARDS PING_PONG PING_PONG_BACKWARDS
0x00ebb5bc	0x012bb5bc	7	NAME_TABLE	1.0	yes	1	MANUAL	ONCE_BACKWARDS	MANUAL LOOP ONCE LOOP_PINGPONG PLAY_TO_FRAME LOOP_BACKWARDS ONCE_BACKWARDS
0x00ebb604	0x012bb604	7	NAME_TABLE	1.0	yes	1	TERRAIN_DECAL_DEMORALIZED_OBSOLETE	EXHordeB_UP	TERRAIN_DECAL_DEMORALIZED_OBSOLETE EXHorde EXHorde_UP EXHordeB EXHordeB_UP EXJunkCrate EXHordeB_UP
0x00ebb88c	0x012bb88c	7	NAME_TABLE	1.0	yes	1	MANUAL	ONCE_BACKWARDS	MANUAL LOOP ONCE LOOP_PINGPONG PLAY_TO_FRAME LOOP_BACKWARDS ONCE_BACKWARDS
0x00ea6858	0x012a6858	6	NAME_TABLE	1.0	yes	1	BACK_AWAY	QUARREL	BACK_AWAY AVOID_SCARER IDLE RUN_AWAY_PANIC FACE_OBJECT QUARREL
0x00ea7c40	0x012a7c40	6	NAME_TABLE	1.0	yes	1	CONSTANT	HIGH_BIAS	CONSTANT UNIFORM GAUSSIAN TRIANGULAR LOW_BIAS HIGH_BIAS
0x00ea7c5c	0x012a7c5c	6	NAME_TABLE	1.0	yes	1	CONSTANT	HIGH_BIAS	CONSTANT UNIFORM GAUSSIAN TRIANGULAR LOW_BIAS HIGH_BIAS
0x00ea8264	0x012a8264	6	NAME_TABLE	1.0	yes	1	LOOP	FADE_ON_START	LOOP RANDOM RANDOMSTART INTERRUPT FADE_ON_KILL FADE_ON_START
0x00ea8280	0x012a8280	6	NAME_TABLE	1.0	yes	1	SOUNDFX	NONE	SOUNDFX VOICE MUSIC AMBIENT MOVIE NONE
0x00ea9fe0	0x012a9fe0	6	NAME_TABLE	1.0	yes	1	NONE	INTERPOLATE	NONE MORNING AFTERNOON EVENING NIGHT INTERPOLATE
0x00ead50c	0x012ad50c	6	NAME_TABLE	1.0	yes	1	DAMAGE	FIRING	DAMAGE RADIUS RANGE RATE_OF_FIRE PRE_ATTACK FIRING
0x00eb6a68	0x012b6a68	6	NAME_TABLE	1.0	yes	1	ComboBoxTeam	GenericPing	ComboBoxTeam ComboBoxColor ComboBoxPlayerTemplate ComboBoxPlayer ButtonAccept GenericPing
0x00ec5190	0x012c5190	6	NAME_TABLE	1.0	yes	1	TRANSPARENT	SOLID_FADE	TRANSPARENT TRANSPARENT_FADE OUTLINED OUTLINED_FADE SOLID SOLID_FADE
0x00ec5e4c	0x012c5e4c	6	UNCERTAIN	0.0	no	1	file error	incompatible version	file error stream error data error insufficient memory buffer error incompatible version
0x00ede858	0x012de858	6	UNCERTAIN	0.833	no	1	Diffuse	Texture0@Name	Diffuse Power Specular Emissive Ambient Texture0@Name
0x00ee40b0	0x012e40b0	6	NAME_TABLE	1.0	no	1	UNKNOWN	SPECIAL	UNKNOWN COLOR DEPTH TEXCOORD VOID SPECIAL
0x00ee4ea0	0x012e4ea0	6	UNCERTAIN	0.0	no	1	file error	incompatible version	file error stream error data error insufficient memory buffer error incompatible version
