finding,file,line,confidence,source
AABTreeClass+0xc|m_bfmeRoot|Nodes,game/GameEngine/Source/Common/BfmeConv911.cpp,30,1.00,layout_witness
AIUpdateInterface+0x1cc|m_locomotor|m_curLocomotor,game/GameEngine/Source/GameLogic/AI/Rva0017DC90State_onExit.cpp,72,1.00,layout_witness
AIUpdateInterface+0x1fc|m_nextMoodCheckTime|m_repulsor2,game/GameEngine/Source/GameLogic/AI/Rva0018D4F0TurretStateUpdate.cpp,20,1.00,layout_witness
AIUpdateInterface+0x326|m_pathRequested|m_isBlockedAndStuck,game/GameEngine/Source/GameLogic/AI/AIPickUpCrateState_computePath.cpp,22,1.00,layout_witness
BaseHeightMapRenderObjClass+0x2ff4|m_shroudSecondary|m_map,game/GameEngineDevice/Source/W3DDevice/GameClient/BaseHeightMapReleaseResources_Bfme.cpp,146,1.00,layout_witness
BaseHeightMapRenderObjClass+0x2ff4|m_shroudSecondary|m_map,game/GameEngineDevice/Source/W3DDevice/GameClient/BaseHeightMapReAcquireResources_Bfme.cpp,104,1.00,layout_witness
BoneFXUpdateModuleData+0xc|m_damageOCLTypes|m_fxList,game/GameEngine/Source/GameLogic/Object/Update/BoneFXUpdate_initTimes.cpp,94,1.00,field_names
CommandButton+0x10|m_commandType|m_command,game/GameEngine/Source/GameClient/GUI/ControlBar/Rva005A7E20FindSpecialPowerButton.cpp,62,1.00,field_names
CommandButton+0x10|m_state|m_command,game/GameEngine/Source/Common/BfmeConv821.cpp,88,1.00,field_names
CommandButton+0x34|m_specialPowerTemplate|m_specialPower,game/GameEngine/Source/GameLogic/Object/Update/CommandButtonHuntUpdate_huntSpecialPower.cpp,139,1.00,field_names
CommandButton+0x40|m_buttonImageName|m_invalidCursorName,game/GameEngine/Source/GameClient/GUI/ControlBar/CommandButton_cacheButtonImage.cpp,42,1.00,field_names
CommandButton+0x40|m_buttonImageName|m_invalidCursorName,game/GameEngine/Source/GameClient/GUI/ControlBar/CommandButton_getButtonImage.cpp,42,1.00,field_names
DX8MeshRendererClass+0x4|m_camera|camera,game/Libraries/Source/WWVegas/WW3D2/WW3DRenderObjectBfme.cpp,74,1.00,layout_witness
DelayedUpgradeModuleData+0x70|m_extra|m_delayTime,game/GameEngine/Source/GameLogic/Object/Upgrade/DelayedUpgradeFriendNewModuleDataThunk.cpp,33,1.00,field_names
EvaCheckInfo+0x4|m_framesBetweenChecks|m_framesToExpire,game/GameEngine/Source/GameClient/EvaCheck_trigger.cpp,22,1.00,field_names
ExitConditions+0x14|m_attackGiveUpFrame|m_radiusSqr,game/GameEngine/Source/GameLogic/AI/AIGuardOuterState_update_Bfme.cpp,129,1.00,layout_witness
ExitConditions+0x4|m_center|m_conditionsToConsider,game/GameEngine/Source/GameLogic/AI/AIGuardOuterState_update_Bfme.cpp,127,1.00,layout_witness
File+0x4|m_nameData|m_nameStr,game/GameEngineDevice/Source/Win32Device/Common/Win32LocalFileSystemOpenFileWide.cpp,103,1.00,layout_witness
File+0xc|m_flags|m_open,game/GameEngine/Source/Common/System/StreamingArchiveFileRead.cpp,34,1.00,layout_witness
FullFadeTransition+0x18|m_posX|m_pos,game/GameEngine/Source/GameClient/GUI/FullFadeTransition_init_Thunk.cpp,48,1.00,layout_witness
FullFadeTransition+0x20|m_sizeX|m_size,game/GameEngine/Source/GameClient/GUI/FullFadeTransition_init_Thunk.cpp,50,1.00,layout_witness
GameClientRandomVariable+0x0|m_type|DistributionTypeNames,game/GameEngine/Source/GameLogic/Object/Update/BoneFXUpdate_initTimes.cpp,49,1.00,layout_witness
GameClientRandomVariable+0x0|m_type|DistributionTypeNames,game/GameEngine/Source/GameLogic/Object/Update/BoneFXUpdate_update_Thunk.cpp,34,1.00,layout_witness
GameClientRandomVariable+0x0|m_type|DistributionTypeNames,game/GameEngine/Source/GameClient/System/FXParticleSystem/DefaultModuleTemplate02CopyCtorThunk.cpp,34,1.00,layout_witness
GameClientRandomVariable+0x0|m_type|DistributionTypeNames,game/GameEngine/Source/GameClient/System/FXParticleSystem/DefaultModuleTemplate02AssignThunk.cpp,13,1.00,layout_witness
GameLogicRandomVariable+0x0|m_type|DistributionTypeNames,game/GameEngine/Source/GameLogic/Object/Update/BoneFXUpdate_initTimes.cpp,60,1.00,layout_witness
GameLogicRandomVariable+0x0|m_type|DistributionTypeNames,game/GameEngine/Source/GameLogic/Object/Update/BoneFXUpdate_update_Thunk.cpp,45,1.00,layout_witness
GameSlot+0x10|m_color|m_startPos,game/GameEngine/Source/GameNetwork/ResetLanSession.cpp,12,1.00,layout_witness
GameSpyInfo+0x14|m_ping|m_pingString,game/GameEngine/Source/GameNetwork/GameSpy/GameSpyInfoSetPingStringThunk.cpp,16,1.00,layout_witness
GlobalData+0x1e|m_fpsLimitEnabled|m_useFpsLimit,game/GameEngine/Source/GameClient/GUI/GUICallbacks/Menus/OptionPreferences_getFPSLimitEnabled.cpp,67,1.00,field_names
GlobalData+0x68|m_textureReduction|m_textureReductionFactor,game/GameEngine/Source/GameClient/GUI/GUICallbacks/Menus/OptionPreferences_getTextureReduction_Thunk.cpp,63,1.00,field_names
GlobalData+0x70|m_buildingOcclusionEnabled|m_enableBehindBuildingMarkers,game/GameEngine/Source/GameClient/GUI/GUICallbacks/Menus/OptionPreferences_getBuildingOcclusionEnabled.cpp,67,1.00,field_names
GlobalData+0xb94|m_bfmeBonuses|m_weaponBonusSet,game/GameEngine/Source/GameLogic/Object/Weapon_computeBonus.cpp,61,1.00,field_names
GlobalData+0xbb4|m_bfmeNoShellAudio|m_shellMapOn,game/GameEngine/Source/GameClient/Shell_hide.cpp,108,1.00,field_names
GlobalData+0xc78|m_shroudColorR|m_shroudColor,game/GameEngine/Source/Common/PackShroudPixel.cpp,15,1.00,field_names
GridCullSystemClass+0x54|m_objCount|ObjCount,game/Libraries/Source/WWVegas/WWMath/GridCullSystemClass_Get_Object_Count_Thunk.cpp,34,1.00,layout_witness
HTreeClass+0x14|m_pivotCountOrPtr|Pivot,game/Libraries/Source/WWVegas/WW3D2/HTreeClass.cpp,17,1.00,layout_witness
IPEnumeration+0x0|m_addresses|m_IPlist,game/GameEngine/Source/GameClient/GUI/BfmeAptScreenLanLobbyInitLan.cpp,103,1.00,layout_witness
Image+0x24|m_imageWidth|m_imageSize,game/GameEngine/Source/Common/insertPlayerInListbox_Thunk.cpp,62,1.00,layout_witness
Image+0x24|m_imageWidth|m_imageSize,game/GameEngine/Source/GameClient/System/Anim2DConstructor.cpp,40,1.00,layout_witness
Image+0x24|m_width|m_imageSize,game/GameEngine/Source/GameClient/GUI/OnlineCustomMatchInsertGame.cpp,64,1.00,layout_witness
LANAPI+0x4c|m_memberObject|m_transport,game/GameEngine/Source/GameNetwork/LANAPIRequestEnableMPSetupUI.cpp,151,1.00,layout_witness
LANAPI+0x4c|m_memberObject|m_transport,game/GameEngine/Source/GameNetwork/LANAPIRequestGameLeave.cpp,132,1.00,layout_witness
LANAPI+0x8|m_lobbyPlayers|m_directConnectRemoteIP,game/GameEngine/Source/GameNetwork/LANAPIReset.cpp,110,1.00,layout_witness
LANAPI+0x8|m_lobbyPlayers|m_directConnectRemoteIP,game/GameEngine/Source/GameNetwork/LANAPIRequestGameCreateThunk.cpp,338,1.00,layout_witness
LANAPI+0x8|m_lobbyPlayers|m_directConnectRemoteIP,game/GameEngine/Source/GameNetwork/LANAPIOnPlayerList.cpp,50,1.00,layout_witness
LANAPI+0x8|m_lobbyPlayers|m_directConnectRemoteIP,game/GameEngine/Source/GameNetwork/LANAPIAddPlayer.cpp,75,1.00,layout_witness
LANAPI+0x8|m_lobbyPlayers|m_directConnectRemoteIP,game/GameEngine/Source/GameNetwork/LANAPI_RequestChat_Thunk.cpp,197,1.00,layout_witness
MeshGeometryClass+0x10|m_data|UserText,game/Libraries/Source/WWVegas/WW3D2/MeshGeometryMeshModelLeafThunks.cpp,25,1.00,layout_witness
MeshGeometryClass+0x18|m_flags|Flags,game/Libraries/Source/WWVegas/WW3D2/Rva00925030GetPlanesChecked.cpp,11,1.00,layout_witness
MeshMatDescClass+0x0|m_pass_count|PassCount,game/Libraries/Source/WWVegas/WW3D2/MeshMatDescClass_Reset_BFME.cpp,50,1.00,layout_witness
MeshMatDescClass+0x0|m_pass_count|PassCount,game/Libraries/Source/WWVegas/WW3D2/MeshMatDescClass_ComputeRamSize.cpp,64,1.00,layout_witness
MeshMatDescClass+0x4|m_vertex_count|VertexCount,game/Libraries/Source/WWVegas/WW3D2/MeshMatDescClass_Reset_BFME.cpp,51,1.00,layout_witness
MeshMatDescClass+0x4|m_vertex_count|VertexCount,game/Libraries/Source/WWVegas/WW3D2/MeshMatDescClass_ComputeRamSize.cpp,65,1.00,layout_witness
MeshMatDescClass+0x8|m_poly_count|PolyCount,game/Libraries/Source/WWVegas/WW3D2/MeshMatDescClass_Reset_BFME.cpp,52,1.00,layout_witness
MeshMatDescClass+0x8|m_poly_count|PolyCount,game/Libraries/Source/WWVegas/WW3D2/MeshMatDescClass_ComputeRamSize.cpp,66,1.00,layout_witness
MeshModelClass+0x94|m_94|DefMatDesc,game/Libraries/Source/WWVegas/WW3D2/Rva0094E060SetSortLevel.cpp,28,1.00,layout_witness
MeshModelClass+0x98|m_98|AlternateMatDesc,game/Libraries/Source/WWVegas/WW3D2/Rva0094E060SetSortLevel.cpp,29,1.00,layout_witness
MeshModelClass+0x9c|m_9c|CurMatDesc,game/Libraries/Source/WWVegas/WW3D2/Rva0094E060SetSortLevel.cpp,30,1.00,layout_witness
MeshModelClass+0x9c|m_materialDescription|CurMatDesc,game/Libraries/Source/WWVegas/WW3D2/MeshShaderFixup.cpp,30,1.00,layout_witness
MeshModelClass+0x9c|m_materialInfo|CurMatDesc,game/Libraries/Source/WWVegas/WW3D2/MeshModelClass_read_prelit_material_Thunk.cpp,39,1.00,layout_witness
MetaMapRec+0x0|m_next|m_transition,game/GameEngine/Source/GameClient/MessageStream/MetaMap_getMetaMapRecThunk.cpp,52,1.00,field_names
ModuleInfo+0x0|m_begin|m_info,game/GameEngine/Source/GameLogic/Object/Object_rva001CA550_ghostDraw.cpp,53,1.00,layout_witness
ModuleInfo+0x0|m_begin|m_info,game/GameEngine/Source/Common/Thing/ModuleInfoClearCopiedFromDefaultEntries.cpp,39,1.00,layout_witness
ModuleInfo+0x0|m_begin|m_info,game/GameEngine/Source/Common/Thing/ModuleInfoClearAi.cpp,35,1.00,layout_witness
Mouse+0x1104|m_cursorText|m_tooltipString,game/GameEngine/Source/GameClient/Input/Mouse_init.cpp,60,1.00,layout_witness
Mouse+0x110c|m_displayTooltip|m_forceFeedback,game/GameEngine/Source/GameClient/Input/Mouse_init.cpp,62,1.00,layout_witness
Mouse+0x4d10|m_posX|m_currMouse,game/GameEngine/Source/GameClient/Input/Mouse_drawCursorText.cpp,43,0.91,layout_witness
Mouse+0x4d10|m_pos|m_currMouse,game/GameEngine/Source/GameClient/InGameUIBodies.cpp,147,0.91,layout_witness
Mouse+0x4da8|m_mouseCursor|m_currentCursor,game/GameEngine/Source/GameClient/MessageStream/LookAtTranslator_setScrolling_Bfme.cpp,81,1.00,layout_witness
MultiListObjectClass+0x4|m_listNode|ListNode,game/GameEngine/Source/Common/Thing/W3DLightDrawDestructor.cpp,69,1.00,layout_witness
MultiListObjectClass+0x4|m_listNode|ListNode,game/GameEngineDevice/Source/W3DDevice/GameClient/RTS2DScene_Ctor_Thunk.cpp,104,1.00,layout_witness
MultiListObjectClass+0x4|m_listNode|ListNode,game/GameEngineDevice/Source/W3DDevice/GameClient/W3DStatusCircleCtorThunk.cpp,52,1.00,layout_witness
MultiListObjectClass+0x4|m_next|ListNode,game/Libraries/Source/WWVegas/WW3D2/SimpleSceneClass_Add_Render_Object_Thunk.cpp,22,1.00,layout_witness
MultiListObjectClass+0x4|m_next|ListNode,game/Libraries/Source/WWVegas/WW3D2/SimpleSceneClass_Register_Thunk.cpp,29,1.00,layout_witness
MultiListObjectClass+0x4|m_next|ListNode,game/Libraries/Source/WWVegas/WW3D2/SimpleSceneClass_Unregister_Thunk.cpp,22,1.00,layout_witness
MultiListObjectClass+0x4|m_next|ListNode,game/Libraries/Source/WWVegas/WW3D2/SimpleSceneClass_Remove_Render_Object_Thunk.cpp,19,1.00,layout_witness
MultiListObjectClass+0x4|m_prev|ListNode,game/Libraries/Source/WWVegas/WW3D2/MeshClassBaseDestructor.cpp,45,1.00,layout_witness
MultiListObjectClass+0x4|m_prev|ListNode,game/Libraries/Source/WWVegas/WW3D2/RenderObjClassDestructorThunk.cpp,49,1.00,layout_witness
MultiplayerColorDefinition+0x0|m_bfmeColor|m_tooltipName,game/GameEngine/Source/Common/Bfme5MatPassCtors.cpp,58,1.00,layout_witness
NetCommandList+0xc|m_lastInserted|m_lastMessageInserted,game/GameEngine/Source/GameNetwork/ConnectionManager_getFrameCommandList.cpp,17,0.93,layout_witness
OBBoxClass+0x0|m_unreconstructed_00|Basis,game/Libraries/Source/WWVegas/WW3D2/AABTreeClass_OBBoxAPTContextStruct_Ctor_Thunk.cpp,22,1.00,layout_witness
OCLSpecialPowerModuleData+0x210|m_upgradeBegin|m_upgradeOCL,game/GameEngine/Source/GameLogic/Object/SpecialPower/OCLSpecialPowerFindOCL.cpp,34,1.00,field_names
OCLUpdate+0x20|m_bfmeTargetFrame|m_nextCreationFrame,game/GameEngine/Source/GameLogic/Object/Update/OCLUpdate_getRemainingFrames.cpp,30,1.00,layout_witness
Object+0x344|m_bfmeConditionA|m_privateStatus,game/GameEngine/Source/Common/Gen_00287670_BfmeUpdate.cpp,61,1.00,layout_witness
Object+0x344|m_deadFlags|m_privateStatus,game/GameEngine/Source/GameLogic/AI/AIGuardRetaliateReturnState_update.cpp,91,1.00,layout_witness
Object+0x344|m_deadFlags|m_privateStatus,game/GameEngine/Source/GameLogic/AI/AIMoveAndEvacuateState.cpp,91,1.00,layout_witness
Object+0x344|m_deadFlags|m_privateStatus,game/GameEngine/Source/GameLogic/AI/AIGuardOuterState_update_Bfme.cpp,35,1.00,layout_witness
Object+0x344|m_flags|m_privateStatus,game/GameEngine/Source/Common/Rva0016D5F0PathTest.cpp,42,1.00,layout_witness
Object+0x344|m_status|m_privateStatus,game/GameEngine/Source/GameLogic/Object/Behavior/SlaveWatcherBehavior_update.cpp,41,1.00,layout_witness
Object+0x344|m_unreconstructed_344|m_privateStatus,game/GameEngine/Source/GameLogic/Object/Update/Rva00265DF0Neutral.cpp,40,1.00,layout_witness
Object+0x74|m_74|m_id,game/GameEngine/Source/Common/Rva00232350Melee.cpp,11,1.00,layout_witness
Object+0x74|m_bfme74YB|m_id,game/GameEngine/Source/GameLogic/Object/BfmeConv2095.cpp,13,1.00,layout_witness
Object+0x74|m_entryKey|m_id,game/GameEngine/Source/GameLogic/Object/Upgrade/CostModifierUpgradeRemoval.cpp,71,1.00,layout_witness
Object+0x74|m_reference|m_id,game/GameEngine/Source/GameLogic/ScriptEngine/ScriptEngineAssignUnitReference.cpp,37,1.00,layout_witness
Object+0x78|m_bfmeKeyZK|m_producerID,game/GameEngine/Source/GameLogic/Object/Object_queryRva001C9980.cpp,55,1.00,layout_witness
Object+0x88|m_nextObject|m_next,game/GameEngine/Source/Common/StatsCollector.cpp,168,1.00,layout_witness
Object+0x88|m_nextObject|m_next,game/GameEngine/Source/GameLogic/AI/AIPlayer_findFactory.cpp,52,1.00,layout_witness
Object+0x88|m_nextObject|m_next,game/GameEngine/Source/GameLogic/Map/Bridge.cpp,77,1.00,layout_witness
Object+0x88|m_nextObject|m_next,game/GameEngine/Source/GameLogic/Object/Update/BfmeObjectReferenceStoreClear.cpp,9,1.00,layout_witness
Object+0x88|m_prev|m_next,game/GameEngine/Source/GameLogic/Object/ObjectRemoveFromList.cpp,14,1.00,layout_witness
Object+0x8c|m_flag|m_prev,game/GameEngine/Source/Common/Rva003C9530StatusUpdate.cpp,32,1.00,layout_witness
Object+0x8c|m_next|m_prev,game/GameEngine/Source/GameLogic/Object/ObjectRemoveFromList.cpp,15,1.00,layout_witness
Object+0x90|m_bfme90XW|m_status,game/GameEngine/Source/Common/BfmeConv2093.cpp,6,1.00,layout_witness
Object+0x90|m_bfmeFlags|m_status,game/GameEngine/Source/Common/Bfme5ConditionalOclKill.cpp,20,1.00,layout_witness
Object+0x90|m_statusBits|m_status,game/GameEngine/Source/GameLogic/Object/Update/OCLUpdateShouldCreate.cpp,17,1.00,layout_witness
Object+0x90|m_statusBits|m_status,game/GameEngine/Source/GameLogic/Object/Update/OCLUpdateUpdate.cpp,90,1.00,layout_witness
Object+0x90|m_statusBits|m_status,game/GameEngine/Source/Common/RTS/PlayerBattlePlanBonuses.cpp,152,1.00,layout_witness
ObjectTypes+0x8|m_objTypesBegin|m_objectTypes,game/GameEngine/Source/GameLogic/ScriptEngine/ScriptConditionsNamedByType.cpp,166,1.00,layout_witness
ObjectTypes+0x8|m_objTypesBegin|m_objectTypes,game/GameEngine/Source/GameLogic/Object/ObjectTypes_ctor_Thunk.cpp,43,1.00,layout_witness
Overridable+0x4|m_next|m_nextOverride,game/GameEngine/Source/Common/Gen00220490Walk.cpp,18,1.00,layout_witness
Overridable+0x4|m_next|m_nextOverride,game/GameEngine/Source/GameClient/WaterTransparencySettingCtorThunk.cpp,45,1.00,layout_witness
Overridable+0x4|m_next|m_nextOverride,game/GameEngine/Source/GameLogic/Object/ObjectIsMobileBody.cpp,15,1.00,layout_witness
Overridable+0x4|m_next|m_nextOverride,game/GameEngine/Source/GameLogic/Object/PartitionFilterRejectBuildings.cpp,22,1.00,layout_witness
Overridable+0x4|m_next|m_nextOverride,game/GameEngine/Source/GameLogic/Object/SpecialPower/Rva00268BA0ScaledPowerRecharge.cpp,24,1.00,layout_witness
Overridable+0x4|m_next|m_nextOverride,game/GameEngine/Source/GameLogic/Object/SpecialPower/SpecialPowerModule_getReadyFrame_Thunk.cpp,18,1.00,layout_witness
Overridable+0x4|m_next|m_nextOverride,game/GameEngine/Source/GameLogic/Object/SpecialPower/SpecialPowerModule_startPowerRecharge.cpp,19,1.00,layout_witness
Overridable+0x4|m_next|m_nextOverride,game/GameEngine/Source/GameLogic/Object/SpecialPower/Rva0026AC90GetRequiredScience.cpp,20,1.00,layout_witness
Overridable+0x4|m_next|m_nextOverride,game/GameEngine/Source/GameLogic/Object/SpecialPower/Rva00268E90GetReadyFrame.cpp,20,1.00,layout_witness
Overridable+0x4|m_next|m_nextOverride,game/GameEngine/Source/GameClient/GUI/ControlBar/Rva005A7E20FindSpecialPowerButton.cpp,52,1.00,layout_witness
Overridable+0x4|m_override|m_nextOverride,game/GameEngine/Source/Common/OverrideFloatFieldGetters.cpp,22,1.00,layout_witness
ParticleSystem+0x1a0|m_controlParticle|m_systemLifetimeLeft,game/GameEngine/Source/GameClient/System/ParticleDeletingDestructor.cpp,47,1.00,layout_witness
PathNode+0x4|m_opaque4|m_id,game/GameEngine/Source/GameLogic/AI/PathNodeGetNextOptimized.cpp,35,1.00,layout_witness
PathNode+0x4|m_previous|m_id,game/GameEngine/Source/GameLogic/AI/PathAdvanceCachedPoint.cpp,21,1.00,layout_witness
PathNode+0x4|m_previous|m_id,game/GameEngine/Source/GameLogic/AI/PathComputeFlightDistToGoal.cpp,41,1.00,layout_witness
PathNode+0x4|m_previous|m_id,game/GameEngine/Source/GameLogic/AI/PathDebugInsertion.cpp,36,1.00,layout_witness
PathNode+0x8|m_nextOptimized|m_nextOpti,game/GameEngine/Source/GameLogic/AI/PathAdvanceCachedPoint.cpp,22,1.00,layout_witness
PathNode+0x8|m_nextOptimized|m_nextOpti,game/GameEngine/Source/GameLogic/AI/PathComputeFlightDistToGoal.cpp,42,1.00,layout_witness
PathNode+0x8|m_nextOptimized|m_nextOpti,game/GameEngine/Source/GameLogic/AI/PathDebugInsertion.cpp,37,1.00,layout_witness
PathfindZoneManager+0x23624|m_bfmeBlocks|m_blockOfZoneBlocks,game/GameEngine/Source/GameLogic/AI/PathfindZoneManager_freeBlocks.cpp,43,1.00,layout_witness
Player+0x288|m_bfmeObjectList|m_playerTeamPrototypes,game/GameEngine/Source/Common/RTS/PlayerObjectWalk.cpp,150,1.00,layout_witness
Player+0x4|m_template|m_playerTemplate,game/GameEngine/Source/Common/Thing/GettingBuiltBehaviorRva001FF360.cpp,93,1.00,layout_witness
PlayerList+0x14|m_neutralPlayer|m_players,game/GameEngine/Source/GameLogic/ScriptEngine/victory_conditions.cpp,214,1.00,layout_witness
PlayerList+0x14|m_neutralPlayer|m_players,game/GameEngine/Source/Common/RTS/PlayerBattlePlanBonuses.cpp,177,1.00,layout_witness
PlayerList+0x14|m_neutral|m_players,game/GameEngine/Source/Common/RTS/TeamFactoryCtorThunk.cpp,121,1.00,layout_witness
PlayerList+0xc|m_localPlayer|m_local,game/GameEngine/Source/Common/StatsCollector.cpp,142,1.00,layout_witness
PlayerList+0xc|m_localPlayer|m_local,game/GameEngine/Source/Common/BfmeConv892.cpp,37,1.00,layout_witness
PlayerList+0xc|m_localPlayer|m_local,game/GameEngine/Source/Common/RTS/PlayerAdjustLivingWorldBounty.cpp,21,1.00,layout_witness
PlayerList+0xc|m_localPlayer|m_local,game/GameEngine/Source/Common/DrawableBFME.cpp,103,1.00,layout_witness
PlayerList+0xc|m_localPlayer|m_local,game/GameEngine/Source/Common/ControlBar_onPlayerRankChanged_Thunk.cpp,46,1.00,layout_witness
PlayerList+0xc|m_localPlayer|m_local,game/GameEngine/Source/GameClient/EvaEventFXNugget_doFXObj_Thunk.cpp,57,1.00,layout_witness
PlayerList+0xc|m_localPlayer|m_local,game/GameEngine/Source/GameClient/FXListDoFXPosPublic.cpp,49,1.00,layout_witness
PlayerList+0xc|m_localPlayer|m_local,game/GameEngine/Source/GameClient/InGameUIBodies.cpp,157,1.00,layout_witness
PlayerList+0xc|m_localPlayer|m_local,game/GameEngine/Source/GameClient/FXListDoFXObjThunk.cpp,57,1.00,layout_witness
PlayerList+0xc|m_localPlayer|m_local,game/GameEngine/Source/GameLogic/ScriptEngine/Rva002ED960_SpeechPlaySingleArg.cpp,60,1.00,layout_witness
PlayerList+0xc|m_localPlayer|m_local,game/GameEngine/Source/GameLogic/ScriptEngine/ScriptActionsAudio.cpp,125,1.00,layout_witness
PlayerList+0xc|m_localPlayer|m_local,game/GameEngine/Source/GameLogic/ScriptEngine/ScriptActions_doSelectObject.cpp,69,1.00,layout_witness
PlayerList+0xc|m_localPlayer|m_local,game/GameEngine/Source/GameLogic/ScriptEngine/ControlBar_showSpecialPowerShortcutMethodThunk.cpp,63,1.00,layout_witness
PlayerList+0xc|m_localPlayer|m_local,game/GameEngine/Source/GameLogic/LivingWorld/LivingWorldLogicSetMissionObjectiveVisible.cpp,100,1.00,layout_witness
PlayerList+0xc|m_localPlayer|m_local,game/GameEngine/Source/GameLogic/Object/Rva00419E40DrawablePredicate.cpp,92,1.00,layout_witness
PlayerList+0xc|m_localPlayer|m_local,game/GameEngine/Source/GameLogic/Object/Contain/CaveContainRecalcApparentControllingPlayer.cpp,107,1.00,layout_witness
PlayerList+0xc|m_localPlayer|m_local,game/GameEngine/Source/GameLogic/Object/Update/TemporarilyDefectUpdate_update.cpp,67,1.00,layout_witness
PlayerList+0xc|m_localPlayer|m_local,game/GameEngine/Source/GameLogic/Object/Update/StealthUpdate_hintDetectableWhileUnstealthed.cpp,66,1.00,layout_witness
PlayerList+0xc|m_localPlayer|m_local,game/GameEngine/Source/GameLogic/Object/Update/StealthUpdateChangeVisualDisguise.cpp,182,1.00,layout_witness
PlayerList+0xc|m_localPlayer|m_local,game/GameEngine/Source/GameClient/GUI/ControlBar/ControlBarPurchaseScience.cpp,35,1.00,layout_witness
PlayerList+0xc|m_localPlayer|m_local,game/GameEngine/Source/GameClient/GUI/ControlBar/ControlBar_updateSpecialPowerShortcut.cpp,50,1.00,layout_witness
PlayerList+0xc|m_localPlayer|m_local,game/GameEngine/Source/GameClient/GUI/ControlBar/ControlBar_getStarImage_Thunk.cpp,71,1.00,layout_witness
PlayerList+0xc|m_localPlayer|m_local,game/GameEngine/Source/GameClient/GUI/GUICallbacks/Menus/ScoreScreenInitSinglePlayer.cpp,24,1.00,layout_witness
PlayerTemplate+0x8|m_displayName|m_side,game/GameEngine/Source/GameClient/GUI/SkirmishScreenApplySlotPlayerTemplate.cpp,49,1.00,field_names
PlayerTemplate+0xbd|m_isPlayableSide|m_playableSide,game/GameEngine/Source/GameClient/GUI/GUICallbacks/Menus/SkirmishPreferences_getPreferredFaction.cpp,58,1.00,field_names
PlayerTemplate+0xc0|m_intrinsicSciencePurchasePoints|m_intrinsicSPP,game/GameEngine/Source/Common/RTS/PlayerRankAndScience.cpp,100,1.00,field_names
PlayerTemplateStore+0x8|m_begin|m_playerTemplates,game/GameEngine/Source/GameClient/GUI/GUICallbacks/Menus/SkirmishPreferences_getPreferredFaction.cpp,74,1.00,layout_witness
ProductionPrerequisite+0x0|m_name|m_prereqUnits,game/GameEngine/Source/Common/RTS/ProductionPrerequisiteCopyBody.cpp,55,1.00,layout_witness
PropagandaTowerBehavior+0x28|m_insideList|m_lastScanFrame,game/GameEngine/Source/GameLogic/Object/Behavior/PropagandaTowerBehaviorRemoveAllInfluence.cpp,54,1.00,layout_witness
Radar+0x1468|m_reconstructTerrain|m_queueTerrainRefreshFrame,game/GameEngine/Source/Common/System/Radar_refreshTerrain.cpp,14,1.00,layout_witness
RefCountClass+0x4|m_numRefs|NumRefs,game/GameEngineDevice/Source/W3DDevice/GameClient/W3DDisplayReset.cpp,38,1.00,layout_witness
RefCountClass+0x4|m_numRefs|NumRefs,game/GameEngineDevice/Source/W3DDevice/GameClient/Rva006F92D0ReleaseResources.cpp,36,1.00,layout_witness
RefCountClass+0x4|m_numRefs|NumRefs,game/GameEngineDevice/Source/W3DDevice/GameClient/W3DSmudgeManagerTestHardwareSupport.cpp,183,1.00,layout_witness
RefCountClass+0x4|m_numRefs|NumRefs,game/GameEngineDevice/Source/W3DDevice/GameClient/RTS2DScene_Ctor_Thunk.cpp,97,1.00,layout_witness
RefCountClass+0x4|m_numRefs|NumRefs,game/GameEngineDevice/Source/W3DDevice/GameClient/W3DStatusCircleCtorThunk.cpp,45,1.00,layout_witness
RefCountClass+0x4|m_numRefs|NumRefs,game/Libraries/Source/WWVegas/WW3D2/MaterialPassClassCtorThunk.cpp,22,1.00,layout_witness
RefCountClass+0x4|m_numRefs|NumRefs,game/Libraries/Source/WWVegas/WW3D2/MeshClassBaseDestructor.cpp,25,1.00,layout_witness
RefCountClass+0x4|m_numRefs|NumRefs,game/Libraries/Source/WWVegas/WW3D2/RenderObjClassDestructorThunk.cpp,29,1.00,layout_witness
RefCountClass+0x4|m_refCount|NumRefs,game/GameEngineDevice/Source/MilesAudioDevice/PlayingAudioConstructor.cpp,35,1.00,layout_witness
RefCountClass+0x4|m_refCount|NumRefs,game/GameEngineDevice/Source/W3DDevice/GameClient/BaseHeightMapResetBuffer_removeTreeAtIndex.cpp,25,1.00,layout_witness
RefCountClass+0x4|m_refCount|NumRefs,game/GameEngineDevice/Source/W3DDevice/GameClient/W3DTreeBuffer_freeTreeBuffers.cpp,30,1.00,layout_witness
RefCountClass+0x4|m_refCount|NumRefs,game/Libraries/Source/WWVegas/WW3D2/SetMeshModelFlag.cpp,55,1.00,layout_witness
RefCountClass+0x4|m_ref_count|NumRefs,game/GameEngine/Source/Common/Rva00739B30RenderObjectUnique.cpp,18,1.00,layout_witness
RefCountClass+0x4|m_ref_count|NumRefs,game/Libraries/Source/WWVegas/WW3D2/Rva008FEB90MaterialUnique.cpp,18,1.00,layout_witness
RefCountClass+0x4|m_refs|NumRefs,game/GameEngine/Source/Common/Open2Conv002.cpp,220,1.00,layout_witness
RefCountClass+0x4|m_refs|NumRefs,game/GameEngineDevice/Source/W3DDevice/GameClient/BaseHeightMapFloorElementDestructor.cpp,38,1.00,layout_witness
RefCountClass+0x4|m_refs|NumRefs,game/GameEngineDevice/Source/W3DDevice/GameClient/Shadow/W3DShadowTextureDestructor.cpp,23,1.00,layout_witness
RoadSegment+0x58|m_numVertices|m_numVertex,game/GameEngineDevice/Source/W3DDevice/GameClient/RoadSegmentConstructor.cpp,28,1.00,layout_witness
RoadSegment+0x5c|m_vertexBuffer|m_vb,game/GameEngineDevice/Source/W3DDevice/GameClient/RoadSegmentConstructor.cpp,29,1.00,layout_witness
RoadSegment+0x60|m_numIndices|m_numIndex,game/GameEngineDevice/Source/W3DDevice/GameClient/RoadSegmentConstructor.cpp,30,1.00,layout_witness
RoadSegment+0x64|m_indexBuffer|m_ib,game/GameEngineDevice/Source/W3DDevice/GameClient/RoadSegmentConstructor.cpp,31,1.00,layout_witness
ScienceInfo+0x18|m_prereqGroups|m_prereqSciences,game/GameEngine/Source/Common/RTS/ScienceStoreRootPrereqs.cpp,44,1.00,field_names
ScoreKeeper+0x124|m_powerPoints|m_totalUnitsBuilt,game/GameEngine/Source/Common/RTS/ScoreKeeperScoring.cpp,110,1.00,layout_witness
ScoreKeeper+0x12c|m_regionCommandPoints|m_totalBuildingsLost,game/GameEngine/Source/Common/RTS/ScoreKeeperScoring.cpp,112,1.00,layout_witness
ScoreKeeper+0x130|m_regionResources|m_totalTechBuildingsCaptured,game/GameEngine/Source/Common/RTS/ScoreKeeperScoring.cpp,113,1.00,layout_witness
ScoreKeeper+0x134|m_regionPowerPoints|m_totalFactionBuildingsCaptured,game/GameEngine/Source/Common/RTS/ScoreKeeperScoring.cpp,114,1.00,layout_witness
ScoreKeeper+0x13c|m_frameOverride|m_totalUnitsLost,game/GameEngine/Source/Common/RTS/ScoreKeeperScoring.cpp,116,1.00,layout_witness
ScriptAction+0x8|m_parameterCount|m_numParms,game/GameEngine/Source/GameLogic/ScriptEngine/ScriptEngine_disableScript.cpp,32,1.00,layout_witness
ScriptAction+0x8|m_parameterCount|m_numParms,game/GameEngine/Source/GameLogic/ScriptEngine/ScriptEngineSetPriorityDefault.cpp,57,1.00,layout_witness
ScriptAction+0x8|m_parameterCount|m_numParms,game/GameEngine/Source/GameLogic/ScriptEngine/ScriptEngineFlagsAndCounters.cpp,50,1.00,layout_witness
ScriptAction+0x8|m_parameterCount|m_numParms,game/GameEngine/Source/GameLogic/ScriptEngine/ScriptEngine_enableScript.cpp,32,1.00,layout_witness
ScriptAction+0x8|m_parameterCount|m_numParms,game/GameEngine/Source/GameLogic/ScriptEngine/ScriptEngineSetPriorityKind.cpp,61,1.00,layout_witness
ShaderClass+0x0|m_bfmeBits|ShaderBits,game/Libraries/Source/WWVegas/WW3D2/MeshShaderFixup.cpp,11,1.00,layout_witness
ShaderClass+0x0|m_bits|ShaderBits,game/GameEngine/Source/Common/Thing/W3DStreakDrawConstructor.cpp,138,1.00,layout_witness
ShaderClass+0x0|m_bits|ShaderBits,game/GameEngineDevice/Source/W3DDevice/GameClient/Water/WaterTracksRenderSystemInit.cpp,16,1.00,layout_witness
ShaderClass+0x0|m_bits|ShaderBits,game/Libraries/Source/WWVegas/WW3D2/StreakRendererSetBits.cpp,18,1.00,layout_witness
ShaderClass+0x0|m_bits|ShaderBits,game/Libraries/Source/WWVegas/WW3D2/StreakRendererCtor.cpp,10,1.00,layout_witness
ShaderClass+0x0|m_bits|ShaderBits,game/Libraries/Source/WWVegas/WW3D2/StreakRendererCopyCtor.cpp,19,1.00,layout_witness
ShaderClass+0x0|m_shaderBits|ShaderBits,game/GameEngine/Source/Common/S3ReserveHighWaterMarks.cpp,31,1.00,layout_witness
ShaderClass+0x0|m_shaderBits|ShaderBits,game/GameEngineDevice/Source/W3DDevice/GameClient/RTS2DScene_Ctor_Thunk.cpp,182,1.00,layout_witness
Shadow+0x8|m_position|m_opacity,game/GameEngine/Source/Common/BfmeSubZF_bfmeGoZF.cpp,54,1.00,layout_witness
Shadow+0x8|m_position|m_opacity,game/GameEngine/Source/GameClient/RadiusDecalTemplate_createSelection.cpp,56,1.00,layout_witness
Shell+0x48|m_bfmeTop|m_screenCount,game/GameEngine/Source/GameClient/Shell_hide.cpp,150,1.00,layout_witness
SidesInfo+0x0|m_dict|m_pBuildList,game/GameEngine/Source/GameLogic/ScriptEngine/ScriptList_updateDefaults_Thunk.cpp,11,1.00,layout_witness
SpecialAbilityUpdateModuleData+0x210|m_maxSpecialObjects|m_persistentPrepFrames,game/GameEngine/Source/GameLogic/Object/Update/Rva002A7DB0_check.cpp,59,1.00,field_names
SpecialAbilityUpdateModuleData+0x21c|m_maxSpecialObjects|m_packTime,game/GameEngine/Source/GameLogic/Object/Update/SpecialAbilityUpdate_createSpecialObject.cpp,98,1.00,field_names
SpecialAbilityUpdateModuleData+0x245|m_specialObjectsPersistent|m_flipObjectAfterUnpacking,game/GameEngine/Source/GameLogic/Object/Update/SpecialAbilityUpdate_createSpecialObject.cpp,100,1.00,field_names
State+0x8|m_successStateID|m_ID,game/GameEngine/Source/GameLogic/AIExitState_onExit_Thunk.cpp,87,1.00,layout_witness
State+0x8|m_successStateID|m_ID,game/GameEngine/Source/GameLogic/AI/AIWanderState_update_Bfme.cpp,85,1.00,layout_witness
State+0x8|m_successStateID|m_ID,game/GameEngine/Source/GameLogic/AI/AIPanicState_update_Thunk.cpp,85,1.00,layout_witness
State+0x8|m_successStateID|m_ID,game/GameEngine/Source/GameLogic/Object/Update/AIUpdate/GiantBirdAIUpdate.cpp,133,1.00,layout_witness
State+0x8|m_successStateID|m_ID,game/GameEngine/Source/GameLogic/Object/Update/AIUpdate/AIGiantBirdAttackState_update.cpp,129,1.00,layout_witness
StateMachine+0x1c|m_curState|m_currentState,game/GameEngine/Source/GameLogic/AI/TurretAI_setTurretTargetPosition.cpp,108,1.00,layout_witness
StateMachine+0x1c|m_state|m_currentState,game/GameEngine/Source/GameLogic/Object/Behavior/AIUpdateInterfaceCommandDispatch.cpp,117,1.00,layout_witness
StateMachine+0x40|m_halted|m_locked,game/GameEngine/Source/Common/StateMachine_halt.cpp,12,1.00,layout_witness
StringClass+0x0|m_data|m_Buffer,game/Libraries/Source/WWVegas/WW3D2/RenderDeviceDescClassDtor.cpp,15,1.00,layout_witness
StringClass+0x0|m_data|m_Buffer,game/Libraries/Source/WWVegas/WW3D2/DX8CapsDestructor.cpp,10,1.00,layout_witness
SubsystemInterface+0x4|m_04|m_name,game/GameEngine/Source/GameLogic/System/RankInfoDestructors.cpp,84,0.92,layout_witness
SubsystemInterface+0x4|m_04|m_name,game/GameEngine/Source/GameClient/MessageStream/HotKeyManager_addHotKey_Bfme.cpp,21,0.92,layout_witness
SubsystemInterface+0x4|m_04|m_name,game/GameEngine/Source/GameClient/MessageStream/HotKeyManagerCtorThunk.cpp,35,0.92,layout_witness
SubsystemInterface+0x4|m_04|m_name,game/GameEngine/Source/Common/RTS/SpecialPowerStoreDestructorThunk.cpp,32,0.92,layout_witness
SubsystemInterface+0x4|m_bfmeState|m_name,game/GameEngine/Source/Common/GODupBaseConstructor.cpp,32,0.92,layout_witness
SubsystemInterface+0x4|m_bfmeState|m_name,game/GameEngine/Source/Common/System/RecorderClassConstructor.cpp,112,0.92,layout_witness
SubsystemInterface+0x4|m_bfmeState|m_name,game/GameEngineDevice/Source/W3DDevice/GameClient/W3DTerrainVisualBaseConstructor.cpp,33,0.92,layout_witness
SubsystemInterface+0x4|m_data|m_name,game/GameEngine/Source/GameLogic/Object/ObjectCreationListStoreDestructorThunk.cpp,16,0.92,layout_witness
SubsystemInterface+0x4|m_siPad|m_name,game/GameEngine/Source/GameClient/GameClient_loadPostProcess.cpp,40,0.92,layout_witness
SupplyWarehouseCripplingBehaviorModuleData+0x10|m_third|m_selfHealAmount,game/GameEngine/Source/GameLogic/Object/Behavior/SupplyWarehouseCripplingBehavior.cpp,11,1.00,field_names
SupplyWarehouseCripplingBehaviorModuleData+0x8|m_first|m_selfHealSupression,game/GameEngine/Source/GameLogic/Object/Behavior/SupplyWarehouseCripplingBehavior.cpp,9,1.00,field_names
SupplyWarehouseCripplingBehaviorModuleData+0xc|m_second|m_selfHealDelay,game/GameEngine/Source/GameLogic/Object/Behavior/SupplyWarehouseCripplingBehavior.cpp,10,1.00,field_names
SupplyWarehouseDockUpdateModuleData+0x10|m_startingBoxes|m_startingBoxesData,game/GameEngine/Source/GameLogic/Object/Update/DockUpdate/SupplyWarehouseDockUpdateConstructor.cpp,41,1.00,field_names
TeamPrototype+0x10|m_first|m_name,game/GameEngine/Source/Common/RTS/TeamFactoryCtorThunk.cpp,136,1.00,layout_witness
TerrainLogic+0x14|m_array|m_mapDY,game/GameEngine/Source/GameLogic/Map/TerrainLogic_reset.cpp,92,1.00,layout_witness
TerrainTracksRenderObjClass+0x10|m_bottomIndex|m_totalEdgesAdded,game/GameEngineDevice/Source/W3DDevice/GameClient/TerrainTracksRenderObjClassSystemClearTracks.cpp,19,1.00,layout_witness
TerrainTracksRenderObjClass+0x10|m_bottomIndex|m_totalEdgesAdded,game/GameEngineDevice/Source/W3DDevice/GameClient/TerrainTracksRenderObjClassInit.cpp,51,1.00,layout_witness
TerrainTracksRenderObjClass+0x12e4|m_totalEdgesAdded|m_bottomIndex,game/GameEngineDevice/Source/W3DDevice/GameClient/TerrainTracksRenderObjClassSystemClearTracks.cpp,21,1.00,layout_witness
TerrainTracksRenderObjClass+0x12e4|m_totalEdgesAdded|m_bottomIndex,game/GameEngineDevice/Source/W3DDevice/GameClient/TerrainTracksRenderObjClassInit.cpp,54,1.00,layout_witness
TerrainTracksRenderObjClass+0x12e8|m_ownerState|m_topIndex,game/GameEngineDevice/Source/W3DDevice/GameClient/TerrainTracksRenderObjClassSystemClearTracks.cpp,22,1.00,layout_witness
TerrainTracksRenderObjClass+0x12e8|m_ownerState|m_topIndex,game/GameEngineDevice/Source/W3DDevice/GameClient/TerrainTracksRenderObjClassInit.cpp,55,1.00,layout_witness
TerrainTracksRenderObjClass+0x12f8|m_tail1|m_airborne,game/GameEngineDevice/Source/W3DDevice/GameClient/TerrainTracksRenderObjClassInit.cpp,60,1.00,layout_witness
TerrainTracksRenderObjClass+0x14|m_activeEdgeCount|m_ownerDrawable,game/GameEngineDevice/Source/W3DDevice/GameClient/TerrainTracksRenderObjClassInit.cpp,52,1.00,layout_witness
TerrainTracksRenderObjClass+0xc|m_topIndex|m_activeEdgeCount,game/GameEngineDevice/Source/W3DDevice/GameClient/TerrainTracksRenderObjClassSystemClearTracks.cpp,18,1.00,layout_witness
TerrainTracksRenderObjClass+0xc|m_topIndex|m_activeEdgeCount,game/GameEngineDevice/Source/W3DDevice/GameClient/TerrainTracksRenderObjClassInit.cpp,50,1.00,layout_witness
ThingTemplate+0x0|m_unreconstructed_00|s_objectFieldParseTable,game/GameEngine/Source/GameLogic/ScriptEngine/AttackPriorityInfoGetPriority.cpp,14,1.00,layout_witness
ThingTemplate+0x0|m_vtable|s_objectFieldParseTable,game/GameEngine/Source/Common/Rva000CDA90Compare.cpp,27,1.00,layout_witness
ThingTemplate+0x0|m_vtable|s_objectFieldParseTable,game/GameEngine/Source/GameLogic/Object/Object_onDisabledEdge_Thunk.cpp,52,1.00,layout_witness
ThingTemplate+0x0|m_vtable|s_objectFieldParseTable,game/GameEngine/Source/GameLogic/Object/ObjectOnContainedBy.cpp,50,1.00,layout_witness
ThingTemplate+0x0|m_vtable|s_objectFieldParseTable,game/GameEngine/Source/GameLogic/AI/wantToSquishTarget_Thunk.cpp,27,1.00,layout_witness
ThingTemplate+0x0|m_vtable|s_objectFieldParseTable,game/GameEngine/Source/GameLogic/AI/AIPlayer_findFactory.cpp,34,1.00,layout_witness
ThingTemplate+0xc8|m_kindOf0|m_kindof,game/GameEngine/Source/Common/RTS/TeamPrototype_hasAnyBuildings.cpp,90,1.00,field_names
ThingTemplate+0xc8|m_kindOf0|m_kindof,game/GameEngine/Source/Common/RTS/TeamMemberQueries.cpp,157,1.00,field_names
ThingTemplate+0xc8|m_kindOf0|m_kindof,game/GameEngine/Source/Common/RTS/Team_hasAnyBuildings.cpp,76,1.00,field_names
ThingTemplate+0xcc|m_kindOf1|m_shadowOffsetY,game/GameEngine/Source/Common/RTS/TeamPrototype_hasAnyBuildings.cpp,91,1.00,field_names
ThingTemplate+0xcc|m_kindOf1|m_shadowOffsetY,game/GameEngine/Source/Common/RTS/TeamMemberQueries.cpp,158,1.00,field_names
ThingTemplate+0xcc|m_kindOf1|m_shadowOffsetY,game/GameEngine/Source/Common/RTS/Team_hasAnyBuildings.cpp,77,1.00,field_names
ThingTemplate+0xcc|m_kindOfAtCC|m_shadowOffsetY,game/GameEngine/Source/GameLogic/Object/ObjectOnContainedBy.cpp,53,1.00,field_names
TransitionGroup+0x4|m_windows|m_transitionWindowList,game/GameEngine/Source/GameClient/GUI/GameWindowTransitionsHandler.cpp,140,1.00,layout_witness
TransitionGroup+0x4|m_windows|m_transitionWindowList,game/GameEngine/Source/GameClient/GUI/Rva0048B690TransitionHandler.cpp,43,1.00,layout_witness
TransitionWindow+0x4|m_frameDelay|m_transition,game/GameEngine/Source/GameClient/GUI/GameWindowTransitionGroupDestructor.cpp,66,1.00,layout_witness
Transport+0x40e04|m_udp|m_udpsock,game/GameEngine/Source/GameNetwork/LANAPISetLocalIP.cpp,44,1.00,layout_witness
Transport+0x40e04|m_udp|m_udpsock,game/GameEngine/Source/GameNetwork/LANAPILocalAddress.cpp,102,1.00,layout_witness
TunnelTracker+0x10|m_bfmeContainCount|m_containListSize,game/GameEngine/Source/Common/RTS/TunnelTracker_getContainCount.cpp,56,1.00,layout_witness
UnicodeString+0x0|m_text|m_data,game/GameEngine/Source/GameNetwork/GameSpy/BuddyMessageCopyConstructorThunk.cpp,39,1.00,layout_witness
UnicodeString+0x0|m_text|m_data,game/GameEngine/Source/GameLogic/LivingWorld/Rva003C15C0LivingWorldListCtor.cpp,34,1.00,layout_witness
UnicodeString+0x0|m_text|m_data,game/GameEngine/Source/GameClient/MessageStream/SelectionTranslator_selectFriends.cpp,53,1.00,layout_witness
UnicodeString+0x0|m_text|m_data,game/GameEngineDevice/Source/W3DDevice/GameClient/Water/WaterRenderObjConstructor.cpp,182,1.00,layout_witness
UnicodeString+0x0|m_text|m_data,game/Libraries/Source/WWVegas/WWLib/Z1ListAssign.cpp,24,1.00,layout_witness
UnicodeString+0x0|m_text|m_data,game/Libraries/Source/WWVegas/WWLib/unicode_string.h,38,1.00,layout_witness
View+0x3c|m_minHeightAboveGround|m_zoom,game/GameEngine/Source/GameClient/ViewConstructorBfme.cpp,35,1.00,layout_witness
W3DDebrisDraw+0x38|m_state|m_fxFinal,game/GameEngineDevice/Source/W3DDevice/GameClient/Drawable/Draw/W3DDebrisDrawDoDrawModule.cpp,234,1.00,layout_witness
W3DModelDraw+0x34|m_obj|m_renderObject,game/GameEngineDevice/Source/W3DDevice/GameClient/Drawable/Draw/W3DModelDrawNukeCurrentRender.cpp,98,1.00,layout_witness
W3DModelDraw+0x5c|m_animationMode|m_subObjectVec,game/GameEngineDevice/Source/W3DDevice/GameClient/Drawable/Draw/W3DModelDrawSetPauseAnimation.cpp,162,1.00,layout_witness
W3DTerrainLogic+0x18fc|m_bfmeExtentLoZ|m_mapMinZ,game/GameEngineDevice/Source/W3DDevice/GameLogic/W3DTerrainLogicExtent.cpp,84,1.00,layout_witness
W3DTerrainLogic+0x1900|m_bfmeExtentHiZ|m_mapMaxZ,game/GameEngineDevice/Source/W3DDevice/GameLogic/W3DTerrainLogicExtent.cpp,85,1.00,layout_witness
W3DView+0x1dc|m_doingRotateCamera|m_doingMoveCameraOnWaypointPath,game/GameEngineDevice/Source/W3DDevice/GameClient/W3DViewUpdateCameraMovementsBfme.cpp,71,1.00,layout_witness
W3DView+0x27d|m_cameraMovementFinished|m_doingScriptedCameraLock,game/GameEngineDevice/Source/W3DDevice/GameClient/W3DViewUpdateCameraMovementsBfme.cpp,80,1.00,layout_witness
WeaponTemplate+0x0|m_vtable|m_clipReloadTime,game/GameEngine/Source/GameLogic/Object/WeaponStore_newOverride.cpp,26,1.00,field_names
WinInstanceData+0x10|m_controlID|m_status,game/GameEngine/Source/GameClient/BfmeAptScreenSaveLoadOnInitGadget.cpp,18,1.00,layout_witness
WinInstanceData+0x10|m_controlID|m_status,game/GameEngine/Source/GameClient/GUI/SkirmishScreenOnInitGadget.cpp,19,1.00,layout_witness
