class	verdict	registration_name	image_occurrences	nul_terminated_runs	zh_registers_it	ledger_rows	claimed_rvas
AIUpdateInterface	REGISTERED	AIUpdateInterface	4	1	yes	120	0x001167E0 0x0011CB70 0x0016A760 0x0016A770 0x001B49AE 0x001BD780 0x001BD79E 0x001EED50 0x001F1EF0 0x00220610 0x0026E8A0 0x0026E930 +95-more-see---rows
AODCrushCollide	REGISTERED	AODCrushCollide	1	1	no	5	0x0011EC20 0x0011ECA0 0x00215B90 0x00215C50 0x00215D00
AODHordeContain	REGISTERED	AODHordeContain	2	1	no	5	0x001161D0 0x00122FD0 0x00230580 0x00230980 0x002472D0
ActiveBody	REGISTERED	ActiveBody	2	1	yes	18	0x00019772 0x0010BDA0 0x0011F3A0 0x0011F420 0x00128C50 0x0020E810 0x0020F7C0 0x0020F9C0 0x0020FE20 0x00210B40 0x0027F130 0x005BF290 +6-more-see---rows
ActiveShroudUpgrade	ABSENT	ActiveShroudUpgrade	0	0	yes	3	0x0011D950 0x00124670 0x002D5280
AimWeaponBehavior	REGISTERED	AimWeaponBehavior	2	1	no	5	0x00115130 0x001151B0 0x001ECEF0 0x001ECF40 0x001ED000
AnimalAIUpdate	REGISTERED	AnimalAIUpdate	3	1	no	8	0x00116990 0x00116A10 0x0027E4E0 0x0027E5A0 0x0027EAE0 0x002B2FE0 0x002B3090 0x002B3220
AnimatedParticleSysBoneClientUpdate	REGISTERED	AnimatedParticleSysBoneClientUpdate	1	1	yes	5	0x00121A70 0x00602ED0 0x00602F60 0x00603020 0x007EFFF0
AnimationSoundClientBehavior	REGISTERED	AnimationSoundClientBehavior	3	1	no	7	0x00121D20 0x00121DA0 0x00604B40 0x00604DC0 0x00605380 0x00606060 0x00606120
AnimationSteeringUpdate	ABSENT	AnimationSteeringUpdate	0	0	yes	4	0x000A71C0 0x000A7210 0x000A73F0 0x005BF290
ArmorUpgrade	REGISTERED	ArmorUpgrade	3	3	yes	6	0x0011D090 0x00129C10 0x0012AF20 0x002D2AB0 0x002D2B20 0x007EFFF0
ArrowStormUpdate	REGISTERED	ArrowStormUpdate	2	1	no	7	0x00118EB0 0x00118F30 0x002575D0 0x00257650 0x002576E0 0x002578B0 0x00257940
AssaultTransportAIUpdate	REGISTERED	AssaultTransportAIUpdate	1	1	yes	13	0x001187F0 0x00118870 0x00271DB0 0x0027E4E0 0x0027EAE0 0x002B4450 0x002B4650 0x002B46F0 0x002B47A0 0x002B4850 0x002B4950 0x002B4AB0 +1-more-see---rows
AssistedTargetingUpdate	REGISTERED	AssistedTargetingUpdate	1	1	yes	8	0x00117C40 0x001237B0 0x0027FB60 0x0027FC20 0x0027FCE0 0x005BF290 0x007EFFF0 0x00852130
AttributeModifierAuraUpdate	REGISTERED	AttributeModifierAuraUpdate	2	1	no	9	0x0011A8D0 0x0011A950 0x0027FF70 0x002800D0 0x00280210 0x002802A0 0x002803F0 0x00280B20 0x00280C40
AttributeModifierUpgrade	REGISTERED	AttributeModifierUpgrade	1	1	no	5	0x0011DE20 0x00129C10 0x0012B950 0x002D2EB0 0x002D2F10
AudioLoopUpgrade	REGISTERED	AudioLoopUpgrade	1	1	no	3	0x0011E0B0 0x002D31D0 0x002D32B0
AutoAbilityBehavior	REGISTERED	AutoAbilityBehavior	1	1	no	8	0x00114F10 0x00114F90 0x001ED6A0 0x001ED6E0 0x001ED790 0x001ED8A0 0x001EDC00 0x001EDCA0
AutoDepositUpdate	REGISTERED	AutoDepositUpdate	1	1	yes	8	0x0011A600 0x00123E90 0x00123F20 0x00125930 0x00125960 0x00280D90 0x00280E20 0x007EFFF0
AutoFindHealingUpdate	REGISTERED	AutoFindHealingUpdate	1	1	yes	7	0x00119780 0x00119800 0x00281430 0x00281480 0x002814F0 0x002817B0 0x007EFFF0
AutoHealBehavior	REGISTERED	AutoHealBehavior	2	1	yes	13	0x00048B9E 0x00114200 0x00129D50 0x00129E40 0x0012A8E0 0x0012A910 0x001EEB00 0x001EEC30 0x001EECB0 0x001EED50 0x00204F30 0x006CF660 +1-more-see---rows
AutoHealBehaviorModuleData	REGISTERED	AutoHealBehavior	2	1	yes	13	0x00048B9E 0x00114200 0x00129D50 0x00129E40 0x0012A8E0 0x0012A910 0x001EEB00 0x001EEC30 0x001EECB0 0x001EED50 0x00204F30 0x006CF660 +1-more-see---rows
AutoPickUpUpdate	REGISTERED	AutoPickUpUpdate	8	1	no	9	0x00119AB0 0x00119B30 0x002818B0 0x00281AB0 0x00281BC0 0x00281C50 0x00281F40 0x002827E0 0x00282A80
BaikonurLaunchPower	ABSENT	BaikonurLaunchPower	0	0	yes	3	0x0011F8B0 0x00212C10 0x0077F760
BannerCarrierUpdate	REGISTERED	BannerCarrierUpdate	1	1	no	6	0x00119BC0 0x00119C40 0x002833A0 0x00284600 0x00284AA0 0x00285F10
BaseRegenerateUpdate	ABSENT	BaseRegenerateUpdate	0	0	yes	2	0x00117E40 0x0028C2A0
BaseUpgrade	REGISTERED	BaseUpgrade	1	1	no	6	0x0011D110 0x0011D190 0x002D3800 0x002D3870 0x002D3C50 0x002D3D20
BattleBusSlowDeathBehavior	ABSENT	BattleBusSlowDeathBehavior	0	0	yes	0	
BattlePlanUpdate	REGISTERED	BattlePlanUpdate	1	1	yes	18	0x000B2280 0x00119CD0 0x00119D50 0x00204ED0 0x00285550 0x00285650 0x00285760 0x002857E0 0x00285870 0x002858B0 0x002858E0 0x00285920 +5-more-see---rows
BeaconClientUpdate	REGISTERED	BeaconClientUpdate	1	1	yes	6	0x00121B70 0x00121BF0 0x006030C0 0x00603130 0x006031C0 0x007EFFF0
BehaviorModule	UNREGISTERED_NAMED	BehaviorModule	1	1	no	39	0x00213380 0x006CF680
BezierProjectileBehavior	REGISTERED	BezierProjectileBehavior	1	1	no	9	0x00115240 0x001152C0 0x001EFD50 0x001F00A0 0x001F0240 0x001F03F0 0x001F08B0 0x001F1470 0x001F1CE0
BloodthirstyUpdate	REGISTERED	BloodthirstyUpdate	1	1	no	4	0x00114030 0x00286EC0 0x00286F80 0x00287070
BoneFXDamage	REGISTERED	BoneFXDamage	3	2	yes	7	0x0011E800 0x00122D80 0x00250740 0x002507C0 0x00250880 0x00250940 0x00852130
BoneFXUpdate	REGISTERED	BoneFXUpdate	3	2	yes	17	0x0000264E 0x00003625 0x00016A04 0x0002F775 0x00033C2B 0x00117CC0 0x00123830 0x00287A50 0x00288340 0x00288490 0x00288E40 0x00288ED0 +5-more-see---rows
BridgeBehavior	REGISTERED	BridgeBehavior	2	1	yes	28	0x00114790 0x00114810 0x0011A150 0x001F1F30 0x001F1F70 0x001F1FB0 0x001F1FD0 0x001F2450 0x001F2530 0x001F2AF0 0x001F3390 0x001F3610 +15-more-see---rows
BridgeScaffoldBehavior	REGISTERED	BridgeScaffoldBehavior	1	1	yes	9	0x0001002D 0x001148B0 0x00131DB0 0x00160EA0 0x001F5860 0x001F58C0 0x001F5940 0x001F5B00 0x001F5E80
BridgeTowerBehavior	REGISTERED	BridgeTowerBehavior	1	1	yes	9	0x00114930 0x0011A150 0x00125220 0x001F5FA0 0x001F6000 0x001F60F0 0x006CF660 0x007EFFF0 0x00852130
BroadcastStealthUpdate	REGISTERED	BroadcastStealthUpdate	1	1	no	9	0x0011B370 0x0012A2E0 0x0012A350 0x0012ADF0 0x00289800 0x00289880 0x00289A10 0x00289D40 0x00289E50
BuildingBehavior	REGISTERED	BuildingBehavior	1	1	no	4	0x00114670 0x001F6780 0x001F6840 0x001F6C70
BunkerBusterBehavior	ABSENT	BunkerBusterBehavior	0	0	yes	1	0x0020D5C0
CashBountyPower	ABSENT	CashBountyPower	0	0	yes	0	
CashHackSpecialPower	REGISTERED	CashHackSpecialPower	1	1	yes	19	0x0000EF11 0x00096060 0x000FB9C0 0x0010BDB0 0x0011FD70 0x0011FDF0 0x001281B0 0x00258250 0x00258300 0x002584C0 0x00258560 0x00258590 +6-more-see---rows
CastleBehavior	REGISTERED	CastleBehavior	3	1	no	13	0x00114440 0x0036F0A0 0x0036F750 0x0036F8D0 0x0036FD20 0x00371290 0x00371460 0x00371550 0x00372090 0x003728E0 0x00372B10 0x00375000 +1-more-see---rows
CastleMemberBehavior	REGISTERED	CastleMemberBehavior	1	1	no	6	0x00114550 0x0036BBA0 0x0036CB60 0x0036CDD0 0x0036CEA0 0x0036DBD0
CastleUpgrade	REGISTERED	CastleUpgrade	1	1	no	6	0x0011DEA0 0x00129C10 0x0012BA80 0x002D3E30 0x002D3E90 0x002D3F90
CaveContain	REGISTERED	CaveContain	1	1	yes	10	0x00115AB0 0x0012ABC0 0x00219850 0x00219AF0 0x00219B90 0x00219D70 0x00219E80 0x00227200 0x005BF290 0x007EFFF0
CheckpointUpdate	ABSENT	CheckpointUpdate	0	0	yes	2	0x0020D5C0 0x005BF290
ChinookAIUpdate	ABSENT	ChinookAIUpdate	0	0	yes	2	0x002282B0 0x00248F00
CivilianSpawnCollide	REGISTERED	CivilianSpawnCollide	1	1	no	6	0x0011F210 0x0011F290 0x00217360 0x002173E0 0x00217440 0x002175C0
CivilianSpawnUpdate	REGISTERED	CivilianSpawnUpdate	2	1	no	7	0x00116AE0 0x00116B60 0x0028A2F0 0x0028A3C0 0x0028A480 0x0028A530 0x0028A5A0
CleanupAreaPower	ABSENT	CleanupAreaPower	0	0	yes	0	
CleanupHazardUpdate	ABSENT	CleanupHazardUpdate	0	0	yes	2	0x0011AE40 0x002D0620
ClearanceTestingSlowDeathBehavior	REGISTERED	ClearanceTestingSlowDeathBehavior	1	1	no	6	0x00117290 0x00117310 0x001F70A0 0x001F7140 0x001F72D0 0x001F73C0
ClickReactionBehavior	REGISTERED	ClickReactionBehavior	2	1	no	5	0x00114C60 0x00114CF0 0x001F7860 0x001F7930 0x002001A0
CloudBreakSpecialPower	REGISTERED	CloudBreakSpecialPower	1	1	no	7	0x001205F0 0x00120670 0x00259010 0x00259060 0x00259090 0x00259130 0x002592A0
CollideModule	UNREGISTERED_NAMED	CollideModule	1	1	no	5	0x0011A150 0x00124080 0x00217620 0x0027E4E0 0x0027EAE0
CombineHordeSpecialPower	REGISTERED	CombineHordeSpecialPower	1	1	no	7	0x00121840 0x001218C0 0x002596F0 0x00259740 0x002597D0 0x00259870 0x002598A0
CommandButtonHuntUpdate	REGISTERED	CommandButtonHuntUpdate	2	1	yes	8	0x00119890 0x00119910 0x0027F130 0x0028AAE0 0x0028AB20 0x0028AC00 0x005BF290 0x007EFFF0
CommandSetUpgrade	REGISTERED	CommandSetUpgrade	1	1	yes	8	0x0011D220 0x0012AF80 0x0012B010 0x0012B040 0x0012B0B0 0x002D41A0 0x002D4210 0x007EFFF0
ContestableContain	REGISTERED	ContestableContain	2	1	no	6	0x00116140 0x001165C0 0x0021B6F0 0x0021B8D0 0x0021BEE0 0x00249B50
ConvertToCarBombCrateCollide	ABSENT	ConvertToCarBombCrateCollide	0	0	yes	3	0x00125E40 0x00217870 0x00217930
ConvertToHijackedVehicleCrateCollide	ABSENT	ConvertToHijackedVehicleCrateCollide	0	0	yes	1	0x005BF290
CostModifierUpgrade	REGISTERED	CostModifierUpgrade	4	2	yes	6	0x0011D9D0 0x001F8970 0x002D4570 0x002D4610 0x002D4C00 0x007EFFF0
CountermeasuresBehavior	ABSENT	CountermeasuresBehavior	0	0	yes	4	0x00123180 0x001EED50 0x001F7140 0x005BF290
CountermeasuresBehaviorModuleData	ABSENT	CountermeasuresBehavior	0	0	yes	4	0x00123180 0x001EED50 0x001F7140 0x005BF290
CreateCrateDie	REGISTERED	CreateCrateDie	2	1	yes	12	0x00117760 0x00123290 0x001298D0 0x00129970 0x001299A0 0x00129A30 0x00253DB0 0x00253E70 0x00253ED0 0x002543B0 0x00379440 0x007EFFF0
CreateCrateDieModuleData	REGISTERED	CreateCrateDie	2	1	yes	12	0x00117760 0x00123290 0x001298D0 0x00129970 0x001299A0 0x00129A30 0x00253DB0 0x00253E70 0x00253ED0 0x002543B0 0x00379440 0x007EFFF0
CreateObjectDie	REGISTERED	CreateObjectDie	1	1	yes	8	0x001177E0 0x00117860 0x00123290 0x00254680 0x002546E0 0x002547E0 0x002548A0 0x007EFFF0
CritterEmitterUpdate	REGISTERED	CritterEmitterUpdate	1	1	no	8	0x00115730 0x00121950 0x001FA3A0 0x001FA750 0x0028B600 0x0028B6A0 0x0028B750 0x0028B7E0
CrushDie	REGISTERED	CrushDie	2	1	yes	9	0x00117900 0x00123350 0x00123380 0x00123460 0x00125590 0x001255C0 0x00254B90 0x00254BF0 0x007EFFF0
CrushDieModuleData	REGISTERED	CrushDie	2	1	yes	9	0x00117900 0x00123350 0x00123380 0x00123460 0x00125590 0x001255C0 0x00254B90 0x00254BF0 0x007EFFF0
DamDie	ABSENT	DamDie	0	0	yes	1	0x00122EB0
DamageModule	UNREGISTERED_NAMED	DamageModule	1	1	no	5	0x0011A150 0x00124080 0x0020E4A0 0x0027E4E0 0x0027EAE0
DamageModuleData	UNREGISTERED_NAMED	Damage	192	13	no	2	0x00122D60 0x005BF290
DarknessSpecialPower	REGISTERED	DarknessSpecialPower	1	1	no	8	0x00120920 0x001209A0 0x00259B80 0x00259BD0 0x00259C00 0x00259CA0 0x00259EB0 0x002693E0
DefaultProductionExitUpdate	REGISTERED	DefaultProductionExitUpdate	1	1	yes	13	0x00117D40 0x00123910 0x002CFC30 0x002CFCA0 0x002CFCD0 0x002CFD40 0x002CFE50 0x002CFEE0 0x002CFF10 0x002D0030 0x005BF290 0x007EFFF0 +1-more-see---rows
DefectorSpecialPower	REGISTERED	DefectorSpecialPower	1	1	yes	9	0x0011FE80 0x0011FF00 0x00259F50 0x00259FA0 0x00259FD0 0x0025A060 0x0025A110 0x0026AE90 0x007EFFF0
DeflectSpecialPower	REGISTERED	DeflectSpecialPower	1	1	no	6	0x00120B40 0x00120BC0 0x0025A1B0 0x0025A410 0x0025A600 0x0025A660
DelayedDeathBody	REGISTERED	DelayedDeathBody	1	1	no	6	0x0011F830 0x00212810 0x00212880 0x002128B0 0x00212950 0x00212C10
DelayedLuaEventUpdate	REGISTERED	DelayedLuaEventUpdate	1	1	no	6	0x0011BC70 0x0011BCF0 0x0028BBF0 0x0028BCB0 0x0028BD60 0x0028BEF0
DelayedUpgrade	REGISTERED	DelayedUpgrade	1	1	no	6	0x0011D2A0 0x00129C10 0x0012B200 0x002D4D20 0x002D4D90 0x002D4E90
DeletionUpdate	REGISTERED	DeletionUpdate	2	1	yes	10	0x0008A950 0x0008AEA0 0x0008DDB0 0x00117EF0 0x001239B0 0x0027F130 0x0028C4B0 0x0028C520 0x0028C620 0x007EFFF0
DeliverPayloadAIUpdate	ABSENT	DeliverPayloadAIUpdate	0	0	yes	5	0x005052C0 0x005BF290 0x006371B0 0x00750530 0x00C02149
DemoTrapUpdate	REGISTERED	DemoTrapUpdate	1	1	yes	6	0x001199A0 0x00119A20 0x0028C7F0 0x0028C870 0x0028C9E0 0x007EFFF0
DemoralizeSpecialPower	ABSENT	DemoralizeSpecialPower	0	0	yes	0	
DeployStyleAIUpdate	REGISTERED	DeployStyleAIUpdate	1	1	yes	9	0x000D87E0 0x00118670 0x001186F0 0x0027E4E0 0x0027EAE0 0x0027EC50 0x002B5470 0x002B5510 0x007EFFF0
DestroyDie	REGISTERED	DestroyDie	2	2	yes	5	0x00117990 0x00122ED0 0x00254F80 0x00254FE0 0x007EFFF0
DestroyEnvironmentUpdate	REGISTERED	DestroyEnvironmentUpdate	1	1	no	6	0x0011C420 0x0011C4A0 0x0028CD30 0x0028CD70 0x0028CE00 0x0028D0C0
DetachableRiderBody	REGISTERED	DetachableRiderBody	2	1	no	4	0x0011FA50 0x00212DB0 0x00212EC0 0x002131B0
DetachableRiderUpdate	REGISTERED	DetachableRiderUpdate	2	1	no	4	0x0011CAF0 0x0028D580 0x0028D640 0x0028DC60
DevastateSpecialPower	REGISTERED	DevastateSpecialPower	1	1	no	7	0x00121510 0x00121590 0x0025A7C0 0x0025A810 0x0025A840 0x0025A8E0 0x0025AC10
DieModuleData	UNREGISTERED_NAMED	Die	31	12	no	4	0x00101D50 0x00101EB0 0x00102060 0x00122EB0
DominateEnemySpecialPower	REGISTERED	DominateEnemySpecialPower	1	1	no	7	0x00122140 0x001221C0 0x0025AC90 0x0025ACF0 0x0025AD50 0x0025AD90 0x0025AE70
DozerAIUpdate	REGISTERED	DozerAIUpdate	1	1	yes	21	0x0002BFF8 0x00117FA0 0x00118020 0x00230800 0x002B6640 0x002B6750 0x002B68B0 0x002B68D0 0x002B6900 0x002B6960 0x002B6A10 0x002B6B80 +8-more-see---rows
DualWeaponBehavior	REGISTERED	DualWeaponBehavior	1	1	no	5	0x00115020 0x001150A0 0x001F7E20 0x001F7E60 0x001F7F20
DumbProjectileBehavior	ABSENT	DumbProjectileBehavior	0	0	yes	2	0x005BF290
DynamicGeometryInfoUpdate	ABSENT	DynamicGeometryInfoUpdate	0	0	yes	0	
DynamicPortalBehaviour	REGISTERED	DynamicPortalBehaviour	1	1	no	4	0x001156B0 0x001F8B80 0x001F8C80 0x001F8D10
DynamicShroudClearingRangeUpdate	REGISTERED	DynamicShroudClearingRangeUpdate	1	1	yes	11	0x001180B0 0x00118130 0x0028E3A0 0x0028E410 0x0028E5A0 0x0028E630 0x0028E700 0x0028E760 0x0028EBF0 0x0028ECA0 0x007EFFF0
EMPUpdate	ABSENT	EMPUpdate	0	0	yes	1	0x005BF290
EjectPilotDie	ABSENT	EjectPilotDie	0	0	yes	2	0x0011A150 0x00123290
ElvenWoodSpecialPower	REGISTERED	ElvenWoodSpecialPower	2	1	no	8	0x001202C0 0x00120340 0x0025B2B0 0x0025B300 0x0025B510 0x0025B5B0 0x0025CA40 0x0025CC80
EmotionTrackerUpdate	REGISTERED	EmotionTrackerUpdate	2	1	no	7	0x0011CE60 0x0011CEE0 0x0028F910 0x0028FBB0 0x0028FCC0 0x0028FDF0 0x00290740
EnemyNearUpdate	ABSENT	EnemyNearUpdate	0	0	yes	1	0x005BF290
EnragedBehavior	REGISTERED	EnragedBehavior	1	1	no	6	0x00114A40 0x00114AD0 0x001FAC00 0x001FACC0 0x00203E60 0x00203F30
EntEnragedUpdate	REGISTERED	EntEnragedUpdate	1	1	no	3	0x0011CF80 0x00291A00 0x00291AF0
EvacuateDamage	REGISTERED	EvacuateDamage	1	1	no	7	0x0011EA10 0x0011EA90 0x00250C20 0x00251060 0x00251170 0x00251200 0x00251460
ExperienceLevelCreate	REGISTERED	ExperienceLevelCreate	1	1	no	5	0x0011E5F0 0x0011E670 0x0024F560 0x0024F5E0 0x0024F7A0
ExperienceScalarUpgrade	REGISTERED	ExperienceScalarUpgrade	1	1	yes	7	0x0011DAF0 0x0011DB70 0x002D4FD0 0x002D5040 0x002D5180 0x002D51E0 0x007EFFF0
FXListDie	REGISTERED	FXListDie	1	1	yes	8	0x00117A20 0x0011A150 0x001234F0 0x00123590 0x00255360 0x002553C0 0x005BF290 0x007EFFF0
FadeAndDieOrnamentUpdate	REGISTERED	FadeAndDieOrnamentUpdate	1	1	no	6	0x0011B5B0 0x00125B30 0x00125BD0 0x00126E70 0x00292230 0x002922F0
FellBeastSwoopPower	REGISTERED	FellBeastSwoopPower	1	1	no	7	0x001210D0 0x00121150 0x0025CF10 0x0025CF40 0x0025CFA0 0x0025CFE0 0x0025D0B0
FireOCLAfterWeaponCooldownUpdate	ABSENT	FireOCLAfterWeaponCooldownUpdate	0	0	yes	1	0x00123180
FireSpreadUpdate	REGISTERED	FireSpreadUpdate	2	1	yes	9	0x001181C0 0x00118240 0x00292680 0x002926C0 0x00292780 0x00292840 0x00292900 0x00292AF0 0x007EFFF0
FireWeaponCollide	REGISTERED	FireWeaponCollide	1	1	yes	9	0x0011EB20 0x00127D00 0x00216220 0x00216390 0x00216420 0x00216430 0x005BF290 0x007EFFF0 0x00852130
FireWeaponPower	ABSENT	FireWeaponPower	0	0	yes	0	
FireWeaponUpdate	REGISTERED	FireWeaponUpdate	1	1	yes	7	0x001182D0 0x00118350 0x00292B50 0x00292C10 0x00292CB0 0x00292CF0 0x007EFFF0
FireWeaponWhenDamagedBehavior	REGISTERED	FireWeaponWhenDamagedBehavior	1	1	yes	9	0x0002A379 0x00116F30 0x00117420 0x001298A0 0x0012A100 0x001FB4B0 0x001FBA60 0x005BF290 0x007EFFF0
FireWeaponWhenDamagedBehaviorModuleData	REGISTERED	FireWeaponWhenDamagedBehavior	1	1	yes	9	0x0002A379 0x00116F30 0x00117420 0x001298A0 0x0012A100 0x001FB4B0 0x001FBA60 0x005BF290 0x007EFFF0
FireWeaponWhenDeadBehavior	REGISTERED	FireWeaponWhenDeadBehavior	1	1	yes	11	0x00116FC0 0x0011A150 0x0012A1C0 0x0012A250 0x0012AD30 0x0012AD60 0x001F8920 0x001F8930 0x001FBC70 0x001FBED0 0x007EFFF0
FirestormDynamicGeometryInfoUpdate	ABSENT	FirestormDynamicGeometryInfoUpdate	0	0	yes	2	0x002BC190 0x005BF290
FlammableUpdate	REGISTERED	FlammableUpdate	1	1	yes	17	0x001183E0 0x00118460 0x00292FAD 0x00293010 0x00293040 0x00293270 0x002933B0 0x00293440 0x00293520 0x00293800 0x00293990 0x00294B20 +5-more-see---rows
FlightDeckBehavior	ABSENT	FlightDeckBehavior	0	0	yes	30	0x000FB9C0 0x0010BDB0 0x0011FAD0 0x001DE420 0x001DE670 0x001DE7E0 0x002131B0 0x0022FDE0 0x0022FE20 0x0022FE80 0x0022FEE0 0x00231A00 +10-more-see---rows
FloatUpdate	REGISTERED	FloatUpdate	1	1	yes	6	0x00118500 0x00118580 0x00294F60 0x00294F90 0x00295010 0x007EFFF0
FoundationAIUpdate	REGISTERED	FoundationAIUpdate	2	1	no	7	0x001143B0 0x00122E30 0x002B9D60 0x002B9F80 0x002BA040 0x002BA940 0x00852130
FreeLifeBody	REGISTERED	FreeLifeBody	1	1	no	6	0x0011F940 0x002132B0 0x002132F0 0x00213390 0x00213410 0x002136E0
FreezingRainSpecialPower	REGISTERED	FreezingRainSpecialPower	1	1	no	7	0x00120810 0x00120890 0x0025D590 0x0025D5E0 0x0025D610 0x0025D6B0 0x0025D8C0
GarrisonContain	REGISTERED	GarrisonContain	3	2	yes	33	0x0000AE93 0x000B98F0 0x000BA6F0 0x000BC2A0 0x000C4500 0x000FB9C0 0x0010BDB0 0x00116040 0x00116250 0x001230B0 0x0021D750 0x0021D820 +21-more-see---rows
GateOpenAndCloseBehavior	REGISTERED	GateOpenAndCloseBehavior	1	1	no	6	0x00119DE0 0x00123AB0 0x001FC4B0 0x001FC580 0x001FCB50 0x001FCEC0
GateProxyBehavior	REGISTERED	GateProxyBehavior	1	1	no	5	0x00119E70 0x0011A1D0 0x00123BF0 0x001FCB50 0x001FCEC0
GenerateMinefieldBehavior	ABSENT	GenerateMinefieldBehavior	0	0	yes	4	0x0011DA50 0x00123180 0x001EE8F0 0x001EE900
GeometryUpgrade	REGISTERED	GeometryUpgrade	1	1	no	7	0x0011DF20 0x0011DFA0 0x002D5790 0x002D5840 0x002D5900 0x002D5CE0 0x002D5DD0
GettingBuiltBehavior	REGISTERED	GettingBuiltBehavior	1	1	no	5	0x00114320 0x001FE190 0x001FE260 0x001FE380 0x001FE510
GiantBirdAIUpdate	REGISTERED	GiantBirdAIUpdate	2	1	no	6	0x00118910 0x00118990 0x002BC190 0x002C2430 0x002C2640 0x002C2720
GiantBirdSlowDeathBehavior	REGISTERED	GiantBirdSlowDeathBehavior	1	1	no	7	0x001157D0 0x00115850 0x001FFB40 0x001FFC10 0x001FFD40 0x001FFE40 0x001FFF50
GiveUpgradeUpdate	REGISTERED	GiveUpgradeUpdate	1	1	no	9	0x0011AB00 0x0011AB80 0x0025D9A0 0x0025DA10 0x0025DB10 0x0025DBE0 0x0025DCF0 0x0025DE90 0x0025E4B0
GloriousChargeUpdate	REGISTERED	GloriousChargeUpdate	1	1	no	6	0x0011C750 0x0011C7D0 0x0025E890 0x0025E9B0 0x0025EA40 0x25e7c0
GrabPassengerSpecialPower	REGISTERED	GrabPassengerSpecialPower	1	1	no	7	0x00120A30 0x00120AB0 0x0025F0E0 0x0025F130 0x0025F160 0x0025F1F0 0x0025F260
GrantScienceUpgrade	ABSENT	GrantScienceUpgrade	0	0	yes	1	0x005BF290
GrantStealthBehavior	ABSENT	GrantStealthBehavior	0	0	yes	3	0x002978A0 0x00297D30 0x00297D60
GrantUpgradeCreate	REGISTERED	GrantUpgradeCreate	1	1	yes	10	0x0011E4E0 0x0011E560 0x0024F860 0x0024F8B0 0x0024F8E0 0x0024F9A0 0x0024F9D0 0x0024FA80 0x0024FB90 0x007EFFF0
HackInternetAIUpdate	ABSENT	HackInternetAIUpdate	0	0	yes	1	0x005BF290
HealContain	REGISTERED	HealContain	1	1	yes	7	0x00115B40 0x001219D0 0x00220190 0x002202B0 0x0028B9E0 0x0028BA40 0x007EFFF0
HealCrateCollide	REGISTERED	HealCrateCollide	1	1	yes	10	0x0011EDC0 0x0011EE50 0x00125E40 0x00217870 0x00217AD0 0x00217B20 0x00217B50 0x00217BE0 0x00217C10 0x007EFFF0
HeightDieUpdate	REGISTERED	HeightDieUpdate	1	1	yes	6	0x00118A20 0x00118AA0 0x00295500 0x00295550 0x002955E0 0x007EFFF0
HelicopterSlowDeathBehavior	ABSENT	HelicopterSlowDeathBehavior	0	0	yes	0	
HelixContain	ABSENT	HelixContain	0	0	yes	0	
HeroDie	REGISTERED	HeroDie	1	1	no	5	0x0011FCF0 0x00124950 0x00255600 0x00255670 0x002556D0
HeroModeSpecialAbilityUpdate	REGISTERED	HeroModeSpecialAbilityUpdate	1	1	no	8	0x00119130 0x001191B0 0x0025F8A0 0x0025F900 0x0025F940 0x0025F9E0 0x0025FAC0 0x0025FB80
HighlanderBody	REGISTERED	HighlanderBody	1	1	yes	6	0x0011F4B0 0x002137B0 0x00213800 0x00213830 0x002138C0 0x007EFFF0
HijackerUpdate	REGISTERED	HijackerUpdate	1	1	yes	11	0x0006E2B0 0x0006E2F0 0x0006E320 0x0011B4F0 0x00126D50 0x002921F0 0x00295AA0 0x00295AB0 0x00295B20 0x00295BB0 0x007EFFF0
HitReactionBehavior	REGISTERED	HitReactionBehavior	1	1	no	6	0x00114BE0 0x0011D000 0x00200200 0x002002C0 0x00291950 0x00291EB0
HiveStructureBody	ABSENT	HiveStructureBody	0	0	yes	1	0x00248F00
HiveStructureBodyModuleData	ABSENT	HiveStructureBody	0	0	yes	1	0x00248F00
HordeAIUpdate	REGISTERED	HordeAIUpdate	1	1	no	6	0x00123FB0 0x0027E4E0 0x0027EAE0 0x002C4310 0x002C43A0 0x002C4790
HordeContain	REGISTERED	HordeContain	17	4	no	7	0x00115BC0 0x00115D60 0x00129E90 0x00220530 0x0023EAF0 0x0023EF00 0x0023EF90
HordeGarrisonContain	REGISTERED	HordeGarrisonContain	1	1	no	6	0x00115FB0 0x001160C0 0x00248F90 0x00249080 0x00249820 0x0024D190
HordeMemberCollide	REGISTERED	HordeMemberCollide	1	1	no	5	0x0011ED40 0x00124890 0x00216790 0x002167A0 0x00216800
HordeSiegeEngineContain	REGISTERED	HordeSiegeEngineContain	2	1	no	7	0x00116360 0x001163F0 0x0022B0E0 0x0022CB80 0x0024A180 0x0024A2C0 0x0024A560
HordeTransportContain	REGISTERED	HordeTransportContain	2	1	no	7	0x00115F30 0x0024B6F0 0x0024B8E0 0x0024BD70 0x0024C530 0x0024CD10 0x0024D190
HordeUpdate	ABSENT	HordeUpdate	0	0	yes	7	0x001FE190 0x001FE260 0x001FE790 0x0020D5C0 0x00297500 0x00297510 0x00297530
HorseHordeContain	REGISTERED	HorseHordeContain	2	1	no	5	0x00115DE0 0x00115E70 0x002472D0 0x0024D220 0x0024D410
ImmortalBody	REGISTERED	ImmortalBody	1	1	yes	7	0x0011F530 0x00213990 0x002139E0 0x00213A10 0x00213AA0 0x0027F130 0x007EFFF0
InactiveBody	REGISTERED	InactiveBody	2	2	yes	8	0x00113BE0 0x0011F320 0x001CEFC0 0x00213B90 0x00213BF0 0x00213D60 0x00213E40 0x007EFFF0
InstantDeathBehavior	REGISTERED	InstantDeathBehavior	2	1	yes	11	0x00115360 0x001153E0 0x00123290 0x00200BA0 0x00200C00 0x00201650 0x00201810 0x00201840 0x0027F130 0x005BF290 0x007EFFF0
InternetHackContain	ABSENT	InternetHackContain	0	0	yes	0	
JetAIUpdate	ABSENT	JetAIUpdate	0	0	yes	0	
JetSlowDeathBehavior	ABSENT	JetSlowDeathBehavior	0	0	yes	0	
KeepObjectDie	REGISTERED	KeepObjectDie	1	1	yes	6	0x00117BC0 0x00122ED0 0x00125340 0x00255870 0x002558D0 0x007EFFF0
LargeGroupAudioUpdate	REGISTERED	LargeGroupAudioUpdate	2	1	no	9	0x0011C200 0x0011C280 0x00296250 0x00296C80 0x00296D50 0x00296DE0 0x002971F0 0x002972B0 0x00297390
LargeGroupBonusUpdate	REGISTERED	LargeGroupBonusUpdate	2	1	no	10	0x00118B30 0x00118BB0 0x002974D0 0x00297640 0x00297760 0x002977F0 0x00297820 0x002978A0 0x00297930 0x00297D60
LaserUpdate	REGISTERED	LaserUpdate	1	1	yes	13	0x00076E50 0x00118D70 0x00118DF0 0x00295AA0 0x00603790 0x00603820 0x00603910 0x00603A00 0x00603A50 0x006043B0 0x006043E0 0x00604460 +1-more-see---rows
LeafletDropBehavior	ABSENT	LeafletDropBehavior	0	0	yes	2	0x0020D5C0 0x005BF290
LevelGrantSpecialPower	REGISTERED	LevelGrantSpecialPower	1	1	no	6	0x0011FF90 0x00120010 0x0025FD20 0x0025FDD0 0x0025FEF0 0x0025FFF0
LevelUpUpgrade	REGISTERED	LevelUpUpgrade	1	1	no	5	0x0011D320 0x00129C10 0x0012B320 0x002D5F10 0x002D5F90
LifetimeUpdate	REGISTERED	LifetimeUpdate	2	1	yes	13	0x0011A2D0 0x0011A350 0x00297DE0 0x00297E00 0x00297E90 0x00297EB0 0x00297F10 0x00297FD0 0x00298000 0x002980A0 0x00298210 0x002982A0 +1-more-see---rows
LockWeaponCreate	REGISTERED	LockWeaponCreate	1	1	yes	8	0x0011E2D0 0x0011E350 0x0024FC20 0x0024FC70 0x0024FCB0 0x0024FD70 0x0024FE00 0x007EFFF0
LocomotorSetUpgrade	REGISTERED	LocomotorSetUpgrade	1	1	yes	6	0x0011D3A0 0x00129C10 0x0012B430 0x002D6160 0x002D61D0 0x007EFFF0
ManTheWallsSpecialPower	REGISTERED	ManTheWallsSpecialPower	1	1	no	6	0x001211E0 0x00121260 0x00260600 0x00260A90 0x00261260 0x00268F30
MaxHealthUpgrade	REGISTERED	MaxHealthUpgrade	1	1	yes	9	0x0011DC00 0x0011DC80 0x002D6370 0x002D63A0 0x002D6410 0x002D6590 0x002D65C0 0x002D65F0 0x007EFFF0
MinefieldBehavior	ABSENT	MinefieldBehavior	0	0	yes	11	0x000B98F0 0x000BA6F0 0x000BC2A0 0x000FB9C0 0x0010BDB0 0x00233490 0x0036CE20 0x00570920 0x00570970 0x00573F40 0x00574CD0
MissileAIUpdate	ABSENT	MissileAIUpdate	0	0	yes	2	0x0011F9C0 0x002136E0
MissileLauncherBuildingUpdate	ABSENT	MissileLauncherBuildingUpdate	0	0	yes	1	0x005BF290
MobMemberSlavedUpdate	ABSENT	MobMemberSlavedUpdate	0	0	yes	4	0x001FB0C0 0x001FB5D0 0x002A4790 0x005BF290
MobNexusContain	ABSENT	MobNexusContain	0	0	yes	0	
ModelConditionSoundSelectorClientBehavior	REGISTERED	ModelConditionSoundSelectorClientBehavior	1	1	no	6	0x00113DA0 0x00121E30 0x00124A50 0x00126190 0x00607550 0x00607710
ModelConditionSpecialAbilityUpdate	REGISTERED	ModelConditionSpecialAbilityUpdate	1	1	no	9	0x00118FF0 0x00119070 0x002982D0 0x00298320 0x00298380 0x002983E0 0x00298480 0x002984B0 0x002984C0
ModelConditionUpgrade	REGISTERED	ModelConditionUpgrade	1	1	yes	11	0x0011DD10 0x0011DD90 0x0027F130 0x002D6370 0x002D66D0 0x002D6740 0x002D6A20 0x002D6AF0 0x002D6B20 0x005BF290 0x007EFFF0
ModuleFactory	UNREGISTERED_NAMED	ModuleFactory	2	2	no	18	0x0000C054 0x0002047D 0x0005C5D0 0x00069580 0x000695F0 0x000699F0 0x00126260 0x001272C0 0x00127DA0 0x00127E00 0x00128E30 0x00129100 +6-more-see---rows
MoneyCrateCollide	REGISTERED	MoneyCrateCollide	1	1	yes	9	0x0011EF00 0x00125E40 0x00127020 0x00217870 0x00217D10 0x00217D60 0x00217D90 0x00217E30 0x007EFFF0
MonsterDockUpdate	REGISTERED	MonsterDockUpdate	1	1	no	10	0x0011B160 0x0011B1E0 0x002CDA00 0x002CDA30 0x002CDAE0 0x002CDB20 0x002CDBC0 0x002CDCF0 0x002CDD60 0x002CDD90
NeutronBlastBehavior	ABSENT	NeutronBlastBehavior	0	0	yes	1	0x005BF290
NeutronMissileSlowDeathBehavior	ABSENT	NeutronMissileSlowDeathBehavior	0	0	yes	1	0x001F7140
NeutronMissileUpdate	ABSENT	NeutronMissileUpdate	0	0	yes	0	
OCLSpecialPower	REGISTERED	OCLSpecialPower	1	1	yes	18	0x000FB9C0 0x0010BDB0 0x001201B0 0x00120230 0x001291B0 0x001F9DA0 0x002628E0 0x00262930 0x00262AF0 0x00262B90 0x00262BC0 0x00262FE0 +5-more-see---rows
OCLUpdate	REGISTERED	OCLUpdate	2	1	yes	13	0x0011A7C0 0x0011A840 0x001F6F60 0x00298870 0x00298890 0x002988F0 0x00298920 0x00298960 0x002989E0 0x00298A70 0x00298B40 0x00298B70 +1-more-see---rows
OathbreakerBody	REGISTERED	OathbreakerBody	1	1	no	5	0x0011FB60 0x00213F30 0x00213F80 0x00213FB0 0x00214040
OathbreakersFadeAwayBehavior	REGISTERED	OathbreakersFadeAwayBehavior	1	1	no	7	0x0011E250 0x00125CE0 0x00125D70 0x00126F00 0x001F1370 0x00201BB0 0x00201C30
ObjectCreationUpgrade	REGISTERED	ObjectCreationUpgrade	1	1	yes	7	0x0011D420 0x0011D4A0 0x002D6C60 0x002D6D90 0x002D75B0 0x002D7660 0x007EFFF0
OneRingPenaltyUpdate	REGISTERED	OneRingPenaltyUpdate	2	1	no	8	0x0011A3E0 0x0011A460 0x00298CE0 0x00298D30 0x00298D60 0x00298E10 0x00298F10 0x00298FA0
OpenContain	REGISTERED	OpenContain	2	1	yes	20	0x00115960 0x001159E0 0x001BD960 0x0020A730 0x00219650 0x00221720 0x002227E0 0x002228E0 0x002262E0 0x00226460 0x00226CF0 0x00226E50 +7-more-see---rows
OverchargeBehavior	ABSENT	OverchargeBehavior	0	0	yes	3	0x0008A430 0x0008A450 0x0020D5C0
OverlordContain	ABSENT	OverlordContain	0	0	yes	0	
POWTruckAIUpdate	ABSENT	POWTruckAIUpdate	0	0	yes	0	
POWTruckBehavior	ABSENT	POWTruckBehavior	0	0	yes	0	
ParachuteContain	ABSENT	ParachuteContain	0	0	yes	0	
ParkingPlaceBehavior	ABSENT	ParkingPlaceBehavior	0	0	yes	20	0x000C9060 0x000CBC90 0x000FB9C0 0x000FC590 0x0010BDB0 0x001F59F0 0x003CBD10 0x003CC290 0x003CDA00 0x003D14D0 0x003D1710 0x005BF290 +5-more-see---rows
PartTheHeavensUpdate	REGISTERED	PartTheHeavensUpdate	1	1	no	7	0x0011C530 0x0011C5B0 0x00299820 0x002998F0 0x002999D0 0x00299E10 0x00299F50
ParticleUplinkCannonUpdate	ABSENT	ParticleUplinkCannonUpdate	0	0	yes	4	0x0011CC80 0x002A2520 0x002A2690 0x002A26C0
PassengersFireUpgrade	ABSENT	PassengersFireUpgrade	0	0	yes	0	
PassiveAreaEffectBehavior	REGISTERED	PassiveAreaEffectBehavior	1	1	no	7	0x001175D0 0x00117650 0x00202100 0x00202220 0x002022B0 0x002027A0 0x00202870
PhysicsBehavior	REGISTERED	PhysicsBehavior	1	1	yes	11	0x000AF9D0 0x0011A9F0 0x0011AA70 0x0018F307 0x00202AF0 0x0029A090 0x0029A880 0x0029A990 0x0029AA30 0x0029B310 0x005BD440
PilotFindVehicleUpdate	ABSENT	PilotFindVehicleUpdate	0	0	yes	0	
PlayerHealSpecialPower	REGISTERED	PlayerHealSpecialPower	1	1	no	8	0x00121400 0x00121480 0x002639D0 0x00263A20 0x00263AB0 0x00263B50 0x00263BE0 0x00268CB0
PlayerUpgradeSpecialPower	REGISTERED	PlayerUpgradeSpecialPower	1	1	no	8	0x000658A0 0x001212F0 0x00121370 0x00263F50 0x00263FA0 0x00263FF0 0x00264090 0x00264210
PointDefenseLaserUpdate	ABSENT	PointDefenseLaserUpdate	0	0	yes	4	0x00113FB0 0x00123620 0x00286F80 0x00287410
PoisonedBehavior	REGISTERED	PoisonedBehavior	1	1	yes	13	0x00117050 0x001170D0 0x001B2D50 0x00202930 0x002029B0 0x00202B10 0x00202BD0 0x0027F130 0x002B0AD0 0x005BF290 0x006CF660 0x007EFFF0
PorcupineFormationBodyModule	REGISTERED	PorcupineFormationBodyModule	1	1	no	7	0x0011FBE0 0x0011FC60 0x00214170 0x002141C0 0x00214200 0x002142A0 0x00214470
PowerPlantUpdate	ABSENT	PowerPlantUpdate	0	0	yes	2	0x000A71C0 0x000A7210
PowerPlantUpgrade	ABSENT	PowerPlantUpgrade	0	0	yes	0	
PreorderCreate	REGISTERED	PreorderCreate	1	1	yes	8	0x0011E700 0x0024FE70 0x0024FEC0 0x0024FF00 0x0024FF90 0x00250000 0x0027F130 0x007EFFF0
PrisonBehavior	ABSENT	PrisonBehavior	0	0	yes	0	
PrisonDockUpdate	ABSENT	PrisonDockUpdate	0	0	yes	0	
ProductionSpeedBonus	REGISTERED	ProductionSpeedBonus	2	1	no	7	0x001200A0 0x00120120 0x00264450 0x002644B0 0x00264690 0x00264750 0x00268F30
ProductionUpdate	REGISTERED	ProductionUpdate	1	1	yes	13	0x0011AC10 0x0011AC90 0x0029C9E0 0x0029CC70 0x0029CD00 0x0029D190 0x0029D330 0x0029D460 0x0029E260 0x0029FB70 0x0029FC40 0x007EFFF0 +1-more-see---rows
ProjectileStreamUpdate	ABSENT	ProjectileStreamUpdate	0	0	yes	0	
ProneUpdate	REGISTERED	ProneUpdate	1	1	yes	9	0x0011AD30 0x0011ADB0 0x0029FE30 0x0029FE70 0x0029FEE0 0x002A0030 0x002A0090 0x002A0120 0x007EFFF0
PropagandaCenterBehavior	ABSENT	PropagandaCenterBehavior	0	0	yes	0	
PropagandaTowerBehavior	REGISTERED	PropagandaTowerBehavior	1	1	yes	11	0x00116E10 0x0011A130 0x0011CB70 0x00202F40 0x00203050 0x00203130 0x002034F0 0x0028DC60 0x0028DCE0 0x0028DD10 0x007EFFF0
QueueProductionExitUpdate	REGISTERED	QueueProductionExitUpdate	1	1	yes	17	0x001156B0 0x00124150 0x001241B0 0x001F8B80 0x001F8D10 0x002D04B0 0x002D04C0 0x002D04E0 0x002D04F0 0x002D06F0 0x002D07B0 0x002D0890 +5-more-see---rows
RadarUpdate	REGISTERED	RadarUpdate	1	1	yes	7	0x0011AEC0 0x00124240 0x002A01C0 0x002A01E0 0x002A0260 0x002A03E0 0x007EFFF0
RadarUpgrade	REGISTERED	RadarUpgrade	1	1	yes	8	0x0011D540 0x00129C10 0x0012B530 0x002D7AA0 0x002D7B10 0x002D7BD0 0x005BF290 0x007EFFF0
RadiusDecalUpdate	REGISTERED	RadiusDecalUpdate	1	1	yes	11	0x0011A580 0x00123E50 0x002A04E0 0x002A05B0 0x002A0640 0x002A0750 0x002A07B0 0x002A0840 0x005BF290 0x007EFFF0 0x00852130
RailedTransportAIUpdate	ABSENT	RailedTransportAIUpdate	0	0	yes	0	
RailedTransportContain	ABSENT	RailedTransportContain	0	0	yes	0	
RailedTransportDockUpdate	UNREGISTERED_NAMED	RailedTransportDockUpdate	1	1	yes	20	0x0000C27F 0x0027F130 0x002CE290 0x002CE2D0 0x002CE320 0x002CE340 0x002CE360 0x002CE3A0 0x002CE440 0x002CE450 0x002CE4F0 0x002CE580 +8-more-see---rows
RailroadBehavior	ABSENT	RailroadBehavior	0	0	yes	0	
RainOfFireUpdate	REGISTERED	RainOfFireUpdate	2	1	no	5	0x0011C310 0x0011C390 0x002A08B0 0x002A0920 0x002A0C90
RampageBehavior	REGISTERED	RampageBehavior	1	1	no	3	0x001149C0 0x00203C20 0x00203CF0
RandomSoundSelectorClientBehavior	REGISTERED	RandomSoundSelectorClientBehavior	2	1	no	10	0x00122040 0x0012BCC0 0x0012BDD0 0x0012BE60 0x00607A30 0x00607B10 0x00607BE0 0x00607C40 0x00607C90 0x00607D70
RebuildHoleBehavior	ABSENT	RebuildHoleBehavior	0	0	yes	2	0x001F8B80 0x001F8D10
RebuildHoleExposeDie	ABSENT	RebuildHoleExposeDie	0	0	yes	1	0x00123290
ReflectDamage	REGISTERED	ReflectDamage	2	1	no	5	0x0011E900 0x0011E980 0x002516D0 0x002516F0 0x00251770
RefundDie	REGISTERED	RefundDie	1	1	no	7	0x001176E0 0x00123200 0x001232C0 0x00125530 0x00255A80 0x00255AE0 0x00255BE0
RepairDockUpdate	REGISTERED	RepairDockUpdate	1	1	yes	13	0x0011B050 0x0011B0D0 0x001A9110 0x0027F130 0x002CECF0 0x002CED20 0x002CEDC0 0x002CEE00 0x002CEEA0 0x002CEF40 0x002CEF60 0x002CEF90 +1-more-see---rows
RepairSpecialPower	REGISTERED	RepairSpecialPower	1	1	no	7	0x00121730 0x001217B0 0x002647F0 0x00264840 0x00264890 0x00264920 0x00264990
ReplaceObjectUpgrade	ABSENT	ReplaceObjectUpgrade	0	0	yes	1	0x005BF290
ReplenishUnitsBehavior	REGISTERED	ReplenishUnitsBehavior	2	1	no	5	0x001173A0 0x002044E0 0x00204650 0x00204B50 0x00204ED0
RespawnBody	REGISTERED	RespawnBody	1	1	no	8	0x0011F720 0x0011F7A0 0x00211D40 0x00214650 0x002146A0 0x002146D0 0x00214770 0x002149D0
RespawnUpdate	REGISTERED	RespawnUpdate	21	1	no	4	0x0011CC00 0x002A1510 0x002A1630 0x002A1B20
RiderChangeContain	REGISTERED	RiderChangeContain	1	1	yes	14	0x001166D0 0x001195C0 0x00229FB0 0x0022A150 0x0022A230 0x0022A360 0x0022A550 0x0022B3E0 0x0022B480 0x00258730 0x00268120 0x00268A00 +2-more-see---rows
RousingSpeechUpdate	REGISTERED	RousingSpeechUpdate	1	1	no	8	0x0011C640 0x0011C6C0 0x00264BF0 0x00264D10 0x00264DA0 0x00264EA0 0x00265450 0x00265800
RubbleRiseUpdate	REGISTERED	RubbleRiseUpdate	2	1	no	11	0x0011B6C0 0x00127AD0 0x00127BD0 0x00128BD0 0x002A3540 0x002A3640 0x002A3750 0x002A37E0 0x002A3840 0x002A3950 0x002A3A90
RunOffMapBehavior	REGISTERED	RunOffMapBehavior	1	1	no	7	0x001158E0 0x00126760 0x001267E0 0x00205000 0x00205060 0x002050E0 0x00205170
SabotageCommandCenterCrateCollide	ABSENT	SabotageCommandCenterCrateCollide	0	0	yes	1	0x005BF290
SabotageFakeBuildingCrateCollide	ABSENT	SabotageFakeBuildingCrateCollide	0	0	yes	1	0x005BF290
SabotageInternetCenterCrateCollide	ABSENT	SabotageInternetCenterCrateCollide	0	0	yes	1	0x005BF290
SabotageMilitaryFactoryCrateCollide	ABSENT	SabotageMilitaryFactoryCrateCollide	0	0	yes	1	0x005BF290
SabotagePowerPlantCrateCollide	ABSENT	SabotagePowerPlantCrateCollide	0	0	yes	1	0x005BF290
SabotageSuperweaponCrateCollide	ABSENT	SabotageSuperweaponCrateCollide	0	0	yes	1	0x005BF290
SabotageSupplyCenterCrateCollide	ABSENT	SabotageSupplyCenterCrateCollide	0	0	yes	1	0x005BF290
SabotageSupplyDropzoneCrateCollide	ABSENT	SabotageSupplyDropzoneCrateCollide	0	0	yes	1	0x005BF290
SalvageCrateCollide	REGISTERED	SalvageCrateCollide	2	1	yes	8	0x0011F190 0x00218030 0x00218090 0x002180F0 0x00218190 0x00218320 0x005BF290 0x007EFFF0
ScavengerSpecialPower	REGISTERED	ScavengerSpecialPower	1	1	no	7	0x001204E0 0x00120560 0x002658B0 0x00265900 0x00265930 0x00265960 0x00265A80
ShareExperienceBehavior	REGISTERED	ShareExperienceBehavior	2	1	no	7	0x00116BF0 0x00116C70 0x002056B0 0x00205740 0x00205830 0x002059C0 0x00205AC0
ShroudCrateCollide	REGISTERED	ShroudCrateCollide	1	1	yes	10	0x0011EDC0 0x0011EF80 0x00125E40 0x00217870 0x00218620 0x00218670 0x00218690 0x00218770 0x00218800 0x007EFFF0
SiegeAIUpdate	REGISTERED	SiegeAIUpdate	1	1	no	5	0x00118C40 0x00118CC0 0x002C52E0 0x002C5330 0x002C53D0
SiegeDeployHordeSpecialPower	REGISTERED	SiegeDeployHordeSpecialPower	1	1	no	6	0x00120D70 0x00120DF0 0x00265B20 0x00265C30 0x00265D90 0x00265ED0
SiegeDeploySpecialPower	REGISTERED	SiegeDeploySpecialPower	1	1	no	7	0x00120C60 0x00120CE0 0x0025A4A0 0x00266240 0x00266380 0x00266450 0x002664F0
SiegeDockingBehavior	REGISTERED	SiegeDockingBehavior	1	1	no	7	0x00114E00 0x00114E80 0x00205F60 0x002062C0 0x002063D0 0x00206710 0x002067C0
SiegeEngineContain	REGISTERED	SiegeEngineContain	4	2	no	7	0x00115CD0 0x001162E0 0x0022B870 0x0022B990 0x0022BC50 0x0022BE30 0x0022BF30
SlaughterHordeContain	REGISTERED	SlaughterHordeContain	2	1	no	7	0x00116750 0x00116D00 0x0022B160 0x0022B220 0x0024E7A0 0x0024E850 0x0024EB00
SlaveWatcherBehavior	REGISTERED	SlaveWatcherBehavior	1	1	no	7	0x001174C0 0x00117540 0x00207300 0x002073C0 0x002074C0 0x00207510 0x00207580
SlavedUpdate	REGISTERED	SlavedUpdate	2	1	yes	16	0x0011B270 0x00125A60 0x00126980 0x002A41D0 0x002A4260 0x002A4320 0x002A43B0 0x002A43F0 0x002A44A0 0x002A4660 0x002A4720 0x002A47F0 +4-more-see---rows
SlowDeathBehavior	REGISTERED	SlowDeathBehavior	4	3	yes	12	0x00115470 0x001154F0 0x001C0F90 0x00207B60 0x00207D10 0x002080B0 0x002093F0 0x002095F0 0x00209BB0 0x0020A150 0x0020A570 0x0020A730
SmartBombTargetHomingUpdate	ABSENT	SmartBombTargetHomingUpdate	0	0	yes	6	0x00113FB0 0x00286DC0 0x00286F80 0x00287100 0x00287410 0x005BF290
SpawnBehavior	REGISTERED	SpawnBehavior	1	1	yes	16	0x00115590 0x0011A150 0x0012A970 0x0012AA20 0x0012AA50 0x0012AAC0 0x0020AE30 0x0020B0F0 0x0020B180 0x0020B6B0 0x0020C050 0x0061A860 +4-more-see---rows
SpawnPointProductionExitUpdate	REGISTERED	SpawnPointProductionExitUpdate	1	1	yes	13	0x0003B566 0x0011B470 0x00126C70 0x002D1480 0x002D1710 0x002D17A0 0x002D2010 0x002D2150 0x002D21A0 0x0035F0F0 0x005BF290 0x006CF680 +1-more-see---rows
SpawnUnitBehavior	REGISTERED	SpawnUnitBehavior	1	1	no	6	0x0011E1D0 0x00125CE0 0x00125D70 0x00126F00 0x0020D0F0 0x0020D1A0
SpecialAbility	SUBSTRING	SpecialAbility	13	0	yes	3	0x002A6520 0x005BF290 0x007EFFF0
SpecialAbilityUpdate	REGISTERED	SpecialAbilityUpdate	10	7	yes	13	0x0001466E 0x001140C0 0x00114140 0x0026D950 0x002A5AA0 0x002A5CC0 0x002A6210 0x002A6320 0x002A6360 0x002A7010 0x002A7540 0x002AA850 +1-more-see---rows
SpecialDisguiseUpdate	REGISTERED	SpecialDisguiseUpdate	1	1	no	6	0x0011CD40 0x0011CDC0 0x00267730 0x002677D0 0x00267820 0x00267A90
SpecialEnemySenseUpdate	REGISTERED	SpecialEnemySenseUpdate	1	1	no	7	0x0011A500 0x00123D00 0x00123D90 0x00125890 0x002AAF30 0x002AAFF0 0x002AB0F0
SpecialPowerCompletionDie	REGISTERED	SpecialPowerCompletionDie	1	1	yes	10	0x00117AA0 0x00123430 0x00123620 0x001236C0 0x00255E30 0x00255EA0 0x00255FD0 0x00256070 0x005BF290 0x007EFFF0
SpecialPowerCompletionDieModuleData	REGISTERED	SpecialPowerCompletionDie	1	1	yes	10	0x00117AA0 0x00123430 0x00123620 0x001236C0 0x00255E30 0x00255EA0 0x00255FD0 0x00256070 0x005BF290 0x007EFFF0
SpecialPowerCreate	REGISTERED	SpecialPowerCreate	1	1	yes	6	0x0011E780 0x00250070 0x002500C0 0x00250100 0x00250190 0x007EFFF0
SpecialPowerModule	REGISTERED	SpecialPowerModule	2	2	no	18	0x00119540 0x00119650 0x0011A150 0x002687C0 0x00268A30 0x00268A60 0x00268A90 0x00268F30 0x00269070 0x00269130 0x00269600 0x0026A1A0 +6-more-see---rows
SpectreGunshipDeploymentUpdate	ABSENT	SpectreGunshipDeploymentUpdate	0	0	yes	0	
SpectreGunshipUpdate	ABSENT	SpectreGunshipUpdate	0	0	yes	2	0x002ED480 0x006BF1D0
SplitHordeSpecialPower	REGISTERED	SplitHordeSpecialPower	1	1	no	7	0x00121620 0x001216A0 0x0026B030 0x0026B080 0x0026B0D0 0x0026B160 0x0026B1D0
SpyVisionSpecialPower	ABSENT	SpyVisionSpecialPower	0	0	yes	1	0x0011F9C0
SpyVisionUpdate	ABSENT	SpyVisionUpdate	0	0	yes	6	0x001144C0 0x00123180 0x001EE950 0x00377D70 0x00378070 0x003780A0
SpyVisionUpdateModuleData	ABSENT	SpyVisionUpdate	0	0	yes	6	0x001144C0 0x00123180 0x001EE950 0x00377D70 0x00378070 0x003780A0
SquishCollide	REGISTERED	SquishCollide	1	1	yes	7	0x0011EBA0 0x00124800 0x00216B90 0x00216BA0 0x00216C00 0x0027F130 0x007EFFF0
StatusBitsUpgrade	REGISTERED	StatusBitsUpgrade	1	1	yes	10	0x00118020 0x0011D5C0 0x00129C10 0x0027F130 0x002D7DA0 0x002D7DD0 0x002D7E40 0x005BF290 0x007EFFF0
StealthDetectorUpdate	REGISTERED	StealthDetectorUpdate	2	1	yes	13	0x0011B2F0 0x001269F0 0x00126B30 0x00126B60 0x00126BE0 0x001EED50 0x0027F130 0x002AB4A0 0x002AB590 0x002AB650 0x002AB690 0x005BF290 +1-more-see---rows
StealthUpdate	REGISTERED	StealthUpdate	2	2	yes	14	0x00049AA3 0x0011B3F0 0x0012A680 0x001EED50 0x002227D0 0x00267D80 0x002AC090 0x002AC440 0x002AC5C0 0x002AC620 0x002ACB70 0x002ACCB0 +2-more-see---rows
StealthUpgrade	REGISTERED	StealthUpgrade	1	1	yes	6	0x0011D6C0 0x00129C10 0x0012BF00 0x002D8000 0x002D8070 0x007EFFF0
StickyBombUpdate	ABSENT	StickyBombUpdate	0	0	yes	2	0x0020D5C0 0x005BF290
StopSpecialPower	REGISTERED	StopSpecialPower	1	1	no	8	0x00120E80 0x00120F00 0x002693E0 0x0026B340 0x0026B3A0 0x0026B400 0x0026B4A0 0x0026B5B0
StructureBody	REGISTERED	StructureBody	1	1	yes	9	0x0011F5E0 0x001293C0 0x001294A0 0x00214AF0 0x00214B50 0x00214BA0 0x00214C30 0x005BF290 0x007EFFF0
StructureCollapseUpdate	REGISTERED	StructureCollapseUpdate	2	1	yes	14	0x0011B630 0x00128940 0x00128A60 0x00128A90 0x00128B10 0x002284A0 0x002A38A0 0x002AE130 0x002AE200 0x002AE310 0x002AE3A0 0x002AE3D0 +2-more-see---rows
StructureToppleUpdate	REGISTERED	StructureToppleUpdate	2	1	yes	17	0x0011B750 0x0012BF50 0x0012C150 0x0012C180 0x0012C250 0x002A4190 0x002AE520 0x002AEF80 0x002AF1E0 0x002AF310 0x002AF3A0 0x002AF3D0 +5-more-see---rows
SubObjectsUpgrade	REGISTERED	SubObjectsUpgrade	1	1	yes	8	0x0011D640 0x0012B6C0 0x0012B7C0 0x0012B7F0 0x002D83A0 0x002D8420 0x002D8A60 0x007EFFF0
SupplyCenterCreate	REGISTERED	SupplyCenterCreate	1	1	yes	7	0x0011E3E0 0x00250260 0x002502B0 0x002502F0 0x00250380 0x002503B0 0x007EFFF0
SupplyCenterDockUpdate	REGISTERED	SupplyCenterDockUpdate	1	1	yes	11	0x0011AF40 0x0011AFC0 0x002CF0C0 0x002CF0F0 0x002CF170 0x002CF1F0 0x002CF290 0x002CF5A0 0x002CF5D0 0x002CF600 0x007EFFF0
SupplyCenterProductionExitUpdate	REGISTERED	SupplyCenterProductionExitUpdate	1	1	yes	12	0x0011B7E0 0x001243A0 0x002CFCA0 0x002CFCD0 0x002D22F0 0x002D2400 0x002D24C0 0x002D25E0 0x0037CC20 0x0037CC50 0x0037CE80 0x007EFFF0
SupplyTruckAIUpdate	REGISTERED	SupplyTruckAIUpdate	2	1	yes	18	0x0011B860 0x0011B930 0x0011B9B0 0x00124400 0x00124430 0x0027F130 0x002C5580 0x002C5740 0x002C5780 0x002C57E0 0x002C5820 0x002C5860 +6-more-see---rows
SupplyWarehouseCreate	REGISTERED	SupplyWarehouseCreate	1	1	yes	7	0x0011E460 0x00250460 0x002504B0 0x002504E0 0x00250570 0x002505A0 0x007EFFF0
SupplyWarehouseCripplingBehavior	REGISTERED	SupplyWarehouseCripplingBehavior	1	1	yes	7	0x00037619 0x00117170 0x001171F0 0x0020D580 0x0020D6B0 0x0020D770 0x007EFFF0
SupplyWarehouseDockUpdate	REGISTERED	SupplyWarehouseDockUpdate	2	1	yes	17	0x0011BA40 0x0011BAC0 0x0027F130 0x002CF680 0x002CF6B0 0x002CF760 0x002CF800 0x002CF860 0x002CF890 0x002CF8C0 0x002CFA50 0x002CFAC0 +5-more-see---rows
SwayClientUpdate	REGISTERED	SwayClientUpdate	2	1	yes	4	0x00121AF0 0x002B0F50 0x006044E0 0x00604560
TaintSpecialPower	REGISTERED	TaintSpecialPower	1	1	no	7	0x00120700 0x00120780 0x0026B650 0x0026B6A0 0x0026B6D0 0x0026B770 0x0026B870
TechBuildingBehavior	ABSENT	TechBuildingBehavior	0	0	yes	4	0x0008A430 0x0008A450 0x0008AD20 0x005BF290
TemporarilyDefectUpdate	REGISTERED	TemporarilyDefectUpdate	1	1	no	6	0x001220C0 0x00124C20 0x002B0AD0 0x002B0BA0 0x002B0EA0 0x00852130
TensileFormationUpdate	ABSENT	TensileFormationUpdate	0	0	yes	4	0x0011E880 0x00252F50 0x00253090 0x002B65B0
ToggleHiddenSpecialAbilityUpdate	REGISTERED	ToggleHiddenSpecialAbilityUpdate	1	1	no	8	0x0011C9E0 0x0011CA60 0x0026BFB0 0x0026BFD0 0x0026C030 0x0026C080 0x0026C100 0x0026C1E0
ToggleMountedSpecialAbilityUpdate	REGISTERED	ToggleMountedSpecialAbilityUpdate	1	1	no	5	0x0011C890 0x0011C910 0x0026C520 0x0026C650 0x0026C730
TooltipUpgrade	REGISTERED	TooltipUpgrade	1	1	no	7	0x0011E030 0x0012BAE0 0x0012BBB0 0x0012BC30 0x002D93E0 0x002D9450 0x00418B50
ToppleUpdate	REGISTERED	ToppleUpdate	3	2	yes	12	0x0003FC97 0x0011BB50 0x0011BBD0 0x002B0F60 0x002B0FE0 0x002B1060 0x002B1180 0x002B1210 0x002B12C0 0x002B13A0 0x002B1580 0x002B15B0
TransitionDamageFX	REGISTERED	TransitionDamageFX	3	1	yes	12	0x000041FB 0x0000A5AB 0x00020C43 0x00124740 0x00124770 0x00251CF0 0x00252F50 0x00253000 0x002532B0 0x002534D0 0x00253500 0x007EFFF0
TransitionDamageFXModuleData	REGISTERED	TransitionDamageFX	3	1	yes	12	0x000041FB 0x0000A5AB 0x00020C43 0x00124740 0x00124770 0x00251CF0 0x00252F50 0x00253000 0x002532B0 0x002534D0 0x00253500 0x007EFFF0
TransportAIUpdate	REGISTERED	TransportAIUpdate	3	2	yes	10	0x00116860 0x0011BD80 0x00271DB0 0x0027E4E0 0x0027EAE0 0x0027F130 0x002C7020 0x002C70D0 0x002C71D0 0x007EFFF0
TransportContain	REGISTERED	TransportContain	4	2	yes	12	0x00115C50 0x00125470 0x0021D560 0x0021FC80 0x002276C0 0x0022CEC0 0x0022CF60 0x0022D010 0x0022D0E0 0x0022D3C0 0x0022D590 0x007EFFF0
TunnelContain	REGISTERED	TunnelContain	2	1	yes	12	0x00116470 0x00116530 0x0022EE70 0x0022F040 0x0022F1B0 0x0022F200 0x0022F370 0x0022F640 0x0024B580 0x0024B630 0x0024B660 0x007EFFF0
UndeadBody	ABSENT	UndeadBody	0	0	yes	1	0x005BF290
UnitCrateCollide	REGISTERED	UnitCrateCollide	1	1	yes	10	0x0011F030 0x00125EA0 0x00125F10 0x001270C0 0x001270F0 0x00218870 0x002188C0 0x002188F0 0x00218990 0x007EFFF0
UnpauseSpecialPowerUpgrade	REGISTERED	UnpauseSpecialPowerUpgrade	1	1	yes	7	0x0011D740 0x0011D7C0 0x002D9760 0x002D97D0 0x002D99B0 0x002D9A10 0x007EFFF0
UpdateModule	UNREGISTERED_NAMED	UpdateModule	135	5	no	14	0x0011A130 0x0011A150 0x00124080 0x001B2FB0 0x001EEBC0 0x0027E4E0 0x0027EAE0 0x0028D700 0x002A1710 0x002B1FD0 0x002B2020 0x002B2040 +2-more-see---rows
UpgradeDie	REGISTERED	UpgradeDie	1	1	yes	9	0x00117B40 0x00123560 0x001256A0 0x00125710 0x00126870 0x001268A0 0x002560E0 0x00256140 0x007EFFF0
UpgradeDieModuleData	REGISTERED	UpgradeDie	1	1	yes	9	0x00117B40 0x00123560 0x001256A0 0x00125710 0x00126870 0x001268A0 0x002560E0 0x00256140 0x007EFFF0
UpgradeModule	UNREGISTERED_NAMED	UpgradeModule	1	1	no	6	0x0011A150 0x00128D20 0x00128DA0 0x00128FA0 0x001F8920 0x001F8930
UpgradeSoundSelectorClientBehavior	REGISTERED	UpgradeSoundSelectorClientBehavior	1	1	no	7	0x00113DA0 0x00121ED0 0x00124B30 0x006085A0 0x00608DC0 0x00608F80 0x00609030
VeterancyCrateCollide	REGISTERED	VeterancyCrateCollide	1	1	yes	9	0x0011F0E0 0x00125FD0 0x00218BE0 0x00218C30 0x00218CA0 0x00218D40 0x00218D90 0x005BF290 0x007EFFF0
VeterancyGainCreate	ABSENT	VeterancyGainCreate	0	0	yes	0	
W3DBuffDraw	REGISTERED	W3DBuffDraw	2	1	no	5	0x006BF7A0 0x006BF820 0x00750240 0x00750380 0x00750410
W3DDebrisDraw	REGISTERED	W3DDebrisDraw	1	1	yes	6	0x00113BE0 0x006BEF40 0x007505C0 0x007506A0 0x00750CC0
W3DDefaultDraw	REGISTERED	W3DDefaultDraw	2	2	yes	4	0x0027F130 0x005BF290 0x006BEFC0 0x00751260
W3DDependencyModelDraw	ABSENT	W3DDependencyModelDraw	0	0	yes	0	
W3DFloorDraw	REGISTERED	W3DFloorDraw	2	1	no	5	0x006BF9C0 0x006BFA40 0x007516C0 0x007517A0 0x00751840
W3DHordeModelDraw	REGISTERED	W3DHordeModelDraw	2	1	no	5	0x006BFBE0 0x006BFC60 0x00751C30 0x00751CF0 0x00751DE0
W3DLaserDraw	REGISTERED	W3DLaserDraw	1	1	yes	9	0x00114320 0x001FE190 0x001FE260 0x006BF150 0x006CF660 0x00756E40 0x00757A50 0x00757BE0
W3DLightDraw	REGISTERED	W3DLightDraw	1	1	no	3	0x006BFB50 0x007586F0 0x00758780
W3DModelDraw	ABSENT	W3DModelDraw	0	0	yes	38	0x0005C5D0 0x00069200 0x000FB9C0 0x0010BDB0 0x0011F9C0 0x0020E2C0 0x0020E310 0x0020E430 0x0020E940 0x002109B0 0x00213750 0x00262FA0 +22-more-see---rows
W3DOverlordAircraftDraw	ABSENT	W3DOverlordAircraftDraw	0	0	yes	1	0x0011F9C0
W3DOverlordTankDraw	ABSENT	W3DOverlordTankDraw	0	0	yes	3	0x0011E130 0x002D36B0 0x005BF290
W3DOverlordTruckDraw	ABSENT	W3DOverlordTruckDraw	0	0	yes	1	0x00429460
W3DPoliceCarDraw	UNREGISTERED_NAMED	W3DPoliceCarDraw	2	1	yes	3	0x00758C30 0x00758DA0 0x00758E40
W3DProjectileStreamDraw	ABSENT	W3DProjectileStreamDraw	0	0	yes	3	0x001194C0 0x00369CF0 0x00369FD0
W3DPropDraw	REGISTERED	W3DPropDraw	1	1	yes	7	0x000A71C0 0x000A7210 0x0027F130 0x005BF290 0x006BF8B0 0x007592C0
W3DQuadrupedDraw	REGISTERED	W3DQuadrupedDraw	1	1	no	6	0x006BF260 0x006BFE00 0x006BFEB0 0x006BFF70 0x00759730 0x007597B0
W3DRopeDraw	REGISTERED	W3DRopeDraw	2	1	yes	34	0x000FB9C0 0x0010BDB0 0x00113BE0 0x0027F130 0x00570920 0x00574CD0 0x006079F0 0x006BF2E0 0x00759EA0 0x00759EB0 0x00759ED0 0x00759F80 +22-more-see---rows
W3DScienceModelDraw	ABSENT	W3DScienceModelDraw	0	0	yes	0	
W3DScriptedModelDraw	REGISTERED	W3DScriptedModelDraw	2	1	no	3	0x006BF040 0x006BF0C0 0x00773950
W3DStreakDraw	REGISTERED	W3DStreakDraw	1	1	no	6	0x006BFCF0 0x006BFD70 0x0077D450 0x0077D510 0x0077D620 0x0077D930
W3DSupplyDraw	REGISTERED	W3DSupplyDraw	1	1	yes	7	0x006BF360 0x006BF3E0 0x0077DB70 0x0077DC20 0x0077DD50 0x0077DDF0
W3DTankDraw	REGISTERED	W3DTankDraw	1	1	yes	14	0x006BF580 0x006BF600 0x0077E0A0 0x0077E0C0 0x0077E1F0 0x0077E260 0x0077E2F0 0x0077E320 0x0077EA70 0x0077EBA0 0x0077EC40 0x0077EDD0 +1-more-see---rows
W3DTankTruckDraw	ABSENT	W3DTankTruckDraw	0	0	yes	7	0x0077E0A0 0x0077FD80 0x0077FE70 0x007800A0 0x00781390 0x00781520 0x007815E0
W3DTracerDraw	ABSENT	W3DTracerDraw	0	0	yes	0	
W3DTreeDraw	REGISTERED	W3DTreeDraw	2	1	yes	8	0x006BF690 0x006BF710 0x0077F1C0 0x0077F2D0 0x0077F360 0x0077F460 0x0077F540
W3DTruckDraw	REGISTERED	W3DTruckDraw	1	1	yes	5	0x006BF470 0x006BF4F0 0x0077FB20 0x0077FCE0
WallUpgradeUpdate	REGISTERED	WallUpgradeUpdate	1	1	no	4	0x0011C170 0x002B2270 0x002B2380 0x002B25A0
WanderAIUpdate	REGISTERED	WanderAIUpdate	3	1	yes	9	0x0011BE60 0x0011BEE0 0x00271DB0 0x0027E4E0 0x0027EAE0 0x002C7520 0x002C75C0 0x002C7700 0x007EFFF0
WargBehavior	REGISTERED	WargBehavior	1	1	no	3	0x00115620 0x0020D980 0x0020D9D0
WaveGuideUpdate	ABSENT	WaveGuideUpdate	0	0	yes	0	
WeaponBonusUpdate	ABSENT	WeaponBonusUpdate	0	0	yes	1	0x00123620
WeaponBonusUpgrade	REGISTERED	WeaponBonusUpgrade	1	1	yes	5	0x0011D850 0x00129C10 0x002DA320 0x002DA390 0x007EFFF0
WeaponChangeSpecialPowerModule	REGISTERED	WeaponChangeSpecialPowerModule	1	1	no	8	0x001203D0 0x00120450 0x0026CC80 0x0026CCD0 0x0026CD00 0x0026CD60 0x0026CE40 0x0026CF10
WeaponFireSpecialAbilityUpdate	REGISTERED	WeaponFireSpecialAbilityUpdate	1	1	no	8	0x001193B0 0x00119430 0x0026D320 0x0026D3F0 0x0026D550 0x0026D630 0x0026D670 0x0026D7B0
WeaponModeSpecialPowerUpdate	REGISTERED	WeaponModeSpecialPowerUpdate	1	1	no	6	0x00119670 0x001196F0 0x0026A820 0x002B2BD0 0x002B2CF0 0x002B2D70
WeaponSetSpecialAbilityUpdate	REGISTERED	WeaponSetSpecialAbilityUpdate	1	1	no	8	0x00119270 0x001192F0 0x0026DC20 0x0026DC50 0x0026DCB0 0x0026DCF0 0x0026DDD0 0x002A9850
WeaponSetUpgrade	REGISTERED	WeaponSetUpgrade	2	1	yes	5	0x0011D8D0 0x00129C10 0x002DA4E0 0x002DA550 0x007EFFF0
WorkerAIUpdate	REGISTERED	WorkerAIUpdate	4	2	yes	27	0x000D1690 0x000D3E80 0x0011BF80 0x0011C060 0x0011C0E0 0x001F8AB0 0x002C7A80 0x002C7BD0 0x002C7D60 0x002C7D70 0x002C7E30 0x002C7EE0 +15-more-see---rows
WoundArrowUpdate	REGISTERED	WoundArrowUpdate	1	1	no	7	0x00120F90 0x00121010 0x0026DF50 0x0026DFB0 0x0026E010 0x0026E050 0x0026E130
