game/GameEngine/Source/Common/BfmeN1242Put.cpp	game/Libraries/Source/Apt/BfmeN1242Put.cpp	BfmeN1242
game/GameEngine/Source/Common/Rva003D0A40MapXfer.cpp	game/GameEngine/Source/GameLogic/LargeGroupAudio/Rva003D0A40MapXfer.cpp	EA
game/GameEngine/Source/Common/Rva003D1020AudioMapXfer.cpp	game/GameEngine/Source/GameLogic/LargeGroupAudio/Rva003D1020AudioMapXfer.cpp	EA
game/GameEngine/Source/Common/Rva004101B0TextSetter.cpp	game/GameEngine/Source/GameClient/Rva004101B0TextSetter.cpp	EA
game/GameEngine/Source/Common/Rva004605F0NodeTagParser.cpp	game/GameEngine/Source/GameClient/GUI/Rva004605F0NodeTagParser.cpp	EA
game/GameEngine/Source/Common/Rva00462E80RegisterNode.cpp	game/GameEngine/Source/GameClient/GUI/Rva00462E80RegisterNode.cpp	EA
game/GameEngine/Source/Common/Rva0046A870CreateMainWindow.cpp	game/GameEngine/Source/GameClient/GUI/Rva0046A870CreateMainWindow.cpp	EA
game/GameEngine/Source/Common/Rva0046F910RankDisplay.cpp	game/GameEngine/Source/GameClient/GUI/Rva0046F910RankDisplay.cpp	EA
game/GameEngine/Source/Common/Rva00522990ConfigureMessageBox.cpp	game/GameEngine/Source/GameClient/GUI/GUICallbacks/Apt/Rva00522990ConfigureMessageBox.cpp	EA
game/GameEngine/Source/Common/Rva00589320LivingWorldStatus.cpp	game/GameEngine/Source/GameClient/GUI/Palantir/Rva00589320LivingWorldStatus.cpp	EA
game/GameEngine/Source/Common/Rva00592D60Update.cpp	game/GameEngine/Source/GameClient/GUI/Palantir/Rva00592D60Update.cpp	EA
game/GameEngine/Source/Common/Rva00595160PanelUpdate.cpp	game/GameEngine/Source/GameClient/GUI/Palantir/Rva00595160PanelUpdate.cpp	EA
game/GameEngine/Source/Common/Rva006092D0State_Rva00609360.cpp	game/GameEngine/Source/GameClient/Rva006092D0State_Rva00609360.cpp	EA
game/GameEngine/Source/Common/Rva00695E20LodGate.cpp	game/GameEngineDevice/Source/MilesAudioDevice/Rva00695E20LodGate.cpp	EA
game/GameEngine/Source/Common/Rva0069A2E0Refresh.cpp	game/GameEngineDevice/Source/MilesAudioDevice/Rva0069A2E0Refresh.cpp	EA
game/GameEngine/Source/Common/Rva0069A830LockedReset.cpp	game/GameEngineDevice/Source/MilesAudioDevice/Rva0069A830LockedReset.cpp	EA
game/GameEngine/Source/Common/Rva006BCD80Constructor.cpp	game/GameEngineDevice/Source/W3DDevice/GameLogic/Rva006BCD80Constructor.cpp	W3DRenderObjectSnapshot
game/GameEngine/Source/Common/Rva006BCE40Destructor.cpp	game/GameEngineDevice/Source/W3DDevice/GameLogic/Rva006BCE40Destructor.cpp	W3DRenderObjectSnapshot
game/GameEngine/Source/Common/Rva006DAC80FadeUpdate.cpp	game/GameEngineDevice/Source/W3DDevice/GameClient/Rva006DAC80FadeUpdate.cpp	EA
game/GameEngine/Source/Common/Rva0078A5D0BindHAnim.cpp	game/GameEngineDevice/Source/W3DDevice/GameClient/GUI/Rva0078A5D0BindHAnim.cpp	EA
game/GameEngine/Source/Common/Rva007D6B70Ctor.cpp	game/GameEngineDevice/Source/W3DDevice/GameClient/Rva007D6B70Ctor.cpp	Rva007D6B70
game/GameEngine/Source/Common/Rva007D6B70FilterDestructor.cpp	game/GameEngineDevice/Source/W3DDevice/GameClient/Rva007D6B70FilterDestructor.cpp	Rva007D6B70
game/GameEngine/Source/Common/Rva007D6B70FilterShutdown.cpp	game/GameEngineDevice/Source/W3DDevice/GameClient/Rva007D6B70FilterShutdown.cpp	Rva007D6B70
game/GameEngine/Source/Common/Rva0087E150At.cpp	game/Libraries/Source/geometry/Rva0087E150At.cpp	EA
game/GameEngine/Source/Common/Rva0087FA50UpdateFlags.cpp	game/Libraries/Source/geometry/Rva0087FA50UpdateFlags.cpp	EA
game/GameEngine/Source/Common/Rva00893030ManagerInvoke.cpp	game/Libraries/Source/Apt/Rva00893030ManagerInvoke.cpp	EA
game/GameEngine/Source/Common/Rva00897260RecursiveCleanup.cpp	game/Libraries/Source/Apt/Rva00897260RecursiveCleanup.cpp	EA
game/GameEngine/Source/Common/Rva008A30A0ReleaseClear.cpp	game/Libraries/Source/Apt/AptValue/Rva008A30A0ReleaseClear.cpp	EA
game/GameEngine/Source/Common/Rva008AE2E0BoundsGetter.cpp	game/Libraries/Source/Apt/Rva008AE2E0BoundsGetter.cpp	EA
game/GameEngine/Source/Common/Rva008F78B0BfmeThingCtor.cpp	game/Libraries/Source/shroudmanager/Rva008F78B0BfmeThingCtor.cpp	EA
game/GameEngine/Source/Common/Rva009013A0DescriptorParse.cpp	game/Libraries/Source/WWVegas/WW3D2/Rva009013A0DescriptorParse.cpp	EA
game/GameEngine/Source/Common/Rva0090C2F0Go.cpp	game/Libraries/Source/WWVegas/WW3D2/Rva0090C2F0Go.cpp	EA
game/GameEngine/Source/Common/Rva0090C2F0InnerLoad.cpp	game/Libraries/Source/WWVegas/WW3D2/Rva0090C2F0InnerLoad.cpp	EA
game/GameEngine/Source/Common/Rva0090D210CreateStats.cpp	game/Libraries/Source/WWVegas/WW3D2/Rva0090D210CreateStats.cpp	EA
game/GameEngine/Source/Common/Rva009A2030OwnedRecordDtor.cpp	game/Libraries/Source/subsystem/Rva009A2030OwnedRecordDtor.cpp	EA
game/GameEngine/Source/Common/Rva009A29A0WindowManager.cpp	game/Libraries/Source/collisionmanager/Rva009A29A0WindowManager.cpp	EA
game/GameEngine/Source/Common/Rva009A36F0Owner.cpp	game/Libraries/Source/collisionmanager/Rva009A36F0Owner.cpp	EA
game/GameEngine/Source/Common/Rva009F40E0Recursive.cpp	game/Libraries/Source/partitionmanager/Rva009F40E0Recursive.cpp	EA
game/GameEngine/Source/Common/Rva009F4130WideQuery.cpp	game/Libraries/Source/partitionmanager/Rva009F4130WideQuery.cpp	EA
game/GameEngine/Source/Common/Rva009F59D0Method.cpp	game/Libraries/Source/partitionmanager/Rva009F59D0Method.cpp	EA
game/GameEngine/Source/Common/S4StreakLinePublisher.cpp	game/GameEngine/Source/GameClient/System/FXParticleSystem/S4StreakLinePublisher.cpp	EA
game/GameEngine/Source/Common/SequentialScript_loadPostProcess.cpp	game/GameEngine/Source/GameLogic/ScriptEngine/SequentialScript_loadPostProcess.cpp	SequentialScript
game/GameEngine/Source/Common/Small03eFontAdvance.cpp	game/Libraries/Source/WWVegas/WW3D2/Small03eFontAdvance.cpp	FontCharsClass
game/GameEngine/Source/Common/Small03fFontTwin.cpp	game/Libraries/Source/WWVegas/WW3D2/Small03fFontTwin.cpp	FontCharsClass
game/GameEngine/Source/Common/Small03gUnlinkGuard.cpp	game/Libraries/Source/WWVegas/WW3D2/Small03gUnlinkGuard.cpp	Gen_00943CF0
game/GameEngine/Source/Common/System/Rva00375A00Xfer.cpp	game/GameEngine/Source/GameLogic/System/Rva00375A00Xfer.cpp	EA
game/GameEngine/Source/Common/TBuffXfer.cpp	game/GameEngineDevice/Source/W3DDevice/GameClient/TBuffXfer.cpp	EA
game/GameEngine/Source/Common/TaintGridUpdate.cpp	game/Libraries/Source/taintmanager/TaintGridUpdate.cpp	Gen_008812D0
game/GameEngine/Source/Common/TurretAIRecenterTurretState_loadPostProcess.cpp	game/GameEngine/Source/GameLogic/AI/TurretAIRecenterTurretState_loadPostProcess.cpp	TurretAIRecenterTurretState
game/GameEngine/Source/Common/W3DBuffDrawObscuredVirtual.cpp	game/GameEngineDevice/Source/W3DDevice/GameClient/Drawable/Draw/W3DBuffDrawObscuredVirtual.cpp	W3DBuffDraw
game/GameEngine/Source/Common/W3DGhostObjectManager_loadPostProcess.cpp	game/GameEngineDevice/Source/W3DDevice/GameLogic/W3DGhostObjectManager_loadPostProcess.cpp	W3DGhostObjectManager
game/GameEngine/Source/Common/W3DTerrainVisualBase_loadPostProcess.cpp	game/GameEngineDevice/Source/W3DDevice/GameClient/W3DTerrainVisualBase_loadPostProcess.cpp	W3DTerrainVisualBase
game/GameEngine/Source/Common/W3DTerrainVisual_loadPostProcess.cpp	game/GameEngineDevice/Source/W3DDevice/GameClient/W3DTerrainVisual_loadPostProcess.cpp	W3DTerrainVisual
game/GameEngine/Source/Common/Weapon_loadPostProcess.cpp	game/GameEngine/Source/GameLogic/Object/Weapon_loadPostProcess.cpp	Weapon
game/GameEngine/Source/Common/WorkerStateMachine_loadPostProcess.cpp	game/GameEngine/Source/GameLogic/Object/Update/AIUpdate/WorkerStateMachine_loadPostProcess.cpp	WorkerStateMachine
game/GameEngine/Source/Common/addGameToAvailableList_Thunk.cpp	game/GameEngine/Source/Common/System/SaveGame/addGameToAvailableList_Thunk.cpp	EA
game/GameEngine/Source/GameClient/BfmeAptLevel00465CE0.cpp	game/GameEngine/Source/GameClient/GUI/BfmeAptLevel00465CE0.cpp	EA
game/GameEngine/Source/GameClient/GUI/AptDisplayStringAllocation_ctor.cpp	game/GameEngineDevice/Source/W3DDevice/GameClient/GUI/AptDisplayStringAllocation_ctor.cpp	EA
game/GameEngine/Source/GameClient/GUI/AptDisplayStringAllocation_dtor.cpp	game/GameEngineDevice/Source/W3DDevice/GameClient/GUI/AptDisplayStringAllocation_dtor.cpp	EA
game/GameEngine/Source/GameClient/GUI/AptLivingWorldUIRegisterCallbacks.cpp	game/GameEngine/Source/GameClient/GUI/GUICallbacks/Apt/AptLivingWorldUIRegisterCallbacks.cpp	EA
game/GameEngine/Source/GameClient/GUI/AptMainMenuCreditsExit.cpp	game/GameEngine/Source/GameClient/GUI/Shell/AptMainMenuCreditsExit.cpp	EA
game/GameEngine/Source/GameClient/GUI/AptPalantirHeroSelectorRva00595D40.cpp	game/GameEngine/Source/GameClient/GUI/Palantir/AptPalantirHeroSelectorRva00595D40.cpp	EA
game/GameEngine/Source/GameClient/GUI/AptPalantirHide.cpp	game/GameEngine/Source/GameClient/GUI/Palantir/AptPalantirHide.cpp	EA
game/GameEngine/Source/GameClient/GUI/AptPalantirRegisterCallbacks.cpp	game/GameEngine/Source/GameClient/GUI/GUICallbacks/Apt/AptPalantirRegisterCallbacks.cpp	EA
game/GameEngine/Source/GameClient/GUI/AptPalantirShowSpellStore.cpp	game/GameEngine/Source/GameClient/GUI/Palantir/AptPalantirShowSpellStore.cpp	EA
game/GameEngine/Source/GameClient/GUI/AptScoreScreenConstructor.cpp	game/GameEngine/Source/GameClient/GUI/GUICallbacks/Apt/AptScoreScreenConstructor.cpp	EA
game/GameEngine/Source/GameClient/GUI/AptScoreScreenRenameAccept.cpp	game/GameEngine/Source/GameClient/GUI/GUICallbacks/Apt/AptScoreScreenRenameAccept.cpp	EA
game/GameEngine/Source/GameClient/GUI/AptScreenPickByThreshold.cpp	game/GameEngine/Source/GameClient/GUI/GUICallbacks/Apt/AptScreenPickByThreshold.cpp	EA
game/GameEngine/Source/GameClient/GUI/AptScreenPopulateGroupRoomListboxRva005397D0.cpp	game/GameEngine/Source/GameClient/GUI/GUICallbacks/Apt/AptScreenPopulateGroupRoomListboxRva005397D0.cpp	EA
game/GameEngine/Source/GameClient/GUI/AptScreenSetComboFromIndex.cpp	game/GameEngine/Source/GameClient/GUI/GUICallbacks/Apt/AptScreenSetComboFromIndex.cpp	EA
game/GameEngine/Source/GameClient/GUI/AptScreenSpellStoreUpdate000062DF.cpp	game/GameEngine/Source/GameClient/GUI/Palantir/AptScreenSpellStoreUpdate000062DF.cpp	EA
game/GameEngine/Source/GameClient/GUI/AptSkirmishConstructor.cpp	game/GameEngine/Source/GameClient/GUI/GUICallbacks/Apt/AptSkirmishConstructor.cpp	EA
game/GameEngine/Source/GameClient/GUI/BannerMovieCallback00582A10.cpp	game/GameEngine/Source/GameClient/GUI/Palantir/BannerMovieCallback00582A10.cpp	EA
game/GameEngine/Source/GameClient/GUI/BannerThingCounterAdd.cpp	game/GameEngine/Source/GameClient/GUI/ControlBar/BannerThingCounterAdd.cpp	EA
game/GameEngine/Source/GameClient/GUI/BannerUIAptHelpers.cpp	game/GameEngine/Source/GameClient/GUI/GUICallbacks/Apt/BannerUIAptHelpers.cpp	EA
game/GameEngine/Source/GameClient/GUI/BannerUIRegisterCallbacks.cpp	game/GameEngine/Source/GameClient/GUI/GUICallbacks/Apt/BannerUIRegisterCallbacks.cpp	EA
game/GameEngine/Source/GameClient/GUI/BfmeAptScreenInGameChatFriendPanel.cpp	game/GameEngine/Source/GameClient/GUI/GUICallbacks/Apt/BfmeAptScreenInGameChatFriendPanel.cpp	EA
game/GameEngine/Source/GameClient/GUI/BfmeAptScreenInGameChatInitGadgets.cpp	game/GameEngine/Source/GameClient/GUI/GUICallbacks/Apt/BfmeAptScreenInGameChatInitGadgets.cpp	EA
game/GameEngine/Source/GameClient/GUI/BfmeAptScreenLanLobby_applySlotPlayerTemplate.cpp	game/GameEngine/Source/GameClient/GUI/GUICallbacks/Apt/BfmeAptScreenLanLobby_applySlotPlayerTemplate.cpp	EA
game/GameEngine/Source/GameClient/GUI/BfmeAptScreenLanLobby_applySlotTeam.cpp	game/GameEngine/Source/GameClient/GUI/GUICallbacks/Apt/BfmeAptScreenLanLobby_applySlotTeam.cpp	EA
game/GameEngine/Source/GameClient/GUI/BfmeAptScreenLanLobby_onInitGadget.cpp	game/GameEngine/Source/GameClient/GUI/GUICallbacks/Apt/BfmeAptScreenLanLobby_onInitGadget.cpp	EA
game/GameEngine/Source/GameClient/GUI/BfmeAptScreenLanLobby_rva00517B60.cpp	game/GameEngine/Source/GameClient/GUI/GUICallbacks/Apt/BfmeAptScreenLanLobby_rva00517B60.cpp	EA
game/GameEngine/Source/GameClient/GUI/BfmeAptScreenMapTransferConstructor.cpp	game/GameEngine/Source/GameClient/GUI/GUICallbacks/Apt/BfmeAptScreenMapTransferConstructor.cpp	EA
game/GameEngine/Source/GameClient/GUI/BfmeAptScreenOnlineChatInitGadgets.cpp	game/GameEngine/Source/GameClient/GUI/GUICallbacks/Apt/BfmeAptScreenOnlineChatInitGadgets.cpp	EA
game/GameEngine/Source/GameClient/GUI/BfmeAptScreenOnlineChatOnBttnAccept.cpp	game/GameEngine/Source/GameClient/GUI/GUICallbacks/Apt/BfmeAptScreenOnlineChatOnBttnAccept.cpp	EA
game/GameEngine/Source/GameClient/GUI/BfmeAptScreenOptionsSave.cpp	game/GameEngine/Source/GameClient/GUI/GUICallbacks/Apt/BfmeAptScreenOptionsSave.cpp	EA
game/GameEngine/Source/GameClient/GUI/BfmeAptScreenQuitMenuDestructor.cpp	game/GameEngine/Source/GameClient/GUI/GUICallbacks/Apt/BfmeAptScreenQuitMenuDestructor.cpp	EA
game/GameEngine/Source/GameClient/GUI/BfmeOnlineProfileScreenConstructor.cpp	game/GameEngine/Source/GameClient/GUI/GUICallbacks/Apt/BfmeOnlineProfileScreenConstructor.cpp	EA
game/GameEngine/Source/GameClient/GUI/BfmeOnlineProfileScreenDestructor.cpp	game/GameEngine/Source/GameClient/GUI/GUICallbacks/Apt/BfmeOnlineProfileScreenDestructor.cpp	EA
game/GameEngine/Source/GameClient/GUI/ControlBar/ControlBar_buildTooltipLayout.cpp	game/GameEngine/Source/GameClient/GUI/GUICallbacks/ControlBar_buildTooltipLayout.cpp	EA
game/GameEngine/Source/GameClient/GUI/ControlBar/ControlBar_hideBuildTooltipLayout.cpp	game/GameEngine/Source/GameClient/GUI/GUICallbacks/ControlBar_hideBuildTooltipLayout.cpp	EA
game/GameEngine/Source/GameClient/GUI/GUICallbacks/Menus/GameSpyLoginPreferences_addLogin.cpp	game/Libraries/Source/subsystem/GameSpyLoginPreferences_addLogin.cpp	EA
game/GameEngine/Source/GameClient/GUI/GUICallbacks/Menus/RestartMissionMenu.cpp	game/GameEngine/Source/GameClient/GUI/GUICallbacks/Apt/RestartMissionMenu.cpp	EA
game/GameEngine/Source/GameClient/GUI/GUICallbacks/Menus/Rva005307B0ChatPlayerTooltip.cpp	game/GameEngine/Source/GameClient/GUI/GUICallbacks/Apt/Rva005307B0ChatPlayerTooltip.cpp	EA
game/GameEngine/Source/GameClient/GUI/GUICallbacks/Rva00511CC0InGameChat.cpp	game/GameEngine/Source/GameClient/GUI/GUICallbacks/Apt/Rva00511CC0InGameChat.cpp	EA
game/GameEngine/Source/GameClient/GUI/LanLobbyGamesTooltip.cpp	game/GameEngine/Source/GameNetwork/GameSpy/LanLobbyGamesTooltip.cpp	EA
game/GameEngine/Source/GameClient/GUI/LoadScreen0051BF30Ctor.cpp	game/GameEngine/Source/GameClient/GUI/GUICallbacks/Apt/LoadScreen0051BF30Ctor.cpp	EA
game/GameEngine/Source/GameClient/GUI/MapTransferProcessProgress.cpp	game/GameEngine/Source/GameClient/GUI/GUICallbacks/Apt/MapTransferProcessProgress.cpp	EA
game/GameEngine/Source/GameClient/GUI/MpGameSetupOnInitGadget.cpp	game/GameEngine/Source/GameClient/GUI/GUICallbacks/Apt/MpGameSetupOnInitGadget.cpp	EA
game/GameEngine/Source/GameClient/GUI/MpGameSetupRva00527930.cpp	game/GameEngine/Source/GameClient/GUI/GUICallbacks/Apt/MpGameSetupRva00527930.cpp	EA
game/GameEngine/Source/GameClient/GUI/OnlineChatConstructor.cpp	game/GameEngine/Source/GameClient/GUI/GUICallbacks/Apt/OnlineChatConstructor.cpp	EA
game/GameEngine/Source/GameClient/GUI/OnlineCustomMatchApplyPreferredGameNamePassword.cpp	game/GameEngine/Source/GameClient/GUI/GUICallbacks/Apt/OnlineCustomMatchApplyPreferredGameNamePassword.cpp	EA
game/GameEngine/Source/GameClient/GUI/OnlineCustomMatchApplySelectedMap.cpp	game/GameEngine/Source/GameClient/GUI/GUICallbacks/Apt/OnlineCustomMatchApplySelectedMap.cpp	EA
game/GameEngine/Source/GameClient/GUI/OnlineCustomMatchApplySlotColor.cpp	game/GameEngine/Source/GameClient/GUI/GUICallbacks/Apt/OnlineCustomMatchApplySlotColor.cpp	EA
game/GameEngine/Source/GameClient/GUI/OnlineCustomMatchApplySlotPlayerTemplate.cpp	game/GameEngine/Source/GameClient/GUI/GUICallbacks/Apt/OnlineCustomMatchApplySlotPlayerTemplate.cpp	EA
game/GameEngine/Source/GameClient/GUI/OnlineCustomMatchApplySlotStartPos.cpp	game/GameEngine/Source/GameClient/GUI/GUICallbacks/Apt/OnlineCustomMatchApplySlotStartPos.cpp	EA
game/GameEngine/Source/GameClient/GUI/OnlineCustomMatchApplySlotState.cpp	game/GameEngine/Source/GameClient/GUI/GUICallbacks/Apt/OnlineCustomMatchApplySlotState.cpp	EA
game/GameEngine/Source/GameClient/GUI/OnlineCustomMatchApplySlotTeam.cpp	game/GameEngine/Source/GameClient/GUI/GUICallbacks/Apt/OnlineCustomMatchApplySlotTeam.cpp	EA
game/GameEngine/Source/GameClient/GUI/OnlineCustomMatchFindStagingRoom.cpp	game/GameEngine/Source/GameClient/GUI/GUICallbacks/Apt/OnlineCustomMatchFindStagingRoom.cpp	EA
game/GameEngine/Source/GameClient/GUI/OnlineCustomMatchHandleAccept.cpp	game/GameEngine/Source/GameClient/GUI/GUICallbacks/Apt/OnlineCustomMatchHandleAccept.cpp	EA
game/GameEngine/Source/GameClient/GUI/OnlineCustomMatchOnInitGadget.cpp	game/GameEngine/Source/GameClient/GUI/GUICallbacks/Apt/OnlineCustomMatchOnInitGadget.cpp	EA
game/GameEngine/Source/GameClient/GUI/OnlineCustomMatchStartingSuppliesCombo.cpp	game/GameEngine/Source/GameClient/GUI/GUICallbacks/Apt/OnlineCustomMatchStartingSuppliesCombo.cpp	EA
game/GameEngine/Source/GameClient/GUI/OnlineHomeConstructor.cpp	game/GameEngine/Source/GameClient/GUI/GUICallbacks/Apt/OnlineHomeConstructor.cpp	EA
game/GameEngine/Source/GameClient/GUI/OnlineHomePeerResponses.cpp	game/GameEngine/Source/GameClient/GUI/GUICallbacks/Apt/OnlineHomePeerResponses.cpp	EA
game/GameEngine/Source/GameClient/GUI/OnlineHomeRefresh00547730.cpp	game/GameEngine/Source/GameClient/GUI/GUICallbacks/Apt/OnlineHomeRefresh00547730.cpp	EA
game/GameEngine/Source/GameClient/GUI/OnlineLoginCheckLogin.cpp	game/GameEngine/Source/GameClient/GUI/GUICallbacks/Apt/OnlineLoginCheckLogin.cpp	EA
game/GameEngine/Source/GameClient/GUI/OnlineLoginConstructor.cpp	game/GameEngine/Source/GameClient/GUI/GUICallbacks/Apt/OnlineLoginConstructor.cpp	EA
game/GameEngine/Source/GameClient/GUI/OnlineLoginLogin.cpp	game/GameEngine/Source/GameClient/GUI/GUICallbacks/Apt/OnlineLoginLogin.cpp	EA
game/GameEngine/Source/GameClient/GUI/OnlineLoginRva00552C40.cpp	game/GameEngine/Source/GameClient/GUI/GUICallbacks/Apt/OnlineLoginRva00552C40.cpp	EA
game/GameEngine/Source/GameClient/GUI/OnlineLoginRva005536F0.cpp	game/GameEngine/Source/GameClient/GUI/GUICallbacks/Apt/OnlineLoginRva005536F0.cpp	EA
game/GameEngine/Source/GameClient/GUI/OnlineLoginSubmit00551620.cpp	game/GameEngine/Source/GameClient/GUI/GUICallbacks/Apt/OnlineLoginSubmit00551620.cpp	EA
game/GameEngine/Source/GameClient/GUI/OnlineLoginSubmitNew00551060.cpp	game/GameEngine/Source/GameClient/GUI/GUICallbacks/Apt/OnlineLoginSubmitNew00551060.cpp	EA
game/GameEngine/Source/GameClient/GUI/OnlineProfileRankTooltip00554510.cpp	game/GameEngine/Source/GameClient/GUI/GUICallbacks/Apt/OnlineProfileRankTooltip00554510.cpp	EA
game/GameEngine/Source/GameClient/GUI/OnlineQuickMatchConstructor.cpp	game/GameEngine/Source/GameClient/GUI/GUICallbacks/Apt/OnlineQuickMatchConstructor.cpp	EA
game/GameEngine/Source/GameClient/GUI/OnlineQuickMatchDestructor.cpp	game/GameEngine/Source/GameClient/GUI/GUICallbacks/Apt/OnlineQuickMatchDestructor.cpp	EA
game/GameEngine/Source/GameClient/GUI/OnlineRankProgress005578A0.cpp	game/GameEngine/Source/GameClient/GUI/GUICallbacks/Apt/OnlineRankProgress005578A0.cpp	EA
game/GameEngine/Source/GameClient/GUI/OnlineShellInAdvMode.cpp	game/GameEngine/Source/GameClient/GUI/GUICallbacks/Apt/OnlineShellInAdvMode.cpp	EA
game/GameEngine/Source/GameClient/GUI/RankProgress00579990.cpp	game/GameEngine/Source/GameClient/GUI/GUICallbacks/Apt/RankProgress00579990.cpp	EA
game/GameEngine/Source/GameClient/GUI/Rva00518BF0LanColor.cpp	game/GameEngine/Source/GameClient/GUI/GUICallbacks/Apt/Rva00518BF0LanColor.cpp	EA
game/GameEngine/Source/GameClient/GUI/Rva00523460ComboSelectByData.cpp	game/GameEngine/Source/GameClient/GUI/GUICallbacks/Apt/Rva00523460ComboSelectByData.cpp	EA
game/GameEngine/Source/GameClient/GUI/Rva00525080PlayerState.cpp	game/GameEngine/Source/GameClient/GUI/GUICallbacks/Apt/Rva00525080PlayerState.cpp	EA
game/GameEngine/Source/GameClient/GUI/Rva00596970CreateWindow.cpp	game/GameEngine/Source/GameClient/GUI/Palantir/Rva00596970CreateWindow.cpp	EA
game/GameEngine/Source/GameClient/GUI/Rva00784090AptItemBounds.cpp	game/GameEngineDevice/Source/W3DDevice/GameClient/GUI/Rva00784090AptItemBounds.cpp	EA
game/GameEngine/Source/GameClient/GUI/Rva00786060AptRoundedBounds.cpp	game/GameEngineDevice/Source/W3DDevice/GameClient/GUI/Rva00786060AptRoundedBounds.cpp	EA
game/GameEngine/Source/GameClient/GUI/Rva00788A30GeometryParser.cpp	game/GameEngineDevice/Source/W3DDevice/GameClient/GUI/Rva00788A30GeometryParser.cpp	EA
game/GameEngine/Source/GameClient/GUI/ScoreRowS4SortElem8Less.cpp	game/GameEngine/Source/GameLogic/System/ScoreRowS4SortElem8Less.cpp	EA
game/GameEngine/Source/GameClient/GUI/ScoreScreenInitGadgets.cpp	game/GameEngine/Source/GameClient/GUI/GUICallbacks/Apt/ScoreScreenInitGadgets.cpp	EA
game/GameEngine/Source/GameClient/GUI/SelectionAll00595230.cpp	game/GameEngine/Source/GameClient/GUI/Palantir/SelectionAll00595230.cpp	EA
game/GameEngine/Source/GameClient/GUI/SelectionTable00594D60.cpp	game/GameEngine/Source/GameClient/GUI/Palantir/SelectionTable00594D60.cpp	EA
game/GameEngine/Source/GameClient/GUI/ShowAptSaveLoad.cpp	game/GameEngine/Source/GameClient/GUI/GUICallbacks/Apt/ShowAptSaveLoad.cpp	EA
game/GameEngine/Source/GameClient/GUI/ShowCampaignReview.cpp	game/GameEngine/Source/GameClient/GUI/GUICallbacks/Apt/ShowCampaignReview.cpp	EA
game/GameEngine/Source/GameClient/GUI/ShowSkirmish.cpp	game/GameEngine/Source/GameClient/GUI/GUICallbacks/Apt/ShowSkirmish.cpp	EA
game/GameEngine/Source/GameClient/GUI/SkirmishScreenOnInitGadget.cpp	game/GameEngine/Source/GameClient/GUI/GUICallbacks/Apt/SkirmishScreenOnInitGadget.cpp	EA
game/GameEngine/Source/GameClient/GUI/SkirmishScreenStateApply.cpp	game/GameEngine/Source/GameClient/GUI/GUICallbacks/Apt/SkirmishScreenStateApply.cpp	EA
game/GameEngine/Source/GameClient/GUI/SkirmishScreenStateRebuildColorCombo.cpp	game/GameEngine/Source/GameClient/GUI/GUICallbacks/Apt/SkirmishScreenStateRebuildColorCombo.cpp	EA
game/GameEngine/Source/GameClient/GUI/SkirmishScreenStateRefreshPlayerTypeCombo.cpp	game/GameEngine/Source/GameClient/GUI/GUICallbacks/Apt/SkirmishScreenStateRefreshPlayerTypeCombo.cpp	EA
game/GameEngine/Source/GameClient/GUI/SkirmishScreenStateRva005294F0.cpp	game/GameEngine/Source/GameClient/GUI/GUICallbacks/Apt/SkirmishScreenStateRva005294F0.cpp	EA
game/GameEngine/Source/GameClient/GUI/SoundFadeTransition_update.cpp	game/GameEngine/Source/GameClient/GUI/Transitions/SoundFadeTransition_update.cpp	EA
game/GameEngine/Source/GameClient/GUI/SpellStore005999B0.cpp	game/GameEngine/Source/GameClient/GUI/Palantir/SpellStore005999B0.cpp	EA
game/GameEngine/Source/GameClient/GameClientUpdate00598950.cpp	game/GameEngine/Source/GameClient/GUI/Palantir/GameClientUpdate00598950.cpp	EA
game/GameEngine/Source/GameClient/Input/Rva00510DC0ShowToolTip.cpp	game/GameEngine/Source/GameClient/GUI/GUICallbacks/Apt/Rva00510DC0ShowToolTip.cpp	EA
game/GameEngine/Source/GameClient/Input/Rva005A6470MouseEventQueue_emit.cpp	game/GameEngine/Source/GameClient/MessageStream/Rva005A6470MouseEventQueue_emit.cpp	EA
game/GameEngine/Source/GameClient/ParabolicEaseSetEaseTimesBFME.cpp	game/GameEngine/Source/Common/ParabolicEaseSetEaseTimesBFME.cpp	EA
game/GameEngine/Source/GameClient/System/FXParticleSystem/Q4Sort0034BFC0Comparator.cpp	game/GameEngine/Source/GameLogic/ScriptEngine/Q4Sort0034BFC0Comparator.cpp	EA
game/GameEngine/Source/GameClient/WeatherData.cpp	game/GameEngine/Source/GameLogic/System/WeatherData.cpp	EA
game/GameEngine/Source/GameLogic/AI/AIPathfind_classifyCells.asm	game/GameEngine/Source/GameLogic/Pathfinder/AIPathfind_classifyCells.asm	EA
game/GameEngine/Source/GameLogic/AI/AIPathfind_findGroundPath.asm	game/GameEngine/Source/GameLogic/Pathfinder/AIPathfind_findGroundPath.asm	EA
game/GameEngine/Source/GameLogic/AI/BfmeAttackQueryCanAttackTarget.cpp	game/GameEngine/Source/GameLogic/Pathfinder/BfmeAttackQueryCanAttackTarget.cpp	EA
game/GameEngine/Source/GameLogic/AI/BfmePathfindZoneManagerDestructor.cpp	game/Libraries/Source/WWVegas/WW3D2/BfmePathfindZoneManagerDestructor.cpp	EA
game/GameEngine/Source/GameLogic/AI/GiantBirdGuardAttackAggressorState_onEnter.cpp	game/GameEngine/Source/GameLogic/Object/Update/AIUpdate/GiantBirdGuardAttackAggressorState_onEnter.cpp	EA
game/GameEngine/Source/GameLogic/AI/PathXfer00401C70.cpp	game/GameEngine/Source/GameLogic/Pathfinder/PathXfer00401C70.cpp	EA
game/GameEngine/Source/GameLogic/AI/PathfindBuildActualPathE10f0.cpp	game/GameEngine/Source/GameLogic/Pathfinder/PathfindBuildActualPathE10f0.cpp	EA
game/GameEngine/Source/GameLogic/AI/PathfindCellXfer.cpp	game/GameEngine/Source/GameLogic/Pathfinder/PathfindCellXfer.cpp	EA
game/GameEngine/Source/GameLogic/AI/PathfindCell_costSoFar.cpp	game/GameEngine/Source/GameLogic/Pathfinder/PathfindCell_costSoFar.cpp	EA
game/GameEngine/Source/GameLogic/AI/PathfindCell_setGoalUnit.cpp	game/GameEngine/Source/GameLogic/Pathfinder/PathfindCell_setGoalUnit.cpp	EA
game/GameEngine/Source/GameLogic/AI/PathfindCell_setPosUnit.cpp	game/GameEngine/Source/GameLogic/Pathfinder/PathfindCell_setPosUnit.cpp	EA
game/GameEngine/Source/GameLogic/AI/PathfindE1fe0.cpp	game/GameEngine/Source/GameLogic/Pathfinder/PathfindE1fe0.cpp	EA
game/GameEngine/Source/GameLogic/AI/PathfindLayerAllocateCells.cpp	game/GameEngine/Source/GameLogic/Pathfinder/PathfindLayerAllocateCells.cpp	EA
game/GameEngine/Source/GameLogic/AI/PathfindLayerRememberEndpoint.cpp	game/GameEngine/Source/GameLogic/Pathfinder/PathfindLayerRememberEndpoint.cpp	EA
game/GameEngine/Source/GameLogic/AI/PathfindLayer_bfmeContainsRegion.cpp	game/GameEngine/Source/GameLogic/Pathfinder/PathfindLayer_bfmeContainsRegion.cpp	EA
game/GameEngine/Source/GameLogic/AI/PathfindLayer_isPointOnWall_Thunk.cpp	game/GameEngine/Source/GameLogic/Object/Update/PathfindLayer_isPointOnWall_Thunk.cpp	EA
game/GameEngine/Source/GameLogic/AI/PathfindZoneManagerMethod00402F50.cpp	game/GameEngine/Source/GameLogic/Pathfinder/PathfindZoneManagerMethod00402F50.cpp	EA
game/GameEngine/Source/GameLogic/AI/PathfindZoneTerrain.cpp	game/GameEngine/Source/GameLogic/Pathfinder/PathfindZoneTerrain.cpp	EA
game/GameEngine/Source/GameLogic/AI/PathfinderChooseBestLocomotor.cpp	game/GameEngine/Source/GameLogic/Pathfinder/PathfinderChooseBestLocomotor.cpp	EA
game/GameEngine/Source/GameLogic/AI/PathfinderFindPathThunk.cpp	game/GameEngine/Source/GameLogic/Pathfinder/PathfinderFindPathThunk.cpp	EA
game/GameEngine/Source/GameLogic/AI/PathfinderFindSafePathBfme.cpp	game/GameEngine/Source/GameLogic/Pathfinder/PathfinderFindSafePathBfme.cpp	EA
game/GameEngine/Source/GameLogic/AI/PathfinderGetLayer.cpp	game/GameEngine/Source/GameLogic/Pathfinder/PathfinderGetLayer.cpp	EA
game/GameEngine/Source/GameLogic/AI/PathfinderGroundCellPredicate.cpp	game/GameEngine/Source/GameLogic/Pathfinder/PathfinderGroundCellPredicate.cpp	EA
game/GameEngine/Source/GameLogic/AI/PathfinderProcessPathfindQueue.cpp	game/GameEngine/Source/GameLogic/Pathfinder/PathfinderProcessPathfindQueue.cpp	EA
game/GameEngine/Source/GameLogic/AI/PathfinderValidMovementPosition.cpp	game/GameEngine/Source/GameLogic/Pathfinder/PathfinderValidMovementPosition.cpp	EA
game/GameEngine/Source/GameLogic/AI/PathfinderValidMovementTerrain.cpp	game/GameEngine/Source/GameLogic/Pathfinder/PathfinderValidMovementTerrain.cpp	EA
game/GameEngine/Source/GameLogic/AI/Pathfinder_isAttackViewBlockedByObstacle_Thunk.cpp	game/GameEngine/Source/GameLogic/Pathfinder/Pathfinder_isAttackViewBlockedByObstacle_Thunk.cpp	EA
game/GameEngine/Source/GameLogic/AI/Rva001FAB70ParseWayPoint.cpp	game/GameEngine/Source/GameLogic/Object/Behavior/Rva001FAB70ParseWayPoint.cpp	EA
game/GameEngine/Source/GameLogic/AI/ZoneBlockSetWaypoint.cpp	game/GameEngine/Source/GameLogic/Pathfinder/ZoneBlockSetWaypoint.cpp	EA
game/GameEngine/Source/GameLogic/LivingWorld/LivingWorldRegionManager_Rva003C8C60.cpp	game/GameEngine/Source/GameLogic/System/LivingWorld/LivingWorldRegionManager_Rva003C8C60.cpp	EA
game/GameEngine/Source/GameLogic/LivingWorld/LivingWorldRegionManager_Rva003C8D50.cpp	game/GameEngine/Source/GameLogic/System/LivingWorld/LivingWorldRegionManager_Rva003C8D50.cpp	EA
game/GameEngine/Source/GameLogic/LivingWorld/LivingWorldRegionManager_Rva003C9CB0.cpp	game/GameEngine/Source/GameLogic/System/LivingWorld/LivingWorldRegionManager_Rva003C9CB0.cpp	EA
game/GameEngine/Source/GameLogic/LivingWorld/PathSearch003C5C40.cpp	game/GameEngine/Source/GameLogic/System/LivingWorld/PathSearch003C5C40.cpp	EA
game/GameEngine/Source/GameLogic/LivingWorld/RegionTransfer003C9EF0.cpp	game/GameEngine/Source/GameLogic/System/LivingWorld/RegionTransfer003C9EF0.cpp	EA
game/GameEngine/Source/GameLogic/LivingWorld/Rva00364B10ScanArmyGroups.cpp	game/GameEngine/Source/GameLogic/System/Rva00364B10ScanArmyGroups.cpp	EA
game/GameEngine/Source/GameLogic/LivingWorld/Rva003B4250.cpp	game/GameEngine/Source/GameLogic/System/LivingWorld/Rva003B4250.cpp	EA
game/GameEngine/Source/GameLogic/LivingWorld/Rva003C7A40RegionPass.cpp	game/GameEngine/Source/GameLogic/System/LivingWorld/Rva003C7A40RegionPass.cpp	EA
game/GameEngine/Source/GameLogic/LivingWorld/SplineEffectParseGeometryName.cpp	game/GameEngineDevice/Source/W3DDevice/GameClient/Drawable/SplineEffectParseGeometryName.cpp	EA
game/GameEngine/Source/GameLogic/Map/LookupInitialWalkOnWaypoints.cpp	game/GameEngine/Source/GameLogic/System/LookupInitialWalkOnWaypoints.cpp	EA
game/GameEngine/Source/GameLogic/Map/SidesList_removeSideMethodThunk.cpp	game/GameEngine/Source/Common/INI/SidesList_removeSideMethodThunk.cpp	EA
game/GameEngine/Source/GameLogic/Object/Behavior/BunkerBusterBehaviorCtorThunk.cpp	game/GameEngine/Source/GameLogic/Object/Update/BunkerBusterBehaviorCtorThunk.cpp	EA
game/GameEngine/Source/GameLogic/Object/Behavior/CastleBehaviorRegisterOwnedObject.cpp	game/GameEngine/Source/GameLogic/System/CastleBehaviorRegisterOwnedObject.cpp	EA
game/GameEngine/Source/GameLogic/Object/Behavior/CastleBehaviorRva0036F4D0EvaNotify.cpp	game/GameEngine/Source/GameLogic/System/CastleBehaviorRva0036F4D0EvaNotify.cpp	EA
game/GameEngine/Source/GameLogic/Object/Behavior/OverchargeBehaviorCtorThunk.cpp	game/GameEngine/Source/GameLogic/Object/Update/OverchargeBehaviorCtorThunk.cpp	EA
game/GameEngine/Source/GameLogic/Object/Behavior/SpawnBehaviorReclaimOrphanSpawn.cpp	game/GameEngine/Source/GameLogic/Object/Contain/SpawnBehaviorReclaimOrphanSpawn.cpp	EA
game/GameEngine/Source/GameLogic/Object/Contain/FormationRefresh0023FA80.cpp	game/GameEngine/Source/GameLogic/Object/Contain/HordeContain/FormationRefresh0023FA80.cpp	EA
game/GameEngine/Source/GameLogic/Object/Contain/MemberReleaseMovement00242C90.cpp	game/GameEngine/Source/GameLogic/Object/Contain/HordeContain/MemberReleaseMovement00242C90.cpp	EA
game/GameEngine/Source/GameLogic/Object/Die/SpecialPowerCompletionDieModuleDataCtorThunk.cpp	game/GameEngine/Source/GameLogic/Object/Update/SpecialPowerCompletionDieModuleDataCtorThunk.cpp	EA
game/GameEngine/Source/GameLogic/Object/Object_rva001CA550_ghostDraw.cpp	game/GameEngine/Source/GameClient/Drawable/Behavior/Object_rva001CA550_ghostDraw.cpp	EA
game/GameEngine/Source/GameLogic/Object/Update/AIUpdate/RunReadyAction0027A7A0.cpp	game/GameEngine/Source/GameLogic/AI/RunReadyAction0027A7A0.cpp	BfmeObjectAI
game/GameEngine/Source/GameLogic/Object/Update/ApplyObjectState0037C030.cpp	game/GameEngine/Source/GameLogic/System/ApplyObjectState0037C030.cpp	EA
game/GameEngine/Source/GameLogic/Object/Update/Rva0025DF30GiveUpgradeUpdate.cpp	game/GameEngine/Source/GameLogic/Object/SpecialPower/Rva0025DF30GiveUpgradeUpdate.cpp	EA
game/GameEngine/Source/GameLogic/Object/Update/Rva0039D770Xfer.cpp	game/Tools/WorldBuilder/src/Rva0039D770Xfer.cpp	EA
game/GameEngine/Source/GameLogic/Object/Update/Rva003A01E0AttributeXfer.cpp	game/GameEngine/Source/GameLogic/System/Rva003A01E0AttributeXfer.cpp	EA
game/GameEngine/Source/GameLogic/Object/Update/WeaponFireSpecialAbilityUpdate_xfer.cpp	game/GameEngine/Source/GameLogic/Object/SpecialPower/WeaponFireSpecialAbilityUpdate_xfer.cpp	EA
game/GameEngine/Source/GameLogic/Object/Waypoint_method001ABBB0.cpp	game/GameEngine/Source/GameLogic/Map/Waypoint_method001ABBB0.cpp	EA
game/GameEngine/Source/GameLogic/Object/WeaponStorePostProcessLoadThunk.cpp	game/GameEngine/Source/GameLogic/Object/Contain/HordeContain/WeaponStorePostProcessLoadThunk.cpp	EA
game/GameEngine/Source/GameLogic/Object/WeaponTemplateSet_parsePreferredAgainst_Thunk.cpp	game/GameEngine/Source/Common/System/SaveGame/WeaponTemplateSet_parsePreferredAgainst_Thunk.cpp	EA
game/GameEngine/Source/GameLogic/System/CampaignManagerRva003BF580.cpp	game/GameEngine/Source/GameClient/System/CampaignManagerRva003BF580.cpp	CampaignManager
game/GameEngine/Source/GameLogic/System/GameLogicFindObjectByID.cpp	game/GameEngine/Source/Common/Thing/GameLogicFindObjectByID.cpp	EA
game/GameEngine/Source/GameLogic/System/GameLogicUpdateLoadProgressThunk.cpp	game/GameEngine/Source/Common/RTS/GameLogicUpdateLoadProgressThunk.cpp	EA
game/GameEngine/Source/GameLogic/System/VictorySystemXfer.cpp	game/GameEngine/Source/GameLogic/Object/VictorySystemXfer.cpp	EA
game/GameEngine/Source/GameNetwork/CftpLoginToServer.cpp	game/Libraries/Source/WWVegas/WWDownload/CftpLoginToServer.cpp	Cftp
game/GameEngine/Source/GameNetwork/ConnectionManagerReset.cpp	game/GameEngine/Source/Common/RTS/ConnectionManagerReset.cpp	EA
game/GameEngine/Source/GameNetwork/GameSpy/GameSpyAddText.cpp	game/GameEngine/Source/GameClient/GUI/GUICallbacks/Apt/GameSpyAddText.cpp	EA
game/GameEngine/Source/GameNetwork/GameSpy/SendStatsToOtherPlayers.cpp	game/GameEngine/Source/GameClient/GUI/GUICallbacks/Menus/SendStatsToOtherPlayers.cpp	EA
game/GameEngine/Source/GameNetwork/native_packet_crc.cpp	game/GameEngine/Source/Common/native_packet_crc.cpp	EA
game/GameEngineDevice/Source/VideoDevice/Bink/SubtitleEntryConstructor.cpp	game/GameEngine/Source/GameClient/SubtitleEntryConstructor.cpp	EA
game/GameEngineDevice/Source/W3DDevice/Common/System/W3DRadarGetSurfaceLevel.cpp	game/Libraries/Source/WWVegas/WW3D2/W3DRadarGetSurfaceLevel.cpp	EA
game/GameEngineDevice/Source/W3DDevice/Common/System/W3DRadarResetLock.cpp	game/Libraries/Source/WWVegas/WW3D2/W3DRadarResetLock.cpp	EA
game/GameEngineDevice/Source/W3DDevice/GameClient/Add_Prototype_Impl.cpp	game/Libraries/Source/assetmanager/Add_Prototype_Impl.cpp	EA
game/GameEngineDevice/Source/W3DDevice/GameClient/BoxSetTexture.cpp	game/Libraries/Source/WWVegas/WW3D2/BoxSetTexture.cpp	EA
game/GameEngineDevice/Source/W3DDevice/GameClient/CreateScaledRenderObj00901F80.cpp	game/Libraries/Source/WWVegas/WW3D2/CreateScaledRenderObj00901F80.cpp	EA
game/GameEngineDevice/Source/W3DDevice/GameClient/Create_Render_Obj.cpp	game/Libraries/Source/WWVegas/WW3D2/Create_Render_Obj.cpp	EA
game/GameEngineDevice/Source/W3DDevice/GameClient/Get_Current_Asset.cpp	game/Libraries/Source/assetmanager/Get_Current_Asset.cpp	EA
game/GameEngineDevice/Source/W3DDevice/GameClient/Get_HAnim.cpp	game/Libraries/Source/WWVegas/WW3D2/Get_HAnim.cpp	EA
game/GameEngineDevice/Source/W3DDevice/GameClient/Load_Asset_Dat.cpp	game/Libraries/Source/WWVegas/WW3D2/Load_Asset_Dat.cpp	EA
game/GameEngineDevice/Source/W3DDevice/GameClient/MungeRenderObjName.cpp	game/Libraries/Source/WWVegas/WW3D2/MungeRenderObjName.cpp	EA
game/GameEngineDevice/Source/W3DDevice/GameClient/Rva009004A0RenderObjectFactory.cpp	game/Libraries/Source/WWVegas/WW3D2/Rva009004A0RenderObjectFactory.cpp	EA
game/GameEngineDevice/Source/W3DDevice/GameClient/Rva009EBEC0.cpp	game/Libraries/Source/assetmanager/Rva009EBEC0.cpp	EA
game/GameEngineDevice/Source/W3DDevice/GameClient/ScreenFilterRva007DCA80Init.cpp	game/GameEngineDevice/Source/W3DDevice/GameClient/W3DShader/ScreenFilterRva007DCA80Init.cpp	EA
game/GameEngineDevice/Source/W3DDevice/GameClient/ScreenGridRva007D4AF0.cpp	game/GameEngineDevice/Source/W3DDevice/GameClient/W3DShader/ScreenGridRva007D4AF0.cpp	EA
game/GameEngineDevice/Source/W3DDevice/GameClient/ScreenGridRva007D95B0.cpp	game/GameEngineDevice/Source/W3DDevice/GameClient/W3DShader/ScreenGridRva007D95B0.cpp	EA
game/GameEngineDevice/Source/W3DDevice/GameClient/ScreenHilightFilterInit.cpp	game/GameEngineDevice/Source/W3DDevice/GameClient/W3DShader/ScreenHilightFilterInit.cpp	EA
game/GameEngineDevice/Source/W3DDevice/GameClient/ShroudTexture_getFilter.cpp	game/Libraries/Source/WWVegas/WW3D2/ShroudTexture_getFilter.cpp	EA
game/GameEngineDevice/Source/W3DDevice/GameClient/W3DTerrainVisualRva00730590Init.cpp	game/Tools/WorldBuilder/src/W3DTerrainVisualRva00730590Init.cpp	EA
game/Libraries/Source/EA/Apt/ArraySortFieldHandler008B91F0.cpp	game/Libraries/Source/Apt/ArraySortFieldHandler008B91F0.cpp	EA
game/Libraries/Source/EA/Apt/Rva008A1460AptCleanup.cpp	game/Libraries/Source/Apt/Rva008A1460AptCleanup.cpp	EA
game/Libraries/Source/EA/Apt/Rva008A1940QueueFlush.cpp	game/Libraries/Source/Apt/Rva008A1940QueueFlush.cpp	EA
game/Libraries/Source/EA/Apt/Rva008AE490AptDispatch.cpp	game/Libraries/Source/Apt/Rva008AE490AptDispatch.cpp	EA
game/Libraries/Source/EA/Apt/Rva008AE7C0CreateChannels.cpp	game/Libraries/Source/Apt/Rva008AE7C0CreateChannels.cpp	EA
game/Libraries/Source/EA/Apt/Rva008AF0B0CreateNode.cpp	game/Libraries/Source/Apt/Rva008AF0B0CreateNode.cpp	EA
game/Libraries/Source/EA/Apt/Rva008C3F10Cleanup.cpp	game/Libraries/Source/Apt/Rva008C3F10Cleanup.cpp	EA
game/Libraries/Source/EA/Apt/Rva008CE1E0StoreMember.cpp	game/Libraries/Source/Apt/Rva008CE1E0StoreMember.cpp	EA
game/Libraries/Source/EA/Apt/Rva8CD520ConfigureState.cpp	game/Libraries/Source/Apt/Rva8CD520ConfigureState.cpp	EA
game/Libraries/Source/WWVegas/WW3D2/DistLODClassFreeBody.cpp	game/GameEngineDevice/Source/W3DDevice/GameClient/DistLODClassFreeBody.cpp	EA
game/Libraries/Source/WWVegas/WW3D2/RegistryPrototypeLookup.cpp	game/Libraries/Source/assetmanager/RegistryPrototypeLookup.cpp	EA
game/Libraries/Source/WWVegas/WW3D2/TextureBaseReleaseRefThunk.cpp	game/Libraries/Source/assetmanager/TextureBaseReleaseRefThunk.cpp	EA
game/Libraries/Source/WWVegas/WWDebug/DebugConstructor_00889370.cpp	game/Libraries/Source/debug/DebugConstructor_00889370.cpp	EA
game/Libraries/Source/WWVegas/WWDebug/DebugFinishAssert0088B530.cpp	game/Libraries/Source/debug/DebugFinishAssert0088B530.cpp	Debug
game/Libraries/Source/WWVegas/WWDebug/DebugStackwalk_GetSymbol.asm	game/Libraries/Source/debug/DebugStackwalk_GetSymbol.asm	EA
