date,commit,total,byte_matched,decompiled
2026-06-28,e54d72c0d8,9702173,6047,6047
2026-06-29,ca0b868afc,9702173,9618,9618
2026-06-30,33f300e692,9702173,53027,53027
2026-07-01,ab01723fcc,9702173,91155,91155
2026-07-02,7e92dab906,9702173,189783,189783
2026-07-03,c4a04000a3,9702173,193212,193212
2026-07-04,31150a1497,9702173,193212,193212
2026-07-05,b4dbb7dcf4,9702173,216906,216906
2026-07-06,eefd8cce41,9702173,279345,279345
2026-07-07,dcd214361c,9702173,375748,375748
2026-07-08,ede47168c4,9702173,432713,432713
2026-07-09,3e8f885175,9702173,452284,452284
2026-07-10,91416e7f84,9702173,459549,459549
2026-07-11,0c0877837f,9702173,481203,481203
2026-07-12,038dc638ae,9702173,418418,418418
2026-07-13,53cf4c5427,9702173,487860,487860
2026-07-14,993bd822d7,9702173,496780,496780
2026-07-15,993bd822d7,9702173,496780,496780
2026-07-16,d927a614b5,9702173,500882,500882
2026-07-17,8404a17957,9702173,509778,509778
2026-07-18,6fb7e8619c,9702173,516029,516029
2026-07-19,5961842f30,9702173,518760,518760
2026-07-20,1eaa28fa9f,9702173,527001,527001
2026-07-21,ccfe8376ea,9702173,531254,531254
2026-07-22,1d775af749,9702173,540821,540821
2026-07-23,d20b9dadce,9702173,542130,542130
2026-07-24,ffcb5c91dc,9702173,543467,543467
2026-07-25,332ccbfb5e,9702173,551502,551502
2026-07-26,f269616cab,9702173,551769,551769
2026-07-27,9c95744b39,9702173,569980,569980
2026-07-28,56cacaf172,9702173,570851,570851
2026-07-29,ea9f6c6ddf,9702173,571102,571102
2026-07-30,93903bf69b,9702173,571162,571162
2026-07-31,df840feacb,9702173,585390,585390
2026-08-01,389c1fb3ab,9702173,599314,599314
2026-08-02,9ab83e3f41,9702173,759810,759810
2026-08-03,4c085b9fb5,9702173,1024191,807763
2026-08-04,521af9ca37,9702173,1703643,981917
2026-08-05,6235a035c6,9702173,1711353,989627
2026-08-06,13a34fa866,9702173,1712654,990928
2026-08-07,2038d3a0d3,9702173,1719781,998055
2026-08-08,2038d3a0d3,9702173,1719781,998055
2026-08-09,8c8119c6a9,9702173,1730561,1008835
2026-08-10,db3e7b5227,9702173,1758907,1037195
2026-08-11,5a25aed7e9,9702173,2659909,1080483
2026-08-12,a3828a997a,9702173,2727822,1109713
2026-08-13,b54614f127,9702173,2921524,1139639
2026-08-14,d0cd86cf26,9702173,2933957,1151593
2026-08-15,ac9b12132f,9702173,2936443,1154079
2026-08-16,b7b23c991d,9702173,3419578,1220926
2026-08-17,1ab285b790,9702173,3508969,1270975
2026-08-18,1c20bc269d,9702173,3527146,1289092
2026-08-19,eefdb94e0d,9702173,3560030,1301035
2026-08-20,14ad4e6397,9702173,3596268,1330048
2026-08-21,ec6b8a9c00,9702173,3792547,1518310
2026-08-22,27c2533ee4,9702173,3897535,1622666
2026-08-23,4241055323,9702173,3979571,1704227
2026-08-24,983b616cf5,9702173,4127557,1851805
2026-08-25,4310782a9f,9702173,4181809,1907240
2026-08-26,610994b6cf,9702173,4272444,1997943
2026-08-27,c0119bcffc,9702173,4335269,2060666
2026-08-28,3d49b9a774,9702173,4418423,2132145
2026-08-29,885bbfc76f,9702173,4484285,2198027
2026-08-30,6a8ff956d0,9702173,4515498,2229182
2026-08-31,cf3d33f994,9702173,4549285,2263068
2026-09-01,c88e6c393e,9702173,4606843,2322647
2026-09-02,6f4faf503c,9702173,4785330,2497973
2026-09-03,1b31b0b6ee,9702173,4919083,2631042
2026-09-04,1f6481a924,9702173,5098390,2812286
2026-09-05,f2a90c0bb6,9702173,5196365,2911267
2026-09-06,7cf8e53a95,9702173,5397346,3111957
2026-09-07,08bc58ab6a,9702173,5573881,3289593
2026-09-08,dea53e3f59,9702173,5768345,3485969
2026-09-09,be52f48d9c,9702173,5870401,3594993
2026-09-10,4a93004c49,9702173,6008411,3733472
2026-09-11,311ebe9ca9,9702173,6115121,3842979
2026-09-12,1c99151db7,9702173,6220942,3954862
2026-09-13,33884229a7,9702173,6226632,3963354
2026-09-14,986575c1e6,9702173,6251418,4011581
2026-09-15,84928ba7f4,9702173,6275873,4062871
2026-09-16,61377c893a,9702173,6339257,4126564
2026-09-17,66a3e482e6,9702173,6362210,4149369
2026-09-18,d6204ac174,9702173,6424039,4211211
2026-09-19,86ad3e6e15,9702173,6464753,4251991
2026-09-20,12062fdbf0,9702173,6503950,4291187
2026-09-21,1c6a144411,9702173,6531515,4318752
2026-09-22,e14effd769,9702173,6605169,4392421
2026-09-23,ecf4bfcdf3,9702173,6793084,4580854
2026-09-24,37ac30659c,9702173,6892889,4680819
2026-09-25,c73a24ccdc,9702173,6993003,4781175
2026-09-26,940f918b82,9702173,7211955,5000406
2026-09-27,35b91c9286,9702173,7529186,5316980
2026-09-28,0de572ccc8,9702173,7925562,5712082
2026-09-29,bb4f1ca644,9702173,7954526,5739045
2026-09-30,7cb333bd17,9702173,8019317,5803251
