rva_start,rva_end,opt,arch,tune,n_funcs,n_opt_evidence,conf_opt,n_arch_evidence,conf_arch,n_tune_evidence,conf_tune,funclet_al,funclet_eax
0x0005B6E0,0x0006EF8F,O2,x87,G6,451,107,0.99,16,1.00,30,1.00,0,0
0x0006EF90,0x0006F59F,O1,?,?,5,4,1.00,0,0,0,0,0,0
0x0006F5A0,0x0052544F,O2,x87,G6,16989,7624,1.00,967,1.00,1908,1.00,0,0
0x00525450,0x00525D0F,O1,?,?,8,4,1.00,0,0,0,0,0,0
0x00525D10,0x0054BC9F,O2,x87,G6,327,156,1.00,2,1.00,56,1.00,0,0
0x0054BCA0,0x0054C9DF,O1,?,?,10,10,1.00,0,0,0,0,0,0
0x0054C9E0,0x0056C3EF,O2,x87,G6,293,113,1.00,7,1.00,24,1.00,0,0
0x0056C3F0,0x0056CE3F,O1,?,?,13,4,1.00,0,0,0,0,0,0
0x0056CE40,0x0058C6BF,O2,x87,G6,419,203,1.00,6,1.00,46,1.00,0,0
0x0058C6C0,0x0058CA6F,O1,?,?,3,3,1.00,0,0,0,0,0,0
0x0058CA70,0x00815BAF,O2,x87,G6,8919,3534,1.00,550,1.00,1151,0.93,0,0
0x00815BB0,0x0081665F,O1,?,G7,11,5,0.60,0,0,1,1.00,0,0
0x00816660,0x008170FF,O2,?,G7,9,7,1.00,0,0,3,1.00,0,0
0x00817100,0x00818CAF,O1,?,G7,20,8,0.62,0,0,1,1.00,0,0
0x00818CB0,0x009F67EC,O2,x87,G6,6947,2736,0.99,390,1.00,1176,0.98,0,0
0x009F67ED,0x00A5F33F,O1,x87,?,1341,680,1.00,138,1.00,0,0,0,0
0x00A5F340,0x00A62B7F,O2,?,G6,39,19,1.00,0,0,15,1.00,0,0
0x00A62B80,0x00AA98AF,O1,SSE,?,632,344,0.99,104,0.75,0,0,0,0
0x00AA98B0,0x00AABE7F,O2,?,G6,42,24,0.92,0,0,11,1.00,0,0
0x00AABE80,0x00ABFF41,O1,SSE,?,217,137,1.00,3,0.67,0,0,0,0
0x00ABFF42,0x00ACDDAF,O2,SSE,G6,91,32,0.97,6,1.00,26,1.00,0,0
0x00ACDDB0,0x00AFD54F,O1,?,G6,47,24,0.92,0,0,2,1.00,0,0
0x00AFD550,0x00C71616,O2,x87,G6,22643,83,1.00,11,1.00,565,1.00,0,551
