ordinal,name,rva,kind,pdb_rva_candidates
297,??0?$CStringT@DV?$StrTraitMFC_DLL@DV?$ChTraitsCRT@D@ATL@@@@@ATL@@QAE@ABV01@@Z,0x0000e575,code,1
299,??0?$CStringT@DV?$StrTraitMFC_DLL@DV?$ChTraitsCRT@D@ATL@@@@@ATL@@QAE@PAUIAtlStringMgr@1@@Z,0x00048c80,code,2
304,??0?$CStringT@DV?$StrTraitMFC_DLL@DV?$ChTraitsCRT@D@ATL@@@@@ATL@@QAE@PBD@Z,0x0002a59c,code,1
310,??0?$CStringT@DV?$StrTraitMFC_DLL@DV?$ChTraitsCRT@D@ATL@@@@@ATL@@QAE@XZ,0x00033199,code,2
326,??0CBrush@@QAE@K@Z,0x000153ae,code,1
330,??0CClientDC@@QAE@PAVCWnd@@@Z,0x000166dd,code,1
333,??0CColorDialog@@QAE@KKPAVCWnd@@@Z,0x0002d668,code,1
334,??0CCommandLineInfo@@QAE@XZ,0x0000c1b3,code,1
347,??0CDC@@QAE@XZ,0x00018a57,code,1
354,??0CDialog@@QAE@IPAVCWnd@@@Z,0x000124dd,code,1
356,??0CDialog@@QAE@XZ,0x0000e2e5,code,1
368,??0CDocument@@QAE@XZ,0x0000c907,code,1
383,??0CFile@@QAE@PBDI@Z,0x0008cc53,code,1
385,??0CFileDialog@@QAE@HPBD0K0PAVCWnd@@K@Z,0x00087010,code,1
395,??0CFrameWnd@@QAE@XZ,0x0000b625,code,1
416,??0CImageList@@QAE@XZ,0x000898d8,code,1
501,??0CPaintDC@@QAE@PAVCWnd@@@Z,0x000176c8,code,1
502,??0CPen@@QAE@HHK@Z,0x0001467c,code,1
516,??0CPropertyPage@@QAE@IIK@Z,0x000a2012,code,1
524,??0CPropertySheet@@QAE@IPAVCWnd@@I@Z,0x000a1ee9,code,1
526,??0CPropertySheet@@QAE@PBDPAVCWnd@@I@Z,0x000a2265,code,1
528,??0CPropertySheet@@QAE@XZ,0x000a1acb,code,1
547,??0CSingleDocTemplate@@QAE@IPAUCRuntimeClass@@00@Z,0x0000dc60,code,1
553,??0CStatusBar@@QAE@XZ,0x0000bab2,code,1
562,??0CToolBar@@QAE@XZ,0x0000badc,code,1
565,??0CView@@IAE@XZ,0x000123d0,code,1
566,??0CWinApp@@QAE@PBD@Z,0x0000a3bf,code,1
572,??0CWnd@@QAE@XZ,0x00033031,code,1
578,??1?$CStringT@DV?$StrTraitMFC_DLL@DV?$ChTraitsCRT@D@ATL@@@@@ATL@@QAE@XZ,0x000371b1,code,4
587,??1CButton@@UAE@XZ,0x000257d0,code,1
589,??1CClientDC@@UAE@XZ,0x00016750,code,1
591,??1CComboBox@@UAE@XZ,0x00025970,code,1
593,??1CCommandLineInfo@@UAE@XZ,0x00034a14,code,1
602,??1CDC@@UAE@XZ,0x00033d89,code,1
605,??1CDialog@@UAE@XZ,0x00018b47,code,1
606,??1CDialogBar@@UAE@XZ,0x00019b2c,code,1
616,??1CDocument@@UAE@XZ,0x0003637a,code,1
620,??1CEdit@@UAE@XZ,0x0002548c,code,1
629,??1CFile@@UAE@XZ,0x00038181,code,1
630,??1CFileDialog@@UAE@XZ,0x00086f37,code,1
635,??1CFrameWnd@@UAE@XZ,0x00035b92,code,1
651,??1CImageList@@UAE@XZ,0x00089bd9,code,1
657,??1CListBox@@UAE@XZ,0x00027318,code,1
658,??1CListCtrl@@UAE@XZ,0x00027814,code,1
709,??1CPaintDC@@UAE@XZ,0x00017722,code,1
715,??1CProgressCtrl@@UAE@XZ,0x00027ea0,code,1
718,??1CPropertyPage@@UAE@XZ,0x000a18b4,code,1
721,??1CPropertySheet@@UAE@XZ,0x000a1b1f,code,1
730,??1CRichEditCtrl@@UAE@XZ,0x000286d0,code,1
736,??1CSliderCtrl@@UAE@XZ,0x00027d00,code,1
741,??1CStatic@@UAE@XZ,0x0002562c,code,1
742,??1CStatusBar@@UAE@XZ,0x00036b34,code,1
748,??1CTabCtrl@@UAE@XZ,0x00028388,code,1
751,??1CToolBar@@UAE@XZ,0x00036ae3,code,1
754,??1CTreeCtrl@@UAE@XZ,0x000279bc,code,1
756,??1CView@@UAE@XZ,0x0003674e,code,1
757,??1CWinApp@@UAE@XZ,0x0003685f,code,1
760,??1CWnd@@UAE@XZ,0x0003327c,code,1
781,??4?$CStringT@DV?$StrTraitMFC_DLL@DV?$ChTraitsCRT@D@ATL@@@@@ATL@@QAEAAV01@ABV01@@Z,0x00010f15,code,1
784,??4?$CStringT@DV?$StrTraitMFC_DLL@DV?$ChTraitsCRT@D@ATL@@@@@ATL@@QAEAAV01@PBD@Z,0x0000ff74,code,3
907,??Y?$CStringT@DV?$StrTraitMFC_DLL@DV?$ChTraitsCRT@D@ATL@@@@@ATL@@QAEAAV01@ABV?$CSimpleStringT@D$00@1@@Z,0x0000e599,code,1
908,??Y?$CStringT@DV?$StrTraitMFC_DLL@DV?$ChTraitsCRT@D@ATL@@@@@ATL@@QAEAAV01@D@Z,0x0004b24e,code,6
911,??Y?$CStringT@DV?$StrTraitMFC_DLL@DV?$ChTraitsCRT@D@ATL@@@@@ATL@@QAEAAV01@PBD@Z,0x0000e587,code,2
922,?accDoDefaultAction@CCheckListBox@@MAEJUtagVARIANT@@@Z,0x000a0b48,code,1
923,?accDoDefaultAction@CWnd@@UAEJUtagVARIANT@@@Z,0x0008e32f,code,1
928,?accHitTest@CWnd@@UAEJJJPAUtagVARIANT@@@Z,0x0008e317,code,1
930,?accLocation@CWnd@@UAEJPAJ000UtagVARIANT@@@Z,0x0008e2c6,code,1
932,?accNavigate@CWnd@@UAEJJUtagVARIANT@@PAU2@@Z,0x0008e2f2,code,1
934,?accSelect@CWnd@@UAEJJUtagVARIANT@@@Z,0x0008e2a5,code,1
943,?ActivateFrame@CFrameWnd@@UAEXH@Z,0x00010b11,code,1
959,?AddDocTemplate@CWinApp@@QAEXPAVCDocTemplate@@@Z,0x00002c41,code,1
980,?AddPage@CPropertySheet@@QAEXPAVCPropertyPage@@@Z,0x000a1c84,code,1
1010,?AddToRecentFileList@CWinApp@@UAEXPBD@Z,0x00011ac8,code,1
1063,?AfxFindResourceHandle@@YGPAUHINSTANCE__@@PBD0@Z,0x000130c1,code,1
1084,?AfxGetModuleState@@YGPAVAFX_MODULE_STATE@@XZ,0x0001af32,code,1
1091,?AfxGetThread@@YGPAVCWinThread@@XZ,0x000248c1,code,1
1122,?AfxMessageBox@@YGHIII@Z,0x0009cdf2,code,1
1123,?AfxMessageBox@@YGHPBDII@Z,0x0009cdd0,code,1
1161,?AfxRegisterWndClass@@YGPBDIPAUHICON__@@PAUHBRUSH__@@0@Z,0x0000b6ed,code,1
1187,?AfxThrowMemoryException@@YGXXZ,0x000868c9,code,1
1191,?AfxThrowOleException@@YGXJ@Z,0x000b4831,code,1
1207,?AfxWinMain@@YGHPAUHINSTANCE__@@0PADH@Z,0x00032f6f,code,1
1279,?Attach@CDC@@QAEHPAUHDC__@@@Z,0x00015d91,code,1
1280,?Attach@CGdiObject@@QAEHPAX@Z,0x000138b9,code,1
1283,?Attach@CMenu@@QAEHPAUHMENU__@@@Z,0x000901d9,code,1
1306,?BeginModalState@CFrameWnd@@UAEXXZ,0x00007a43,code,1
1308,?BeginWaitCursor@CCmdTarget@@QAEXXZ,0x000384ad,code,1
1327,?BuildPropPageArray@CPropertySheet@@UAEXXZ,0x000a1bac,code,1
1343,?CalcDynamicLayout@CControlBar@@UAE?AVCSize@@HK@Z,0x000168f3,code,2
1347,?CalcFixedLayout@CDialogBar@@UAE?AVCSize@@HH@Z,0x0001441b,code,1
1352,?CalcInsideRect@CControlBar@@UBEXAAVCRect@@H@Z,0x00015eed,code,1
1361,?CalcWindowRect@CView@@UAEXPAUtagRECT@@I@Z,0x00018fba,code,1
1362,?CalcWindowRect@CWnd@@UAEXPAUtagRECT@@I@Z,0x000160fc,code,1
1397,?CharToItem@CListBox@@UAEHII@Z,0x0009f524,code,2
1401,?CheckAutoCenter@CDialog@@UAEHXZ,0x00007cd8,code,1
1402,?CheckAutoCenter@CWnd@@UAEHXZ,0x000319a8,code,3
1405,?CheckDlgButton@CWnd@@QAEXHI@Z,0x000907e5,code,1
1425,?ClientToScreen@CWnd@@QBEXPAUtagRECT@@@Z,0x0000fee1,code,1
1439,?Close@CFile@@UAEXXZ,0x00010961,code,1
1470,?CommandToIndex@CToolBar@@QBEHI@Z,0x00096ae4,code,1
1482,?Compare@?$CStringT@DV?$StrTraitMFC_DLL@DV?$ChTraitsCRT@D@ATL@@@@@ATL@@QBEHPBD@Z,0x00004dae,code,1
1483,?CompareItem@CComboBox@@UAEHPAUtagCOMPAREITEMSTRUCT@@@Z,0x000a3f90,code,4
1484,?CompareItem@CListBox@@UAEHPAUtagCOMPAREITEMSTRUCT@@@Z,0x000a3f90,code,4
1486,?CompareNoCase@?$CStringT@DV?$StrTraitMFC_DLL@DV?$ChTraitsCRT@D@ATL@@@@@ATL@@QBEHPBD@Z,0x00048cd7,code,1
1489,?Concatenate@?$CSimpleStringT@D$00@ATL@@KAXAAV12@PBDH1H@Z,0x0001a7bd,code,1
1509,?Construct@CPropertySheet@@QAEXPBDPAVCWnd@@I@Z,0x000a22cb,code,1
1521,?ContinueModal@CPropertySheet@@UAEHXZ,0x000a1360,code,1
1522,?ContinueModal@CWnd@@UAEHXZ,0x0000778e,code,1
1545,?Create@CButton@@UAEHPBDKABUtagRECT@@PAVCWnd@@I@Z,0x0009f4a7,code,1
1546,?Create@CCheckListBox@@UAEHKABUtagRECT@@PAVCWnd@@I@Z,0x0009f825,code,1
1547,?Create@CComboBox@@UAEHKABUtagRECT@@PAVCWnd@@I@Z,0x0000e7ba,code,1
1551,?Create@CDialog@@UAEHPBDPAVCWnd@@@Z,0x0000da7a,code,1
1552,?Create@CDialogBar@@UAEHPAVCWnd@@PBDII@Z,0x00012e80,code,1
1554,?Create@CEdit@@UAEHKABUtagRECT@@PAVCWnd@@I@Z,0x0009f5f0,code,1
1557,?Create@CFrameWnd@@UAEHPBD0KABUtagRECT@@PAVCWnd@@0KPAUCCreateContext@@@Z,0x0000b410,code,1
1564,?Create@CImageList@@QAEHHHIHH@Z,0x00089be4,code,1
1565,?Create@CImageList@@QAEHIHHK@Z,0x00089c0c,code,2
1570,?Create@CListBox@@UAEHKABUtagRECT@@PAVCWnd@@I@Z,0x0009f4fb,code,1
1571,?Create@CListCtrl@@UAEHKABUtagRECT@@PAVCWnd@@I@Z,0x00088cac,code,1
1581,?Create@CProgressCtrl@@UAEHKABUtagRECT@@PAVCWnd@@I@Z,0x00089263,code,1
1582,?Create@CPropertySheet@@UAEHPAVCWnd@@KK@Z,0x000a14f4,code,1
1586,?Create@CRichEditCtrl@@UAEHKABUtagRECT@@PAVCWnd@@I@Z,0x0008a33b,code,1
1588,?Create@CSliderCtrl@@UAEHKABUtagRECT@@PAVCWnd@@I@Z,0x00089180,code,1
1591,?Create@CStatic@@UAEHPBDKABUtagRECT@@PAVCWnd@@I@Z,0x0009f47e,code,1
1594,?Create@CTabCtrl@@UAEHKABUtagRECT@@PAVCWnd@@I@Z,0x00089353,code,1
1598,?Create@CTreeCtrl@@UAEHKABUtagRECT@@PAVCWnd@@I@Z,0x00088e9e,code,1
1599,?Create@CWnd@@UAEHPBD0KABUtagRECT@@PAV1@IPAUCCreateContext@@@Z,0x00012222,code,1
1600,?CreateAccessibleProxy@CWnd@@UAEJIJPAJ@Z,0x0008f7c7,code,1
1617,?CreateControlContainer@CWnd@@MAEHPAPAVCOleControlContainer@@@Z,0x0008e38f,code,1
1620,?CreateControlSite@CWnd@@MAEHPAVCOleControlContainer@@PAPAVCOleControlSite@@IABU_GUID@@@Z,0x0008e39c,code,1
1641,?CreateEx@CListCtrl@@UAEHKKABUtagRECT@@PAVCWnd@@I@Z,0x000891c6,code,15
1643,?CreateEx@CProgressCtrl@@UAEHKKABUtagRECT@@PAVCWnd@@I@Z,0x000891c6,code,15
1645,?CreateEx@CRichEditCtrl@@UAEHKKABUtagRECT@@PAVCWnd@@I@Z,0x000891c6,code,15
1646,?CreateEx@CSliderCtrl@@UAEHKKABUtagRECT@@PAVCWnd@@I@Z,0x000891c6,code,15
1650,?CreateEx@CTabCtrl@@UAEHKKABUtagRECT@@PAVCWnd@@I@Z,0x000891c6,code,15
1654,?CreateEx@CTreeCtrl@@UAEHKKABUtagRECT@@PAVCWnd@@I@Z,0x000891c6,code,15
1655,?CreateEx@CWnd@@UAEHKPBD0KABUtagRECT@@PAV1@IPAX@Z,0x0008e3ad,code,1
1656,?CreateEx@CWnd@@UAEHKPBD0KHHHHPAUHWND__@@PAUHMENU__@@PAX@Z,0x0001216c,code,1
1670,?CreateIndirect@CDialog@@UAEHPAXPAVCWnd@@@Z,0x0008fb3d,code,1
1671,?CreateIndirect@CDialog@@UAEHPBUDLGTEMPLATE@@PAVCWnd@@PAX@Z,0x0008fb27,code,1
1781,?DDV_MinMaxInt@@YGXPAVCDataExchange@@HHH@Z,0x00099cb2,code,2
1793,?DDX_Check@@YGXPAVCDataExchange@@HAAH@Z,0x000995c7,code,1
1794,?DDX_Control@@YGXPAVCDataExchange@@HAAVCWnd@@@Z,0x00006ff3,code,1
1878,?DDX_Text@@YGXPAVCDataExchange@@HAAE@Z,0x0009995f,code,1
1880,?DDX_Text@@YGXPAVCDataExchange@@HAAH@Z,0x00099a01,code,1
1884,?DDX_Text@@YGXPAVCDataExchange@@HAAM@Z,0x0009a284,code,1
1892,?DDX_Text@@YGXPAVCDataExchange@@HAAV?$CStringT@DV?$StrTraitMFC_DLL@DV?$ChTraitsCRT@D@ATL@@@@@ATL@@@Z,0x00099f67,code,1
1903,?Default@CWnd@@IAEJXZ,0x00031448,code,1
1908,?DefWindowProcA@CWnd@@MAEJIIJ@Z,0x0002fcb7,code,1
1912,?DelayShow@CControlBar@@UAEXH@Z,0x00019701,code,1
1913,?DelayUpdateFrameMenu@CFrameWnd@@UAEXPAUHMENU__@@@Z,0x0009d140,code,1
1920,?Delete@CWinThread@@UAEXXZ,0x00011109,code,1
1922,?DeleteContents@CDocument@@UAEXXZ,0x000935b1,code,3
1931,?DeleteItem@CComboBox@@UAEXPAUtagDELETEITEMSTRUCT@@@Z,0x0003875a,code,11
1933,?DeleteItem@CListBox@@UAEXPAUtagDELETEITEMSTRUCT@@@Z,0x0003875a,code,11
1934,?DeleteObject@CGdiObject@@QAEHXZ,0x000371de,code,1
1955,?DestroyMenu@CMenu@@QAEHXZ,0x000138ec,code,1
1962,?DestroyWindow@CControlBar@@UAEHXZ,0x00035f24,code,1
1964,?DestroyWindow@CWnd@@UAEHXZ,0x00035cff,code,1
2018,?DoMessageBox@CWinApp@@UAEHPBDII@Z,0x0009cc9d,code,1
2019,?DoModal@CColorDialog@@UAEHXZ,0x00087939,code,1
2020,?DoModal@CDialog@@UAEHXZ,0x00006e7c,code,1
2021,?DoModal@CFileDialog@@UAEHXZ,0x00086cb8,code,1
2036,?DoModal@CPropertySheet@@UAEHXZ,0x000a1388,code,1
2039,?DoPaint@CControlBar@@UAEXPAVCDC@@@Z,0x00019515,code,1
2044,?DoPreparePrinting@CView@@QAEHPAUCPrintInfo@@@Z,0x000131d1,code,1
2049,?DoPromptFileName@CWinApp@@QAEHAAV?$CStringT@DV?$StrTraitMFC_DLL@DV?$ChTraitsCRT@D@ATL@@@@@ATL@@IKHPAVCDocTemplate@@@Z,0x0009ce5c,code,1
2063,?DoWaitCursor@CWinApp@@UAEXH@Z,0x0003844e,code,1
2075,?Draw3dRect@CDC@@QAEXPBUtagRECT@@KK@Z,0x00001d13,code,1
2077,?DrawBorders@CControlBar@@UAEXPAVCDC@@AAVCRect@@@Z,0x000185bb,code,1
2081,?DrawGripper@CControlBar@@UAEXPAVCDC@@ABVCRect@@@Z,0x0001859e,code,1
2086,?DrawItem@CButton@@UAEXPAUtagDRAWITEMSTRUCT@@@Z,0x0003875a,code,11
2087,?DrawItem@CCheckListBox@@UAEXPAUtagDRAWITEMSTRUCT@@@Z,0x000a0559,code,1
2089,?DrawItem@CComboBox@@UAEXPAUtagDRAWITEMSTRUCT@@@Z,0x0003875a,code,11
2091,?DrawItem@CListBox@@UAEXPAUtagDRAWITEMSTRUCT@@@Z,0x0003875a,code,11
2092,?DrawItem@CListCtrl@@UAEXPAUtagDRAWITEMSTRUCT@@@Z,0x000892e4,code,4
2094,?DrawItem@CMenu@@UAEXPAUtagDRAWITEMSTRUCT@@@Z,0x0000d6bd,code,6
2095,?DrawItem@CStatic@@UAEXPAUtagDRAWITEMSTRUCT@@@Z,0x0003875a,code,11
2098,?DrawItem@CTabCtrl@@UAEXPAUtagDRAWITEMSTRUCT@@@Z,0x000892e4,code,4
2144,?EnableDocking@CControlBar@@QAEXK@Z,0x0000d23f,code,1
2145,?EnableDocking@CFrameWnd@@QAEXK@Z,0x0000cc4a,code,1
2164,?EnableWindow@CWnd@@QAEHH@Z,0x00013d23,code,1
2172,?EndModalLoop@CWnd@@UAEXH@Z,0x000077b6,code,1
2173,?EndModalState@CFrameWnd@@UAEXXZ,0x00009563,code,1
2176,?EndWaitCursor@CCmdTarget@@QAEXXZ,0x00038439,code,1
2178,?EnsureStdObj@CWnd@@UAEJXZ,0x0008e0f8,code,1
2246,?ExitHelpMode@CFrameWnd@@UAEXXZ,0x0003566e,code,1
2248,?ExitInstance@CWinApp@@UAEHXZ,0x000369d7,code,1
2264,?FillSolidRect@CDC@@QAEXPBUtagRECT@@K@Z,0x0001882b,code,1
2272,?Find@?$CStringT@DV?$StrTraitMFC_DLL@DV?$ChTraitsCRT@D@ATL@@@@@ATL@@QBEHPBDH@Z,0x00048d0d,code,1
2292,?FindOneOf@?$CStringT@DV?$StrTraitMFC_DLL@DV?$ChTraitsCRT@D@ATL@@@@@ATL@@QBEHPBD@Z,0x00048d44,code,1
2305,?FloatControlBar@CFrameWnd@@QAEXPAVCControlBar@@VCPoint@@K@Z,0x0009dd7e,code,1
2306,?Flush@CArchive@@QAEXXZ,0x0003836a,code,1
2321,?Format@?$CStringT@DV?$StrTraitMFC_DLL@DV?$ChTraitsCRT@D@ATL@@@@@ATL@@QAAXIZZ,0x0004b260,code,1
2322,?Format@?$CStringT@DV?$StrTraitMFC_DLL@DV?$ChTraitsCRT@D@ATL@@@@@ATL@@QAAXPBDZZ,0x00006a9d,code,1
2367,?FromHandle@CDC@@SGPAV1@PAUHDC__@@@Z,0x00015e0a,code,1
2370,?FromHandle@CImageList@@SGPAV1@PAU_IMAGELIST@@@Z,0x00089a81,code,1
2371,?FromHandle@CMenu@@SGPAV1@PAUHMENU__@@@Z,0x0001a02a,code,1
2372,?FromHandle@CWnd@@SGPAV1@PAUHWND__@@@Z,0x00028f82,code,1
2385,?get_accChild@CWnd@@UAEJUtagVARIANT@@PAPAUIDispatch@@@Z,0x0008e137,code,1
2387,?get_accChildCount@CWnd@@UAEJPAJ@Z,0x0008e127,code,1
2389,?get_accDefaultAction@CCheckListBox@@MAEJUtagVARIANT@@PAPA_W@Z,0x000a0a9c,code,1
2390,?get_accDefaultAction@CWnd@@UAEJUtagVARIANT@@PAPA_W@Z,0x0008e284,code,1
2392,?get_accDescription@CWnd@@UAEJUtagVARIANT@@PAPA_W@Z,0x0008e19a,code,1
2394,?get_accFocus@CWnd@@UAEJPAUtagVARIANT@@@Z,0x0008e264,code,1
2396,?get_accHelp@CWnd@@UAEJUtagVARIANT@@PAPA_W@Z,0x0008e1fd,code,1
2398,?get_accHelpTopic@CWnd@@UAEJPAPA_WUtagVARIANT@@PAJ@Z,0x0008e21e,code,1
2400,?get_accKeyboardShortcut@CWnd@@UAEJUtagVARIANT@@PAPA_W@Z,0x0008e243,code,1
2403,?get_accName@CWnd@@UAEJUtagVARIANT@@PAPA_W@Z,0x0008e158,code,1
2405,?get_accParent@CWnd@@UAEJPAPAUIDispatch@@@Z,0x0008e117,code,1
2407,?get_accRole@CCheckListBox@@MAEJUtagVARIANT@@PAU2@@Z,0x0009fe8b,code,1
2408,?get_accRole@CWnd@@UAEJUtagVARIANT@@PAU2@@Z,0x0008e1bb,code,1
2410,?get_accSelection@CWnd@@UAEJPAUtagVARIANT@@@Z,0x0008e274,code,1
2412,?get_accState@CCheckListBox@@MAEJUtagVARIANT@@PAU2@@Z,0x0009fb0a,code,1
2413,?get_accState@CWnd@@UAEJUtagVARIANT@@PAU2@@Z,0x0008e1dc,code,1
2415,?get_accValue@CWnd@@UAEJUtagVARIANT@@PAPA_W@Z,0x0008e179,code,1
2424,?GetActiveDocument@CFrameWnd@@UAEPAVCDocument@@XZ,0x00032365,code,1
2425,?GetActiveFrame@CFrameWnd@@UAEPAV1@XZ,0x0001976e,code,1
2468,?GetBuffer@?$CSimpleStringT@D$00@ATL@@QAEPADH@Z,0x0001102a,code,2
2477,?GetButtonInfo@CToolBar@@QBEXHAAI0AAH@Z,0x00096b23,code,1
2494,?GetCheck@CCheckListBox@@QAEHH@Z,0x0009f842,code,1
2533,?GetCommandMap@CCmdTarget@@MBEPBUAFX_OLECMDMAP@@XZ,0x00090f6c,code,2
2537,?GetConnectionHook@CCmdTarget@@MAEPAUIConnectionPoint@@ABU_GUID@@@Z,0x00034d50,code,6
2540,?GetConnectionMap@CCmdTarget@@MBEPBUAFX_CONNECTIONMAP@@XZ,0x00090f5e,code,2
2614,?GetDefaultAccelerator@CDocument@@UAEPAUHACCEL__@@XZ,0x00002b0b,code,2
2615,?GetDefaultAccelerator@CFrameWnd@@UAEPAUHACCEL__@@XZ,0x0001a0b4,code,1
2621,?GetDefaultMenu@CDocument@@UAEPAUHMENU__@@XZ,0x00002b0b,code,2
2644,?GetDispatchIID@CCmdTarget@@UAEHPAU_GUID@@@Z,0x00034d50,code,6
2646,?GetDispatchMap@CCmdTarget@@MBEPBUAFX_DISPMAP@@XZ,0x00090f03,code,2
2657,?GetDlgItem@CWnd@@QBEPAV1@H@Z,0x00013d03,code,1
2714,?GetEventSinkMap@CCmdTarget@@MBEPBUAFX_EVENTSINKMAP@@XZ,0x00090f1c,code,2
2731,?GetExtraConnectionPoints@CCmdTarget@@MAEHPAVCPtrArray@@@Z,0x00034d50,code,6
2742,?GetFile@CDocument@@UAEPAVCFile@@PBDIPAVCFileException@@@Z,0x00093711,code,1
2768,?GetFirstViewPosition@CDocument@@UBEPAU__POSITION@@XZ,0x000347d2,code,1
2835,?GetInterfaceHook@CCmdTarget@@UAEPAUIUnknown@@PBX@Z,0x00034d50,code,6
2838,?GetInterfaceMap@CCmdTarget@@MBEPBUAFX_INTERFACEMAP@@XZ,0x00034da5,code,2
2862,?GetInterfaceMap@CWnd@@MBEPBUAFX_INTERFACEMAP@@XZ,0x00034e59,code,2
2866,?GetItemData@CListCtrl@@QBEKH@Z,0x00088e3b,code,1
2867,?GetItemData@CTreeCtrl@@QBEKPAU_TREEITEM@@@Z,0x00088f66,code,1
2876,?GetItemRect@CTreeCtrl@@QBEHPAU_TREEITEM@@PAUtagRECT@@H@Z,0x00088ecf,code,1
2882,?GetItemText@CListCtrl@@QBE?AV?$CStringT@DV?$StrTraitMFC_DLL@DV?$ChTraitsCRT@D@ATL@@@@@ATL@@HH@Z,0x00089d6c,code,1
2884,?GetItemText@CTreeCtrl@@QBE?AV?$CStringT@DV?$StrTraitMFC_DLL@DV?$ChTraitsCRT@D@ATL@@@@@ATL@@PAU_TREEITEM@@@Z,0x00089e12,code,1
2899,?GetLBText@CComboBox@@QBEXHAAV?$CStringT@DV?$StrTraitMFC_DLL@DV?$ChTraitsCRT@D@ATL@@@@@ATL@@@Z,0x0000994e,code,1
2931,?GetMainWnd@CWinThread@@UAEPAVCWnd@@XZ,0x00028ffa,code,1
2933,?GetManager@?$CSimpleStringT@D$00@ATL@@QBEPAUIAtlStringMgr@2@XZ,0x00048c52,code,2
2939,?GetMessageBar@CFrameWnd@@UAEPAVCWnd@@XZ,0x00034832,code,1
2941,?GetMessageMap@CCheckListBox@@MBEPBUAFX_MSGMAP@@XZ,0x00031190,code,2
2948,?GetMessageMap@CDialog@@MBEPBUAFX_MSGMAP@@XZ,0x00030058,code,2
2958,?GetMessageMap@CListCtrl@@MBEPBUAFX_MSGMAP@@XZ,0x00030ffc,code,2
2974,?GetMessageMap@CPropertyPage@@MBEPBUAFX_MSGMAP@@XZ,0x00010128,code,2
2983,?GetMessageMap@CTabCtrl@@MBEPBUAFX_MSGMAP@@XZ,0x000310bc,code,2
2987,?GetMessageMap@CTreeCtrl@@MBEPBUAFX_MSGMAP@@XZ,0x00031060,code,2
2991,?GetMessageMap@CWnd@@MBEPBUAFX_MSGMAP@@XZ,0x0002fd76,code,2
2992,?GetMessageString@CFrameWnd@@UBEXIAAV?$CStringT@DV?$StrTraitMFC_DLL@DV?$ChTraitsCRT@D@ATL@@@@@ATL@@@Z,0x00034987,code,1
3040,?GetNextView@CDocument@@UBEPAVCView@@AAPAU__POSITION@@@Z,0x000349cd,code,1
3056,?GetOFN@CFileDialog@@QAEAAUtagOFNA@@XZ,0x00086cb4,code,2
3085,?GetParentFrame@CWnd@@QBEPAVCFrameWnd@@XZ,0x000317cf,code,1
3088,?GetPathName@CFileDialog@@QBE?AV?$CStringT@DV?$StrTraitMFC_DLL@DV?$ChTraitsCRT@D@ATL@@@@@ATL@@XZ,0x000871b7,code,1
3109,?GetProfileIntA@CWinApp@@QAEIPBD0H@Z,0x0000b8c2,code,1
3110,?GetProfileStringA@CWinApp@@QAE?AV?$CStringT@DV?$StrTraitMFC_DLL@DV?$ChTraitsCRT@D@ATL@@@@@ATL@@PBD00@Z,0x0000bb55,code,1
3161,?GetRuntimeClass@CBitmap@@UBEPAUCRuntimeClass@@XZ,0x000add9c,code,2
3163,?GetRuntimeClass@CBrush@@UBEPAUCRuntimeClass@@XZ,0x000add54,code,2
3164,?GetRuntimeClass@CButton@@UBEPAUCRuntimeClass@@XZ,0x00017b98,code,2
3167,?GetRuntimeClass@CCheckListBox@@UBEPAUCRuntimeClass@@XZ,0x000a9fd9,code,2
3171,?GetRuntimeClass@CComboBox@@UBEPAUCRuntimeClass@@XZ,0x00017bf1,code,2
3182,?GetRuntimeClass@CDialog@@UBEPAUCRuntimeClass@@XZ,0x0000d82c,code,2
3183,?GetRuntimeClass@CDialogBar@@UBEPAUCRuntimeClass@@XZ,0x000182c1,code,2
3195,?GetRuntimeClass@CEdit@@UBEPAUCRuntimeClass@@XZ,0x00017c1e,code,2
3204,?GetRuntimeClass@CFont@@UBEPAUCRuntimeClass@@XZ,0x000add78,code,2
3210,?GetRuntimeClass@CGdiObject@@UBEPAUCRuntimeClass@@XZ,0x000add2c,code,2
3229,?GetRuntimeClass@CListBox@@UBEPAUCRuntimeClass@@XZ,0x00017bc4,code,2
3230,?GetRuntimeClass@CListCtrl@@UBEPAUCRuntimeClass@@XZ,0x00017df2,code,2
3244,?GetRuntimeClass@CMenu@@UBEPAUCRuntimeClass@@XZ,0x000ade23,code,2
3255,?GetRuntimeClass@CObject@@UBEPAUCRuntimeClass@@XZ,0x0001790f,code,2
3287,?GetRuntimeClass@CPen@@UBEPAUCRuntimeClass@@XZ,0x000add32,code,2
3292,?GetRuntimeClass@CProgressCtrl@@UBEPAUCRuntimeClass@@XZ,0x00017cd8,code,2
3293,?GetRuntimeClass@CPropertyPage@@UBEPAUCRuntimeClass@@XZ,0x0000d863,code,2
3302,?GetRuntimeClass@CRgn@@UBEPAUCRuntimeClass@@XZ,0x000addc4,code,2
3304,?GetRuntimeClass@CRichEditCtrl@@UBEPAUCRuntimeClass@@XZ,0x00017e7f,code,2
3312,?GetRuntimeClass@CSliderCtrl@@UBEPAUCRuntimeClass@@XZ,0x00017ca8,code,2
3317,?GetRuntimeClass@CStatic@@UBEPAUCRuntimeClass@@XZ,0x00017b6d,code,2
3324,?GetRuntimeClass@CTabCtrl@@UBEPAUCRuntimeClass@@XZ,0x00017d99,code,2
3328,?GetRuntimeClass@CTreeCtrl@@UBEPAUCRuntimeClass@@XZ,0x00017dc5,code,2
3333,?GetRuntimeClass@CWinApp@@UBEPAUCRuntimeClass@@XZ,0x000ae587,code,2
3337,?GetRuntimeClass@CWnd@@UBEPAUCRuntimeClass@@XZ,0x00017964,code,2
3344,?GetScrollBarCtrl@CView@@UBEPAVCScrollBar@@H@Z,0x000180fe,code,1
3345,?GetScrollBarCtrl@CWnd@@UBEPAVCScrollBar@@H@Z,0x00034d50,code,6
3357,?GetSel@CRichEditCtrl@@QBEXAAJ0@Z,0x00019217,code,1
3389,?GetStatus@CFile@@SGHPBDAAUCFileStatus@@@Z,0x0008d87a,code,1
3401,?GetStyle@CWnd@@QBEKXZ,0x00033313,code,1
3403,?GetSuperWndProcAddr@CWnd@@MAEPAP6GJPAUHWND__@@IIJ@ZXZ,0x00033b11,code,1
3406,?GetText@CListBox@@QBEXHAAV?$CStringT@DV?$StrTraitMFC_DLL@DV?$ChTraitsCRT@D@ATL@@@@@ATL@@@Z,0x0009f632,code,1
3441,?GetThisClass@CDialog@@SGPAUCRuntimeClass@@XZ,0x0000d82c,code,2
3450,?GetThisClass@CDocument@@SGPAUCRuntimeClass@@XZ,0x0003228d,code,2
3466,?GetThisClass@CFrameWnd@@SGPAUCRuntimeClass@@XZ,0x00018e87,code,2
3553,?GetThisClass@CPropertySheet@@SGPAUCRuntimeClass@@XZ,0x000aa050,code,2
3591,?GetThisClass@CView@@SGPAUCRuntimeClass@@XZ,0x0000d430,code,2
3641,?GetThisMessageMap@CDialog@@KGPBUAFX_MSGMAP@@XZ,0x00030058,code,2
3642,?GetThisMessageMap@CDialogBar@@KGPBUAFX_MSGMAP@@XZ,0x000336a8,code,2
3645,?GetThisMessageMap@CDocument@@KGPBUAFX_MSGMAP@@XZ,0x00031728,code,2
3648,?GetThisMessageMap@CFrameWnd@@KGPBUAFX_MSGMAP@@XZ,0x00030400,code,2
3667,?GetThisMessageMap@CPropertyPage@@KGPBUAFX_MSGMAP@@XZ,0x00010128,code,2
3668,?GetThisMessageMap@CPropertySheet@@KGPBUAFX_MSGMAP@@XZ,0x00031308,code,2
3680,?GetThisMessageMap@CTreeCtrl@@KGPBUAFX_MSGMAP@@XZ,0x00031060,code,2
3682,?GetThisMessageMap@CView@@KGPBUAFX_MSGMAP@@XZ,0x00030128,code,2
3683,?GetThisMessageMap@CWinApp@@KGPBUAFX_MSGMAP@@XZ,0x000316f0,code,2
3684,?GetThisMessageMap@CWnd@@KGPBUAFX_MSGMAP@@XZ,0x0002fd76,code,2
3694,?GetTopLevelFrame@CWnd@@QBEPAVCFrameWnd@@XZ,0x00031e57,code,1
3709,?GetTypeInfoCount@CCmdTarget@@UAEIXZ,0x00031e54,code,4
3718,?GetTypeLib@CCmdTarget@@UAEJKPAPAUITypeLib@@@Z,0x00090efb,code,1
3719,?GetTypeLibCache@CCmdTarget@@UAEPAVCTypeLibCache@@XZ,0x00031e54,code,4
3760,?GetWindowTextA@CWnd@@QBEHPADH@Z,0x0000cba7,code,1
3761,?GetWindowTextA@CWnd@@QBEXAAV?$CStringT@DV?$StrTraitMFC_DLL@DV?$ChTraitsCRT@D@ATL@@@@@ATL@@@Z,0x00018f43,code,1
3762,?GetWindowTextLengthA@CWnd@@QBEHXZ,0x00090e9a,code,1
3799,?HitTest@CTreeCtrl@@QBEPAU_TREEITEM@@VCPoint@@PAI@Z,0x00089064,code,1
3801,?HtmlHelpA@CWinApp@@UAEXKI@Z,0x00091321,code,1
3802,?HtmlHelpA@CWnd@@UAEXKI@Z,0x0008f98a,code,1
3806,?InitApplication@CWinApp@@UAEHXZ,0x0000af3c,code,1
3832,?InitLibId@CWinApp@@UAEXXZ,0x00010d79,code,3
3875,?InsertColumn@CListCtrl@@QAEHHPBDHHH@Z,0x000897d1,code,1
3879,?InsertItem@CListCtrl@@QAEHIHPBDIIHJ@Z,0x00089824,code,1
3881,?InsertItem@CTabCtrl@@QAEJIHPBDHJ@Z,0x000893f5,code,1
3883,?InsertItem@CTreeCtrl@@QAEPAU_TREEITEM@@IPBDHHIIJPAU2@1@Z,0x00089010,code,1
3929,?IsDockBar@CControlBar@@UBEHXZ,0x00036639,code,1
3945,?IsFrameWnd@CFrameWnd@@UBEHXZ,0x000319a8,code,3
3946,?IsFrameWnd@CWnd@@UBEHXZ,0x00031e54,code,4
3948,?IsIdleMessage@CWinThread@@UAEHPAUtagMSG@@@Z,0x000291db,code,1
3949,?IsInvokeAllowed@CCmdTarget@@UAEHJ@Z,0x0000721c,code,1
3952,?IsKindOf@CObject@@QBEHPBUCRuntimeClass@@@Z,0x000358a5,code,1
3974,?IsSelected@CView@@UBEHPBVCObject@@@Z,0x00093f81,code,1
3987,?IsVisible@CControlBar@@UBEHXZ,0x000343cc,code,1
3989,?IsWindowEnabled@CWnd@@QBEHXZ,0x00035570,code,1
3991,?ItemHasChildren@CTreeCtrl@@QBEHPAU_TREEITEM@@@Z,0x00088f94,code,1
4001,?LineTo@CDC@@QAEHHH@Z,0x00019460,code,1
4014,?LoadAppLangResourceDLL@CWinApp@@UAEPAUHINSTANCE__@@XZ,0x000ae3d8,code,1
4019,?LoadFrame@CFrameWnd@@UAEHIKPAVCWnd@@PAUCCreateContext@@@Z,0x0000b4a6,code,1
4031,?LoadStdProfileSettings@CWinApp@@IAEXI@Z,0x0000be28,code,1
4035,?LoadStringA@?$CStringT@DV?$StrTraitMFC_DLL@DV?$ChTraitsCRT@D@ATL@@@@@ATL@@QAEHI@Z,0x00013789,code,1
4038,?LoadSysPolicies@CWinApp@@UAEHXZ,0x0000b04c,code,1
4041,?LoadToolBar@CToolBar@@QAEHPBD@Z,0x000a9db9,code,1
4081,?MakeLower@?$CStringT@DV?$StrTraitMFC_DLL@DV?$ChTraitsCRT@D@ATL@@@@@ATL@@QAEAAV12@XZ,0x00049fc8,code,1
4096,?MeasureItem@CCheckListBox@@UAEXPAUtagMEASUREITEMSTRUCT@@@Z,0x0003875a,code,11
4098,?MeasureItem@CComboBox@@UAEXPAUtagMEASUREITEMSTRUCT@@@Z,0x0003875a,code,11
4099,?MeasureItem@CListBox@@UAEXPAUtagMEASUREITEMSTRUCT@@@Z,0x0003875a,code,11
4100,?MeasureItem@CMenu@@UAEXPAUtagMEASUREITEMSTRUCT@@@Z,0x0000d6bd,code,6
4104,?MessageBoxA@CWnd@@QAEHPBD0I@Z,0x0008e54b,code,1
4115,?ModifyStyle@CWnd@@QAEHKKI@Z,0x0001212e,code,1
4123,?MoveTo@CDC@@QAE?AVCPoint@@HH@Z,0x0001941d,code,1
4125,?MoveWindow@CWnd@@QAEXHHHHH@Z,0x000908ff,code,1
4135,?NegotiateBorderSpace@CFrameWnd@@UAEHIPAUtagRECT@@@Z,0x0009d54f,code,1
4172,?OnActivateFrame@CView@@MAEXIPAVCFrameWnd@@@Z,0x00035553,code,3
4181,?OnActivateView@CView@@MAEXHPAV1@0@Z,0x00035843,code,1
4185,?OnAmbientProperty@CWnd@@UAEHPAVCOleControlSite@@JPAUtagVARIANT@@@Z,0x000907ca,code,1
4190,?OnApply@CPropertyPage@@UAEHXZ,0x000a0d09,code,1
4196,?OnBarStyleChange@CControlBar@@UAEXKK@Z,0x000a9d05,code,1
4204,?OnBeginPrinting@CView@@MAEXPAVCDC@@PAUCPrintInfo@@@Z,0x00035553,code,3
4212,?OnCancel@CDialog@@MAEXXZ,0x0008face,code,1
4213,?OnCancel@CPropertyPage@@UAEXXZ,0x00038aba,code,3
4222,?OnChangedViewList@CDocument@@UAEXXZ,0x00035831,code,1
4232,?OnChildNotify@CButton@@MAEHIIJPAJ@Z,0x0000db93,code,2
4233,?OnChildNotify@CCheckListBox@@MAEHIIJPAJ@Z,0x000a0755,code,1
4234,?OnChildNotify@CComboBox@@MAEHIIJPAJ@Z,0x000384c2,code,1
4237,?OnChildNotify@CListBox@@MAEHIIJPAJ@Z,0x0009f52c,code,1
4238,?OnChildNotify@CListCtrl@@MAEHIIJPAJ@Z,0x00088e7d,code,4
4240,?OnChildNotify@CStatic@@MAEHIIJPAJ@Z,0x0000db93,code,2
4243,?OnChildNotify@CTabCtrl@@MAEHIIJPAJ@Z,0x00088e7d,code,4
4244,?OnChildNotify@CWnd@@MAEHIIJPAJ@Z,0x00033b68,code,1
4257,?OnCloseDocument@CDocument@@UAEXXZ,0x0003611f,code,1
4261,?OnCmdMsg@CCmdTarget@@UAEHIHPAXPAUAFX_CMDHANDLERINFO@@@Z,0x00031859,code,1
4262,?OnCmdMsg@CDialog@@UAEHIHPAXPAUAFX_CMDHANDLERINFO@@@Z,0x0000db1b,code,1
4264,?OnCmdMsg@CDocument@@UAEHIHPAXPAUAFX_CMDHANDLERINFO@@@Z,0x00032092,code,1
4265,?OnCmdMsg@CFrameWnd@@UAEHIHPAXPAUAFX_CMDHANDLERINFO@@@Z,0x00031d8c,code,1
4272,?OnCmdMsg@CPropertySheet@@UAEHIHPAXPAUAFX_CMDHANDLERINFO@@@Z,0x000a12dc,code,1
4273,?OnCmdMsg@CView@@UAEHIHPAXPAUAFX_CMDHANDLERINFO@@@Z,0x00031ff0,code,1
4277,?OnCommand@CFrameWnd@@MAEHIJ@Z,0x00035e26,code,1
4280,?OnCommand@CPropertySheet@@UAEHIJ@Z,0x000a0e27,code,1
4282,?OnCommand@CWnd@@MAEHIJ@Z,0x00035c7a,code,1
4299,?OnCreate@CFrameWnd@@IAEHPAUtagCREATESTRUCTA@@@Z,0x0000c7ca,code,1
4306,?OnCreate@CView@@IAEHPAUtagCREATESTRUCTA@@@Z,0x0001240c,code,1
4307,?OnCreateAggregates@CCmdTarget@@UAEHXZ,0x000319a8,code,3
4309,?OnCreateClient@CFrameWnd@@MAEHPAUtagCREATESTRUCTA@@PAUCCreateContext@@@Z,0x0000d5e4,code,1
4326,?OnDDECommand@CWinApp@@UAEHPAD@Z,0x0009cc48,code,1
4342,?OnDestroy@CFrameWnd@@IAEXXZ,0x00036018,code,1
4352,?OnDestroy@CView@@IAEXXZ,0x00036714,code,1
4353,?OnDestroy@CWnd@@IAEXXZ,0x000365d6,code,1
4379,?OnDragEnter@CView@@UAEKPAVCOleDataObject@@KVCPoint@@@Z,0x00093f93,code,3
4381,?OnDragLeave@CView@@UAEXXZ,0x000935b1,code,3
4384,?OnDragOver@CView@@UAEKPAVCOleDataObject@@KVCPoint@@@Z,0x00093f93,code,3
4386,?OnDragScroll@CView@@UAEKKVCPoint@@@Z,0x00093f8b,code,1
4399,?OnDrop@CView@@UAEHPAVCOleDataObject@@KVCPoint@@@Z,0x00093f93,code,3
4401,?OnDropEx@CView@@UAEKPAVCOleDataObject@@KKVCPoint@@@Z,0x00093f98,code,1
4443,?OnEndPrinting@CView@@MAEXPAVCDC@@PAUCPrintInfo@@@Z,0x00035553,code,3
4444,?OnEndPrintPreview@CView@@MAEXPAVCDC@@PAUCPrintInfo@@UtagPOINT@@PAVCPreviewView@@@Z,0x00019b8f,code,1
4467,?OnFileNew@CWinApp@@IAEXXZ,0x000031bc,code,1
4469,?OnFileOpen@CWinApp@@IAEXXZ,0x0009ce54,code,1
4471,?OnFilePrint@CView@@IAEXXZ,0x00009060,code,1
4472,?OnFilePrintPreview@CView@@IAEXXZ,0x0001366d,code,1
4473,?OnFilePrintSetup@CWinApp@@IAEXXZ,0x000c4741,code,1
4481,?OnFinalRelease@CCmdTarget@@UAEXXZ,0x00090f30,code,1
4482,?OnFinalRelease@CDocument@@UAEXXZ,0x00093578,code,1
4486,?OnFinalRelease@CWnd@@UAEXXZ,0x00007868,code,1
4508,?OnGetCheckPosition@CCheckListBox@@UAE?AVCRect@@V2@0@Z,0x0009f88e,code,1
4564,?OnHScroll@CWnd@@IAEXIIPAVCScrollBar@@@Z,0x0008f1d1,code,2
4566,?OnIdle@CDocument@@UAEXXZ,0x000935b1,code,3
4568,?OnIdle@CWinApp@@UAEHJ@Z,0x0001741e,code,1
4580,?OnInitDialog@CDialog@@UAEHXZ,0x0000d759,code,1
4583,?OnInitDialog@CPropertySheet@@UAEHXZ,0x000a16ea,code,1
4591,?OnInitialUpdate@CView@@UAEXXZ,0x00010b54,code,1
4617,?OnKillActive@CPropertyPage@@UAEHXZ,0x000a0d33,code,1
4705,?OnNewDocument@CDocument@@UAEHXZ,0x0000d366,code,1
4720,?OnNotify@CPropertyPage@@MAEHIJPAJ@Z,0x000a0f8b,code,1
4722,?OnNotify@CWnd@@MAEHIJPAJ@Z,0x00016154,code,1
4735,?OnOK@CDialog@@MAEXXZ,0x000077ec,code,1
4736,?OnOK@CPropertyPage@@UAEXXZ,0x00038aba,code,3
4739,?OnOpenDocument@CDocument@@UAEHPBD@Z,0x00011517,code,1
4749,?OnPaint@CDialog@@IAEXXZ,0x0000d9d0,code,1
4777,?OnPrepareDC@CView@@UAEXPAVCDC@@PAUCPrintInfo@@@Z,0x00013c90,code,1
4781,?OnPreparePrinting@CView@@MAEHPAUCPrintInfo@@@Z,0x00093f9e,code,1
4790,?OnPrint@CView@@MAEXPAVCDC@@PAUCPrintInfo@@@Z,0x00093f6f,code,1
4797,?OnQueryCancel@CPropertyPage@@UAEHXZ,0x000a0d41,code,1
4844,?OnReset@CPropertyPage@@UAEXXZ,0x000a0d15,code,1
4852,?OnSaveDocument@CDocument@@UAEHPBD@Z,0x00093d2c,code,1
4861,?OnScroll@CView@@UAEHIIH@Z,0x00093f86,code,2
4864,?OnScrollBy@CView@@UAEHVCSize@@H@Z,0x00093f86,code,2
4867,?OnSetActive@CPropertyPage@@UAEHXZ,0x000a0d1d,code,1
4890,?OnSetFont@CDialog@@UAEXPAVCFont@@@Z,0x0000d6bd,code,6
4904,?OnSetPreviewMode@CFrameWnd@@UAEXHPAUCPrintPreviewState@@@Z,0x00019771,code,1
4927,?OnSize@CFrameWnd@@IAEXIHH@Z,0x00017769,code,1
4967,?OnToolHitTest@CWnd@@UBEHVCPoint@@PAUtagTOOLINFOA@@@Z,0x0008dfd7,code,1
4980,?OnUpdate@CView@@MAEXPAV1@JPAVCObject@@@Z,0x00010b44,code,1
4986,?OnUpdateCmdUI@CDialogBar@@UAEXPAVCFrameWnd@@H@Z,0x0001429b,code,2
5009,?OnUpdateFrameMenu@CFrameWnd@@UAEXPAUHMENU__@@@Z,0x0009d0e9,code,1
5012,?OnUpdateFrameTitle@CFrameWnd@@UAEXH@Z,0x00019591,code,1
5054,?OnVKeyToItem@CWnd@@IAEHIPAVCListBox@@I@Z,0x0008f27b,code,2
5070,?OnWizardBack@CPropertyPage@@UAEJXZ,0x000a400a,code,4
5071,?OnWizardFinish@CPropertyPage@@UAEHXZ,0x000a0d45,code,1
5072,?OnWizardNext@CPropertyPage@@UAEJXZ,0x000a400a,code,4
5073,?OnWndMsg@CWnd@@MAEHIIJPAJ@Z,0x0002dfdb,code,1
5102,?OpenDocumentFile@CWinApp@@UAEPAVCDocument@@PBD@Z,0x00011668,code,1
5119,?ParseCommandLine@CWinApp@@QAEXAAVCCommandLineInfo@@@Z,0x0000c1f2,code,1
5124,?ParseParam@CCommandLineInfo@@UAEXPBDHH@Z,0x0000f37b,code,1
5145,?PostNcDestroy@CControlBar@@UAEXXZ,0x0003667e,code,1
5148,?PostNcDestroy@CFrameWnd@@MAEXXZ,0x00035b65,code,1
5151,?PostNcDestroy@CView@@MAEXXZ,0x00036742,code,1
5152,?PostNcDestroy@CWnd@@MAEXXZ,0x00033b10,code,3
5156,?PreCloseFrame@CDocument@@UAEXPAVCFrameWnd@@@Z,0x00093f7e,code,3
5161,?PreCreateWindow@CControlBar@@UAEHAAUtagCREATESTRUCTA@@@Z,0x000122e1,code,1
5165,?PreCreateWindow@CFrameWnd@@MAEHAAUtagCREATESTRUCTA@@@Z,0x0000c01e,code,1
5174,?PreCreateWindow@CView@@MAEHAAUtagCREATESTRUCTA@@@Z,0x000123e0,code,1
5175,?PreCreateWindow@CWnd@@UAEHAAUtagCREATESTRUCTA@@@Z,0x00012156,code,1
5182,?PreInitDialog@CDialog@@MAEXXZ,0x00033b10,code,3
5200,?PreSubclassWindow@CWnd@@UAEXXZ,0x00033b10,code,3
5202,?PreTranslateMessage@CControlBar@@UAEHPAUtagMSG@@@Z,0x000189a5,code,1
5203,?PreTranslateMessage@CDialog@@UAEHPAUtagMSG@@@Z,0x00006d7c,code,1
5205,?PreTranslateMessage@CFrameWnd@@UAEHPAUtagMSG@@@Z,0x0002926d,code,1
5211,?PreTranslateMessage@CPropertyPage@@MAEHPAUtagMSG@@@Z,0x000a0d6f,code,1
5212,?PreTranslateMessage@CPropertySheet@@UAEHPAUtagMSG@@@Z,0x000a127b,code,1
5213,?PreTranslateMessage@CWinThread@@UAEHPAUtagMSG@@@Z,0x00029114,code,1
5214,?PreTranslateMessage@CWnd@@UAEHPAUtagMSG@@@Z,0x000291e8,code,1
5224,?ProcessMessageFilter@CWinThread@@UAEHHPAUtagMSG@@@Z,0x000323c3,code,1
5225,?ProcessShellCommand@CWinApp@@QAEHAAVCCommandLineInfo@@@Z,0x000109cc,code,1
5226,?ProcessWndProcException@CWinApp@@UAEJPAVCException@@PBUtagMSG@@@Z,0x000911da,code,1
5233,?put_accName@CWnd@@UAEJUtagVARIANT@@PA_W@Z,0x0008e34c,code,2
5235,?put_accValue@CWnd@@UAEJUtagVARIANT@@PA_W@Z,0x0008e34c,code,2
5320,?Read@CArchive@@QAEIPAXI@Z,0x0000df83,code,1
5355,?RecalcDelayShow@CControlBar@@UAEKPAUAFX_SIZEPARENTPARAMS@@@Z,0x000169c2,code,1
5356,?RecalcLayout@CFrameWnd@@UAEXH@Z,0x0001607f,code,1
5382,?Register@CWinApp@@UAEHXZ,0x000aeeb1,code,2
5403,?ReleaseBuffer@?$CSimpleStringT@D$00@ATL@@QAEXH@Z,0x0002a479,code,1
5412,?ReleaseFile@CDocument@@UAEXPAVCFile@@H@Z,0x000114f3,code,1
5420,?Remove@CFile@@SGXPBD@Z,0x0008c9b1,code,1
5484,?Rename@CFile@@SGXPBD0@Z,0x0008c98c,code,1
5491,?Replace@?$CStringT@DV?$StrTraitMFC_DLL@DV?$ChTraitsCRT@D@ATL@@@@@ATL@@QAEHPBD0@Z,0x00049dd6,code,1
5495,?ReportSaveLoadException@CDocument@@UAEXPBDPAVCException@@HI@Z,0x00093787,code,1
5497,?RepositionBars@CWnd@@QAEXIIIIPAUtagRECT@@PBU2@H@Z,0x00015f64,code,1
5566,?Run@CWinApp@@UAEHXZ,0x00010a52,code,1
5583,?SaveAllModified@CWinApp@@UAEHXZ,0x00004bdb,code,1
5584,?SaveBarState@CFrameWnd@@QBEXPBD@Z,0x00098f8a,code,1
5592,?SaveModified@CDocument@@UAEHXZ,0x00036500,code,1
5613,?ScreenToClient@CWnd@@QBEXPAUtagRECT@@@Z,0x000343ef,code,1
5622,?ScrollWindow@CWnd@@QAEXHHPBUtagRECT@@0@Z,0x00003fc9,code,1
5637,?SelectGdiObject@CDC@@KGPAVCGdiObject@@PAUHDC__@@PAX@Z,0x0000df4c,code,1
5640,?SelectObject@CDC@@QAEPAVCBrush@@PAV2@@Z,0x00018de8,code,3
5641,?SelectObject@CDC@@QAEPAVCPen@@PAV2@@Z,0x00018de8,code,3
5737,?SetButtonInfo@CToolBar@@QAEXHIIH@Z,0x0000ec5f,code,1
5744,?SetCheck@CCheckListBox@@QAEXHH@Z,0x000a04a8,code,1
5796,?SetDefaultCharFormat@CRichEditCtrl@@QAEHAAUCHARFORMAT2A@@@Z,0x0008a1ee,code,1
5833,?SetFocus@CWnd@@QAEPAV1@XZ,0x000176ae,code,1
5859,?SetIndicators@CStatusBar@@QAEHPBIH@Z,0x0000cfe2,code,1
5866,?SetItem@CListCtrl@@QAEHHHIPBDHIIJ@Z,0x00089870,code,1
5868,?SetItem@CTreeCtrl@@QAEHPAU_TREEITEM@@IPBDHHIIJ@Z,0x00088fc2,code,1
5871,?SetItemState@CListCtrl@@QAEHHII@Z,0x00088da0,code,1
5873,?SetItemText@CListCtrl@@QAEHHHPBD@Z,0x00088dcb,code,1
5894,?SetMessageText@CFrameWnd@@QAEXPBD@Z,0x000114c8,code,1
5912,?SetOccDialogInfo@CDialog@@MAEHPAU_AFX_OCC_DIALOG_INFO@@@Z,0x0008fa46,code,1
5913,?SetOccDialogInfo@CDialogBar@@MAEHPAU_AFX_OCC_DIALOG_INFO@@@Z,0x00097001,code,1
5915,?SetOccDialogInfo@CWnd@@MAEHPAU_AFX_OCC_DIALOG_INFO@@@Z,0x00034d50,code,6
5934,?SetPathName@CDocument@@UAEXPBDH@Z,0x00011894,code,1
5960,?SetProxy@CWnd@@UAEJPAUIAccessibleProxy@@@Z,0x0008e36d,code,1
5969,?SetRange@CSliderCtrl@@QAEXHHH@Z,0x000898b5,code,1
5975,?SetRegistryKey@CWinApp@@IAEXPBD@Z,0x0000dcb3,code,1
5986,?SetScrollPos@CWnd@@QAEHHHH@Z,0x00013975,code,1
5987,?SetScrollRange@CWnd@@QAEXHHHH@Z,0x0008e57d,code,1
5991,?SetSel@CRichEditCtrl@@QAEXJJ@Z,0x000103bc,code,1
5993,?SetSelectionCharFormat@CRichEditCtrl@@QAEHAAU_charformat@@@Z,0x00010403,code,1
5994,?SetSelectionCharFormat@CRichEditCtrl@@QAEHAAUCHARFORMAT2A@@@Z,0x0008a20c,code,1
6014,?SetStatusText@CControlBar@@UAEHH@Z,0x00096a4d,code,1
6017,?SetStretchBltMode@CDC@@QAEHH@Z,0x00014139,code,1
6043,?SetTitle@CDocument@@UAEXPBD@Z,0x0000fca2,code,1
6057,?SetViewportOrg@CDC@@UAE?AVCPoint@@HH@Z,0x000181c6,code,1
6065,?SetWindowPos@CWnd@@QAEHPBV1@HHHHI@Z,0x0003463e,code,1
6067,?SetWindowTextA@CWnd@@QAEXPBD@Z,0x000347b8,code,1
6090,?ShowWindow@CWnd@@QAEHH@Z,0x00034ad0,code,1
6118,?StringLength@?$CSimpleStringT@D$00@ATL@@SAHPBD@Z,0x0004881c,code,2
6120,?SubclassWindow@CWnd@@QAEHPAUHWND__@@@Z,0x0000db50,code,1
6144,?TrackPopupMenu@CMenu@@QAEHIHHPAVCWnd@@PBUtagRECT@@@Z,0x0008e3f6,code,1
6174,?TrimLeft@?$CStringT@DV?$StrTraitMFC_DLL@DV?$ChTraitsCRT@D@ATL@@@@@ATL@@QAEAAV12@XZ,0x0004a05c,code,1
6180,?TrimRight@?$CStringT@DV?$StrTraitMFC_DLL@DV?$ChTraitsCRT@D@ATL@@@@@ATL@@QAEAAV12@XZ,0x0004a010,code,1
6219,?Unregister@CWinApp@@UAEHXZ,0x000ae724,code,1
6236,?UpdateData@CWnd@@QAEHH@Z,0x0000d6e4,code,1
6238,?UpdateFrameCounts@CDocument@@UAEXXZ,0x00035788,code,1
6266,?VKeyToItem@CListBox@@UAEHII@Z,0x0009f524,code,2
6269,?WindowProc@CControlBar@@UAEJIIJ@Z,0x00033357,code,1
6275,?WindowProc@CWnd@@MAEJIIJ@Z,0x0002e08e,code,1
6276,?WinHelpA@CWinApp@@UAEXKI@Z,0x000912ed,code,1
6277,?WinHelpA@CWnd@@UAEXKI@Z,0x0008f910,code,1
6278,?WinHelpInternal@CWinApp@@UAEXKI@Z,0x00091358,code,1
6279,?WinHelpInternal@CWnd@@UAEXKI@Z,0x0008e4f7,code,1
6283,?wndTopMost@CWnd@@2V1@B,0x000df8b8,data,1
6305,?WriteProfileInt@CWinApp@@QAEHPBD0H@Z,0x00038b6e,code,1
6306,?WriteProfileStringA@CWinApp@@QAEHPBD00@Z,0x00036c0b,code,1
