size,rva,pinned_name,zh_twin,dump_file
4714,0x989a20,??0ParticleBufferClass@@QAE@ABV0@@Z,,ParticleBufferClass_copy_ctor.asm
3726,0x7be000,?updateMeshVolume@W3DVolumetricShadow@@IAEXHHPBVMatrix3D@@ABVAABoxClass@@M@Z,,d_007be000.asm
2924,0x997c80,_luaV_execute,,d_009817d0.asm
2633,0x8af650,?rva008AF650Implementation@@YAXHHH@Z,,d_008af650.asm
2531,0x93a810,?Flush@SortingRendererClass@@SAXXZ,?Flush@SortingRendererClass@@SAXXZ,sortingrenderer_Flush.asm
2153,0x7073d0,?insertY@W3DRoadBufferInsertYShim@@QAE_NVVector2@@HM@Z,,d_007039e0.asm
2153,0x4b42f0,?gen004B42F0@@YAXPAX000@Z,,GadgetComboBoxSystem.asm
1983,0x93eb50,?helper_006f4660@@YGXHHHH@Z,,d_00939520.asm
1969,0x552100,?_bfme_update@BfmeAptScreenOnlineLogin@@UAEXXZ,,d_0054f920.asm
1935,0x545310,??0S4Guarded0055BCA0@@QAE@H@Z,,d_00545310.asm
1932,0xa41f0,?_bfme_updateSkirmishBattleHonors@@YAXPAVPlayer@@@Z,,d_0009fff0.asm
1814,0x4550c0,?write@MapCacheWriteCacheINIShim@@QAEX_N@Z,,d_004550c0.asm
1763,0x98ad00,?Render_Line@ParticleBufferClass@@IAEXAAVRenderInfoClass@@@Z,,ParticleBufferClass_Render_Line.asm
1757,0x8cbdf0,?gen008CBDF0@@YAXPAX0H0@Z,,d_008cb600.asm
1744,0x388c10,?_bfme_reportDesync@GameLogic@@QAEXXZ,,d_00384fd0.asm
1724,0x825680,?bfmeCallEMD@BfmeObjEMD@@QAEXPAX00@Z,,d_0081de40.asm
1714,0x4e3d40,?populateSideInfo@@YAXVUnicodeString@@PAUScoreGather@@HI@Z,,d_004d3970.asm
1692,0x81b010,_Rva0081B010,,d_00817640.asm
1684,0x6386f0,?generateGameSpyGameResultsPacket@GameSpyStagingRoom@@QAE?AVAsciiString@@_N@Z,,d_00630d60.asm
1636,0x5484e0,??0S4Guarded0055BAA0@@QAE@H@Z,,d_00545310.asm
1579,0x8d0f10,_bfmeStep1212A,,d_008cb600.asm
1552,0x55b200,?_bfme_sendStartQuickMatchRequest@BfmeAptScreenOnlineQuickMatch@@QAEXXZ,,d_00557c00.asm
1550,0x6b0e00,??0Gen006B0E00@@QAE@XZ,,d_006b0a60.asm
1524,0x172600,?onEnter@AIInternalMoveToStateOnEnterShim@@QAE?AW4StateReturnType@@XZ,,d_0016f340.asm
1511,0x8a3190,_bfmeHash1229,,d_008a0830.asm
1504,0x8d3c50,_bfmeHash1228,,d_008d1540.asm
1466,0x814770,_Rva00814770,,d_00811e20.asm
1457,0x2d18f0,?init@SpawnPointInitializeBonePositionsShim@@QAEXXZ,,d_002cf8c0.asm
1456,0x39f470,?run@IniParseObjectFilterShim@@SAXPAVINI@@PAX1PBX@Z,,d_00390400.asm
1426,0x813100,_Rva00813100@24,,d_00811e20.asm
1423,0x536dc0,??0S4Guarded0055BB20@@QAE@H@Z,,d_00536dc0.asm
1422,0x4e8dc0,?ScoreScreenInit@@YAXPAVWindowLayout@@PAX@Z,,d_004e5420.asm
1411,0x9e4680,?Load@INIClass@@QAEHAAVStraw@@@Z,,__Load_INIClass__QAEHAAVStraw___Z_9E4680.asm
1380,0x680980,?getCommandList@NetPacket@@QAEPAVNetCommandList@@XZ,,d_00679730.asm
1359,0x80f5a0,_Rva0080F5A0,,d_0080da50.asm
1315,0x92e890,?Render_Material_Pass@MeshClass@@QAEXPAVMaterialPassClass@@PAVIndexBufferClass@@@Z,,d_00927c30.asm
1305,0x3e9720,?updateGoal@Pathfinder@@QAEXPAVObject@@PBUCoord3D@@W4PathfindLayerEnum@@PBDH@Z,,d_003e5ca0.asm
1272,0x6d7ea0,?getModelVertices@W3DBridgeGetModelVerticesShim@@QAEHPAUVertexFormatXYZNDUV1@@HMAAVVector3@@111ABVMatrix3D@@PAVMeshClass@@PAV?$RefMultiListIterator@VRenderObjClass@@@@@Z,,d_006d2000.asm
1254,0x508660,?PopulateQMLadderListBox@BfmeAptScreenQuickMatchMenu@@QAEXPAVGameWindow@@@Z,,d_004e1090.asm
1251,0x4e3720,?setObserverWindows@@YAXPAVPlayer@@H@Z,,d_004d3970.asm
1244,0x9a3ad0,?bfmeGlobalCGD@@YAXXZ,,d_0099d0c0.asm
1225,0x817640,_Rva00817640,,d_00817640.asm
1206,0x3e9d80,?updatePos@Pathfinder@@QAEXPAVObject@@PBUCoord3D@@@Z,,d_003e5ca0.asm
1199,0x9f1510,?handle@Gen009F1510@@QAEXXZ,,d_009d9a30.asm
1186,0x4e3150,?hideWindows@@YAXH@Z,,d_004d3970.asm
1185,0x773360,??0W3DScriptedModelDraw@@QAE@PAVThing@@PBVModuleData@@@Z,,d_007690f0.asm
1166,0x172e70,?update@AIInternalMoveToStateUpdateShim@@QAE?AW4StateReturnType@@XZ,,d_0016f340.asm
1130,0x550ad0,?_bfme_checkLogin@BfmeAptScreenOnlineLogin@@QAEXXZ,,d_0054e1e0.asm
1110,0x82cb60,?_Rebalance_for_erase@?$_Rb_global@_N@_STL@@SAPAU_Rb_tree_node_base@2@PAU32@AAPAU32@11@Z,,d_0081de40.asm
1082,0x5538a0,??0S4Guarded0055BA20@@QAE@H@Z,,d_0054e1e0.asm
1078,0x38b430,?bfme_processLogicCRC@GameLogic@@QAEXIHIPAVGameMessage@@_NI@Z,,d_00384fd0.asm
1073,0x269c50,?handle@Gen00269C50@@QAEXXZ,,d_00266ef0.asm
1066,0x87f590,?getBestContactPoint@GeometryInfo@@QBE_NPAUCoord3D@@PBU2@PBDHH_N@Z,,d_0087af30.asm
1065,0x1ebeb0,?getAbleToAttackSpecificObject@WeaponSet@@QBE?AW4CanAttackResult@@W4AbleToAttackType@@PBVObject@@1W4CommandSourceType@@W4WeaponSlotType@@@Z,,d_001e7c30.asm
1063,0x508c80,?populateLadderList@BfmeQuickMatchLadderPanel@@QAEXXZ,,d_004f49e0.asm
1041,0x68a3e0,?OnGameStart@LANAPI@@UAEXXZ,,d_00686110.asm
